| Run on Wed Sep 30 12:34:31 2026
| GB non-polar solvation energies calculated with gbsa=2
idecomp = 1: Per-residue decomp adding 1-4 interactions to Internal.
Energy Decomposition Analysis (All units kcal/mol): Generalized Born solvent
Complex:
Total Energy Decomposition:
Residue,Internal,,,van der Waals,,,Electrostatic,,,Polar Solvation,,,Non-Polar Solv.,,,TOTAL,,
,Avg.,Std. Dev.,Std. Err. of Mean,Avg.,Std. Dev.,Std. Err. of Mean,Avg.,Std. Dev.,Std. Err. of Mean,Avg.,Std. Dev.,Std. Err. of Mean,Avg.,Std. Dev.,Std. Err. of Mean,Avg.,Std. Dev.,Std. Err. of Mean
ILE   1,61.92056,3.524481035046151,0.498436888008903,-10.559959999999998,1.2870656542694416,0.18201857039324454,-68.95953999999998,4.531168049013671,0.6408039308306771,-23.2337,2.8830061619774776,0.4077186414673753,0.008752752,0.009586762403110655,0.0013557729409727573,-40.823887248,3.9404899574992283,0.557269434029039
VAL   2,45.28128000000002,3.030154108555925,0.4285285036400345,-9.544379999999999,1.0561949799161126,0.1493685265107745,-46.21415999999999,1.5935117114099138,0.22535658740762615,0.038699999999999964,0.5927638062500106,0.08382946140826625,0.06160939200000002,0.021045592610823106,0.002976296249840503,-10.376950608,2.7016437647623643,0.3820701252827643
GLY   3,68.54058,1.6836500953586009,0.2381040799146888,-3.33878,0.40575900680083166,0.0573829890472773,-65.71394000000001,1.9631550973876548,0.27763205637674954,-3.5551999999999997,1.419778165770977,0.2007869537594512,0.33240096,0.04235832114429451,0.005990371224161633,-3.7349390399999987,1.828467730114745,0.25858438622898205
GLY   4,75.88817999999999,1.694426967325729,0.2396281597642759,-3.67046,0.4056841732185296,0.05737240598057605,-71.24392000000003,3.6841210232013624,0.521013391643521,-3.4024199999999998,2.0569097898546747,0.29089097213904735,0.18919612800000002,0.05794090010172457,0.008194080673996353,-2.2394238720000006,1.4909978455193424,0.2108589374602519
TYR   5,96.41332,3.360175194480335,0.4752005331983742,-9.764119999999998,0.9138591278747584,0.12923919727389319,-93.49393999999997,2.2179624921100602,0.3136672637176876,-7.884580000000001,1.1185513683331725,0.15818705153077559,0.8154846720000001,0.15265076918692366,0.021588078809083238,-13.913835327999998,3.222350941950845,0.4557092404832603
THR   6,41.090900000000005,3.0000497079214847,0.4242710984736006,-5.3497,0.7263914440575362,0.1027272631777945,-49.34262000000002,3.432682635432289,0.4854546338350961,-6.648940000000001,2.3950379822457863,0.3387095196890683,0.578523456,0.06437818685952652,0.009104450497773179,-19.671836544,2.4719302025663077,0.3495837217708944
CYX   7,85.73238,2.5256480981326286,0.3571805794160977,-6.78492,0.48013847335952853,0.06790183408421582,-65.26682000000001,1.4655692640060045,0.20726279297544467,-5.128439999999999,1.1180438839330014,0.1581152823986341,0.16462411199999993,0.0321641797614222,0.004548701924120949,8.716824112000001,2.0770628495331893,0.2937410451711143
GLY   8,76.30002000000002,2.168099015174083,0.3066155031826939,-3.443780000000001,0.8552928922889443,0.12095668080763358,-79.51504,1.6218042293691104,0.22935775366878416,2.792420000000001,0.8604785666127873,0.12169004590351645,0.029023919999999998,0.01792435846872071,0.002534887084330187,-3.83735608,2.4182798713841454,0.3419964191725322
ALA   9,80.96958000000002,2.218897600971409,0.3137995080810891,-2.9517599999999993,0.7016600190975691,0.09922971151827471,-69.76292000000001,1.4547625763668666,0.2057344965530848,0.018600000000000082,0.9153052387045539,0.12944370822871232,0.5475558239999999,0.03125694460668036,0.004420399498111193,8.821055824000002,2.0640143151853643,0.2918957037467358
ASN  10,33.287420000000004,2.9446550703944743,0.41643711370625663,-7.911860000000001,0.7447742479436242,0.10532698423480956,-91.65806,2.932667007417823,0.41474174558144034,-2.4029000000000007,1.784866417970822,0.25241822953186216,0.16966713599999994,0.04863499471058183,0.006878026912564856,-68.51573286399999,2.7904577038938867,0.39463031300752205
THR  11,50.64596,2.4104266589962524,0.34088580722581674,-4.777340000000001,0.8917564602513428,0.12611340804212728,-63.12319999999999,2.0560620224113384,0.29077107971743693,0.7852599999999998,0.7479287883214552,0.10577310361334775,0.6402034080000001,0.04063935099601548,0.0057472721344605645,-15.829116591999993,2.43780097095204,0.3447571195486674
VAL  12,60.15374000000001,3.156087240935683,0.44633813801639244,-7.2236800000000025,0.990875238160673,0.14013092004264943,-46.06655999999999,1.4388282616076848,0.20348104414912915,-0.5327999999999999,0.5449370972873842,0.07706574336240454,0.04568111999999999,0.017664305208232808,0.0024981099995380535,6.376381119999996,2.632558024385887,0.37229992618206426
PRO  13,76.10899999999998,2.2142081835284313,0.31313632430634025,-9.1274,0.7011170515683965,0.09915292431390631,-53.47478,1.0166301252664773,0.14377321110689106,-2.22784,0.5492945424815354,0.07768197917149115,0.21393633599999998,0.03525153311283802,0.004985319622261977,11.492916335999999,2.2971221358474363,0.32486212789428953
TYR  14,84.25064000000002,3.4789915709006287,0.4920037062949348,-13.521680000000002,0.8645484934924016,0.12226562048261817,-80.21457999999998,1.4512860791735507,0.20524284560505088,-7.713319999999999,0.8676922597326792,0.1227102161680113,0.24982358399999996,0.041125608976594466,0.005816039397555259,-16.949116416000003,3.670590396413578,0.5190998720524518
GLN  15,46.57422,3.13752305036967,0.44371276500909906,-12.057720000000002,0.9834479557149504,0.13908054368601777,-86.85180000000003,2.1833266361215946,0.30876901398935863,0.6341800000000002,1.2692540910314214,0.17949963496341712,0.00134496,0.005229991585155754,0.0007396325030824429,-51.699775039999984,2.7199255538906217,0.384655560695727
VAL  16,63.30885999999996,2.436029449822879,0.34450658862797845,-10.0713,0.9432959927827438,0.13340219863255495,-63.43986000000001,1.550827843571811,0.21932017692850758,2.1039999999999996,0.6039017138574798,0.0854045994077604,0.000275616,0.0005994466619675181,8.477455992737443e-05,-8.098024383999999,2.3815136402586283,0.3367968889030272
SER  17,58.177159999999986,3.1454382547432473,0.44483214394650583,-8.814919999999999,0.7898874816073659,0.11170695892378654,-54.36118,2.641546037380548,0.37357102316964774,-0.8531800000000003,0.7172388636988375,0.10143289285039638,0.00023774399999999997,0.0012124872598357477,0.0001714715927064305,-5.851882255999999,2.606745407834056,0.36864947094127065
LEU  18,60.96912000000001,3.1684549839943545,0.44808720101334437,-12.720360000000003,0.9314771443250152,0.1317307610544997,-61.39898000000001,1.507736614796842,0.21322615691321928,0.4664200000000001,0.3794373777054651,0.053660548562235136,0.0,0.0,0.0,-12.683800000000003,2.828238929086432,0.39997338511455904
ASN  19,40.68936000000001,2.634792354323136,0.37261590815207163,-10.940520000000003,1.1263646699004368,0.1592920192351092,-102.08767999999998,2.3323535961787285,0.32984460879656186,-0.65972,1.2359105637545138,0.1747841481141811,0.045890928,0.03773837967535458,0.00533701283588716,-72.95266907199999,2.087990768701444,0.2952864863207406
SER  20,76.18922000000002,2.7943808279471183,0.39518512653181725,-4.94102,0.8303707964517986,0.11743216421406821,-69.98401999999999,2.4302700219527127,0.34369208252742856,-2.9756600000000004,1.4873585258437179,0.21034425993594394,0.26096544,0.04550763141206106,0.006435750953441263,-1.4505145599999993,2.334369905675433,0.33012975802017996
GLY  21,71.77097999999997,2.1327742073659253,0.3016198209536419,-2.50056,0.24046156948667985,0.034006401279758305,-65.38272,1.4987102326994466,0.21194963371508946,-6.032940000000001,0.7934134460670464,0.11220560559971912,0.5797434239999998,0.03636193863999598,0.0051423546778860615,-1.565496576000001,1.730817834204737,0.2447746055129566
TYR  22,95.15973999999999,3.8176017121226087,0.5398904117022542,-8.499860000000002,0.7017136455848398,0.09923729544883478,-91.27306,2.4602258384954028,0.3479284747300918,-4.79606,1.0713438553517705,0.1515109010203553,1.053371664,0.06386821603943903,0.00903232973275495,-8.355868336,3.3231971580576967,0.46997104913649207
HIE  23,110.70051999999998,2.678020031590871,0.3787292248982634,-11.497259999999999,0.8282458284833027,0.1171316483620027,-89.21807999999999,1.939697304633642,0.27431462351114333,-3.783419999999999,0.6781577719085778,0.09590599184618306,0.186404544,0.04216114328360727,0.0059624860636832725,6.388164544,2.441132564670769,0.34522827805080175
PHE  24,88.04882000000002,2.8719853668838766,0.4061600656784247,-13.276460000000002,0.7968632808706718,0.1126934859164425,-66.76458,1.0137222319753596,0.14336197289386782,-2.539140000000001,0.7257954811102073,0.10264298128951607,0.2499217919999999,0.03115639126833501,0.004406179108628204,5.718561792000002,2.8272351534301294,0.39983142979988673
CYX  25,96.13787999999998,2.6236258775985575,0.3710367298692894,-9.05288,0.6473565830359705,0.09155004594209742,-83.94697999999998,1.5872198775220272,0.22446678772598136,1.57858,0.35414980389659867,0.05008434557823418,0.018066816000000006,0.007710802011914444,0.0010904720782023154,4.734666815999998,2.313438723092633,0.32716964179166963
GLY  26,79.77498,1.6166578795771038,0.228629949901527,-5.459060000000001,0.709393498983461,0.1003233907321715,-81.5878,1.4406108981948629,0.2037331470329661,1.94794,0.4712761148201761,0.0666485073201193,0.0007246080000000001,0.0016364678260008658,0.00023143149939176385,-5.323215391999998,1.3251230592280843,0.1874007002173683
GLY  27,81.90314,2.4120819141158587,0.3411198956497502,-6.08114,0.6117585474678731,0.08651572347267308,-80.32661999999999,1.59352625193279,0.2253586437480917,-0.13579999999999998,0.5402607148405295,0.076404403014486,0.00062208,0.0014192768863051353,0.00020071606213753796,-4.639797919999998,1.7829431156057924,0.2521462335029453
SER  28,68.56052,8.305126829230321,1.174522299912618,-7.812799999999998,0.9005366400097335,0.12735511297156626,-62.056280000000015,7.801400458994338,1.103284633461348,-1.00312,1.535238048512347,0.21711544696773646,0.0006904799999999999,0.0019104937816177261,0.000270184621679325,-2.31098952,2.99972627944606,0.42422535877996026
LEU  29,73.84268000000002,2.228040326743803,0.31509248475952684,-11.895600000000002,1.247604071811227,0.1764378598827334,-76.38596,1.7195285977272368,0.24317806637942482,1.9934999999999996,0.6072203306873053,0.08587392270066628,0.000581472,0.0011731595777284523,0.00016590981856514703,-12.444798527999996,2.2730589532940693,0.3214590799822064
ILE  30,82.6921,2.704059268951354,0.38241172916116817,-10.785300000000001,0.8831218998529943,0.12489229680007986,-62.52553999999999,1.1915907218505617,0.16851637596390107,-0.98654,0.8050503390471925,0.1138513107873598,0.11005559999999996,0.02595146714927697,0.0036700916805987335,8.504775600000002,2.7117585323046685,0.3835005694266221
ASN  31,46.18524,4.779445279778817,0.6759156335283274,-7.213040000000003,0.9972543097926335,0.14103305700437624,-98.89983999999997,4.307630988653169,0.6091910165851935,-8.07122,1.371454298035483,0.19395292684566526,0.4404131999999999,0.06845710507393692,0.00968129664363616,-67.5584468,2.8027666436097993,0.3963710599559897
SER  32,72.26793999999998,2.8990328967439023,0.4099851640340987,-5.28056,0.7719518161129012,0.10917047278454063,-60.90053999999999,2.990149462551994,0.4228709923463651,-9.3445,1.6188783678831489,0.228943974369277,0.3113848799999999,0.07497120263409958,0.010602529155256514,-2.94627512,2.5014492792975025,0.3537583496370932
GLN  33,28.660320000000002,2.9625172974346783,0.418963214079701,-8.46744,0.9761218604252062,0.13804447735421838,-68.27864000000001,1.5849179254456485,0.2241412425413466,-6.850040000000002,1.1280749613389955,0.15953389096991122,0.39687839999999996,0.06672080258625199,0.009435746390989543,-54.538921599999995,2.6610719265308607,0.37633240089502434
TRP  34,133.32621999999995,2.9432823805428208,0.4162429860457426,-18.83814,1.0102244109108278,0.14286730629504632,-101.08802000000001,1.6431961232896104,0.23238302431950594,-2.0301,0.7773428651502501,0.10993288225094436,0.05953550399999999,0.026735826834096327,0.0037810168910037555,11.429495503999995,3.1299289324757593,0.4426387945571162
VAL  35,61.542199999999994,3.064987849894358,0.43345473858293526,-9.6335,1.2509338311837355,0.17690875896913744,-65.03714000000001,1.6652667054851444,0.23550427598654539,2.7188600000000003,0.4401933216213033,0.06225273655029089,8.582400000000001e-05,0.00046201528743538347,6.533882855148231e-05,-10.409494176000003,2.9007112896925715,0.4102225246411986
VAL  36,48.59438,2.9463054620320808,0.41667051432996965,-9.233500000000001,0.869809065255116,0.12300957767588495,-53.07088000000002,2.1699124373111998,0.3068719598007557,1.4755599999999998,0.3975386854131315,0.05622046004792218,0.0010255679999999997,0.001850268411819215,0.0002616674682025261,-12.233414432,2.3631738076292663,0.3342032448994176
SER  37,57.49678,2.484934456197986,0.3514228009563403,-7.89874,0.8531416250541409,0.1206524456776588,-57.43827999999999,2.1100570612189147,0.2984071313356905,-1.5768599999999995,0.751599521287768,0.10629222364782871,5.4143999999999995e-05,0.00027682193855256483,3.914853398634487e-05,-9.417045856,2.258851217323351,0.31944980269216583
ALA  38,81.09698,1.8199435979174452,0.25737889189289376,-8.11462,0.6655400480812739,0.09412157622989792,-70.19201999999999,1.7531360984252724,0.24793088470788735,0.70658,0.3168316328904043,0.04480675922224233,0.0,0.0,0.0,3.496919999999999,1.9429579598128193,0.2747757497888048
ALA  39,90.69843999999998,2.4252211788631635,0.34297806829027516,-7.34072,0.8015495253569755,0.11335622096735518,-78.49753999999999,1.6612968092431986,0.23494284787588798,-0.51748,0.5247797724760358,0.07421506714946768,0.014051520000000005,0.0083413421653832,0.001179643921867948,4.3567515199999995,2.3635335956937706,0.3342541266154578
HID  40,100.17653999999997,1.9633921280283213,0.2776655775714224,-10.444080000000001,1.0295839517008674,0.14560515880970523,-78.89932,1.183630760668788,0.1673906674579783,-2.63462,0.5661246820268498,0.08006212033165269,0.4013444159999999,0.08086837534696335,0.011436515318275362,8.599864416,2.384507480980216,0.3372202819182326
CYX  41,90.91593999999999,2.060009120465476,0.2913292836774547,-8.27866,0.6143733265694277,0.08688550907947591,-79.77426,1.241556632779705,0.1755826228531331,1.5128799999999998,0.3247145601909473,0.045921573492205235,0.021183696000000002,0.013168720456490219,0.0018623383068668482,4.397083696,2.141994002520472,0.3029236968886281
TYR  42,99.17448000000002,2.707639165323998,0.38291800296137646,-8.5901,0.7129798103733174,0.10083057175281429,-83.37277999999998,1.4871704581532186,0.2103176631480891,-11.988179999999998,0.9840788523284228,0.13916976594074057,0.9356569919999999,0.07650341354054377,0.010819216499687447,-3.840923007999999,3.008683198090833,0.42549205836241133
LYS  43,134.79765999999998,3.082484956071519,0.4359292030687376,-8.00628,0.8342662414361309,0.11798306332690033,-71.70534000000002,3.9016752638318164,0.5517802074086579,-63.12985999999999,3.4383855805306127,0.486261152065448,0.505605024,0.05292589440165775,0.007484851766355065,-7.538214975999998,3.269785580222895,0.4624175113603197
SER  44,71.84789999999998,7.910296649936844,1.1186848804735143,-3.02094,0.3640300762299749,0.05148162709161421,-61.32732,7.1826791504007055,1.0157842268671138,-12.726979999999994,1.1947647047013776,0.16896524492333742,0.7960006079999999,0.05437907537068886,0.007690362589853693,-4.431339391999998,2.3064872425911287,0.3261865539912897
GLY  45,75.83027999999999,1.8920520081649899,0.26757656106621786,-2.3836799999999996,0.30875170865924645,0.043664085379177285,-66.66796,1.2549363483463571,0.1774748003746385,-6.09646,0.5908502757890418,0.08355884733527465,0.5127471359999999,0.03612735207916478,0.005109179128298266,1.1949271359999998,1.8577846665680313,0.2627304271429288
ILE  46,82.5114,3.082875125593098,0.4359843813716418,-8.88178,1.2079072860116358,0.17082388659669323,-66.05330000000002,1.5251033833803032,0.21568218887975185,0.36698000000000003,0.5989887307788019,0.08470979867760281,0.04390531199999998,0.026042874115186635,0.0036830185776872155,7.987205311999999,2.891163930349327,0.40887232413439206
GLN  47,42.39266,2.8665226432735045,0.40538751989669636,-9.177519999999998,0.984256638077719,0.1391949086425257,-83.22690000000003,2.3784171732468566,0.3363589823386784,-4.23556,0.9820108993285136,0.1388773132228584,0.4305195359999999,0.03629490491134973,0.005132874677067264,-53.816800463999996,3.194788467271258,0.4518113179328166
VAL  48,66.84831999999999,2.630463597467338,0.3720037294867031,-9.25414,1.0702782630699335,0.15136020351466192,-63.168780000000005,1.938025389823192,0.27407817905113624,2.10918,0.47915566113738,0.06776284344683298,1.9152000000000002e-05,0.000134064,1.895951270259866e-05,-3.4654008479999976,2.3047504410770494,0.3259409331656536
ARG  49,-196.10418000000004,3.7279932333078025,0.527217859097902,-13.339500000000001,1.1510311246877745,0.16278038272470077,65.20256,8.973861938229252,1.2690957259907518,-26.768839999999997,7.149609285436515,1.0111074417132933,0.23593262400000004,0.05030472176690583,0.007114161977416327,-170.77402737600005,3.351130856694319,0.4739214706824075
LEU  50,68.26845999999999,3.0814364715829394,0.4357809249703689,-10.826600000000001,0.8862120062377774,0.12532930383593346,-69.22279999999996,2.48478044100621,0.3514010199190382,-1.9422399999999995,1.0247304144993459,0.1449187649961178,0.016014672000000004,0.011888609896182808,0.001681303335294472,-13.707165327999999,2.994602526123169,0.4235007506360116
GLY  51,76.84005999999998,1.7747193289089243,0.2509832144348678,-4.30548,0.8579293033811148,0.12132952563988741,-79.24745999999999,1.6974156616465428,0.24005082496850413,-2.0510400000000004,0.8275469523839718,0.11703281235619348,0.0015514560000000005,0.0035341757916753373,0.0004998079336397932,-8.762368544,1.8804068008613322,0.26592968005566997
GLU  52,102.23182000000003,3.252485921198327,0.45997097011862237,-10.61472,1.2206873152449753,0.17263125566362458,-118.80404000000004,3.576252328679928,0.5057584545687518,-19.543660000000003,3.389589388760819,0.47936032844614795,0.07730812799999999,0.04128904365225741,0.005839152551043718,-46.653291872,3.052863348572237,0.43174007516225993
ASP  53,104.63085999999997,2.992190836227825,0.4231596861801883,-7.76314,1.1452048028191317,0.16195641638416222,-131.33074000000005,5.145167304606308,0.7276365382852862,-19.093900000000005,4.240792384684711,0.5997386105629657,0.308085696,0.05471585160898399,0.007737989942221889,-53.248834304,2.5007623000776666,0.35366119610411717
ASN  54,44.5012,3.251318489474642,0.4598058703409444,-9.009900000000002,1.010644057025008,0.14292665321765338,-99.51679999999999,2.8772883275754606,0.4069100175715017,-6.189140000000002,1.737108379002294,0.2456642228896987,0.170380368,0.04428353145121758,0.0062626370768087405,-70.044259632,2.5587049451180754,0.3618555235497088
ILE  55,85.62452000000002,2.6525080602324516,0.37512128730846833,-9.605859999999998,1.4106121225907533,0.19949067950157423,-65.37351999999998,1.2857266154221936,0.18182920170341227,-0.6717999999999997,1.0666719833200833,0.15085019854146695,0.17231630400000003,0.07529969195978675,0.010648984561204672,10.145656304000001,2.825403839877494,0.39957244295357724
ASN  56,37.07404000000001,7.213355640643195,1.0201225377218073,-4.806359999999999,0.7946384777998183,0.11237885124880147,-94.38256,6.016570365781373,0.850871541026007,-7.983900000000001,2.6547771601398105,0.375442186494805,0.7553940480000001,0.052794739527563056,0.00746630366618346,-69.34338595199999,2.410549270344595,0.3409031470889895
VAL  57,66.87546,2.7866513969996367,0.3940920199242818,-4.847460000000001,0.6576287770467475,0.09300275355063427,-63.29972000000001,2.0412904353861485,0.2886820618465571,-3.8137599999999994,0.7682996436287107,0.10865397759861384,0.6139805759999997,0.08262682367228548,0.011685197465315642,-4.471499424000002,2.4208673996431793,0.34236235092822714
VAL  58,43.600240000000014,3.4259813458918336,0.48450692837974607,-4.088919999999999,0.8818064830789171,0.12470626877587256,-42.15548,3.410096944311216,0.4822605347651971,-5.356980000000001,1.0487760006788793,0.14831932440514856,0.5786832959999999,0.09621883149253752,0.013607397645243801,-7.422456704000001,2.5804740419249765,0.36493413874420205
GLU  59,91.36093999999997,2.724028571143358,0.38523581496027404,-3.175779999999999,0.6818937245641731,0.09643433533757573,-71.85111999999998,3.8821313766542263,0.5490162843778541,-65.19438,3.5076007862356913,0.49604966032850456,1.2372232319999998,0.08087215829062733,0.01143705030729889,-47.623116768,2.424553692143696,0.3428836714131377
GLY  60,74.34591999999999,1.9803636518580303,0.2800657134888337,-2.61352,0.4716611173289569,0.06670295489706585,-69.70902000000001,2.272594917621821,0.32139345542809455,-3.219999999999999,1.2558478092507908,0.1776037004119008,0.24846091200000003,0.05113516340942921,0.007231604160777922,-0.9481590880000006,1.6693256605191789,0.2360782989123648
ASN  61,21.110120000000002,5.221684914431352,0.7384577624427812,-4.265659999999999,0.8263932141541394,0.11686964913098774,-78.49929999999999,5.708570070516938,0.8073137215482189,-9.985100000000003,2.305654833230669,0.32606883353058885,0.9010346400000002,0.1071368800342869,0.015151442877482778,-70.73890536,2.1649023646112773,0.30616342852468514
GLU  62,109.49406,2.8211824004125847,0.39897544125917606,-6.36738,1.8010344570829289,0.2547047355507942,-110.69186000000002,5.128807280488591,0.7253228814864835,-38.13676000000001,4.0783255807254495,0.5767623348035059,0.4931156160000001,0.14194668318485118,0.02007429244938935,-45.20882438400001,2.829990498777085,0.4002210944757553
GLN  63,34.007439999999995,3.170251618783681,0.4483412835419141,-8.495220000000002,0.981529730369878,0.13880926565614884,-75.75998,2.664228244652204,0.3767787716844611,-2.1471999999999998,1.2472919145091896,0.1763937141737199,0.25861435200000005,0.04470285793169882,0.006321938796384615,-52.13634564799999,3.0888714517363383,0.43683238994726004
PHE  64,104.75334,3.28515393618085,0.4645909251030315,-8.99536,1.2052705050734551,0.17045098946031503,-76.76025999999996,1.6393106576865684,0.23183353650431032,-4.43948,0.6972782296902761,0.09861003291754905,0.4739872319999999,0.10183839624703793,0.014402124114288635,15.032227231999999,2.9822105110281805,0.4217482550547651
ILE  65,90.02536000000002,3.3821351821587626,0.47830614443881203,-7.832460000000001,1.1789541163251274,0.16672929007225826,-72.42640000000002,1.6179848701389579,0.2288176147064985,-2.3856,0.5441293963755303,0.07695151720401605,0.174298176,0.04609873549260352,0.006519345694188986,7.555198176,3.2067369039983986,0.4535010820596845
SER  66,65.31058,5.536230364029267,0.7829412065231927,-5.314499999999999,0.6581375616085192,0.09307470655339263,-57.0507,5.126404729437518,0.7249831094584115,-6.72996,1.7421499701231213,0.24637721154360004,0.3902623199999999,0.06828565874491761,0.009657050471264342,-3.394317680000002,2.4522064234108454,0.3467943581726038
ALA  67,91.15154000000001,2.649699569460811,0.37472410673456297,-5.841339999999999,0.41333229295569285,0.05845401344647101,-76.60557999999999,1.8350956606134232,0.25952171714915173,-2.58616,1.0244540469928352,0.14487968072852714,0.15637175999999997,0.04039014007910349,0.005712028388601727,6.274831759999999,2.3037651903830003,0.32580159767626743
SER  68,84.1424,4.101627691538932,0.5800577509179407,-5.134579999999999,0.587805651214765,0.08312827239874698,-63.48587999999999,4.261348934973604,0.6026457457843816,-11.006660000000002,1.7817815310525509,0.2519819606400415,0.4512735360000001,0.06292056403069979,0.008898311500438037,4.966553536000001,2.271694840888136,0.32126616535569924
LYS  69,130.49545999999998,3.4615025073514905,0.4895303792084952,-6.58336,0.9833085529985031,0.13906082916479462,-57.22645999999999,6.572609400261241,0.9295073354030341,-77.96002,5.487076199543739,0.7759897579169375,0.7923456000000002,0.10079620408852588,0.01425473588577197,-10.482034400000005,3.957866886993375,0.5597269029653412
SER  70,75.89734,6.960381525778427,0.9843465953046987,-5.872820000000001,0.60864757257382,0.08607576518393588,-66.62438,5.4117943157145385,0.7653432918057124,-6.033239999999999,1.7033890284958413,0.24089558660963492,0.20400134399999992,0.05556943471581559,0.007858704822851269,-2.4290986560000003,2.466988071233308,0.34888479885507867
ILE  71,89.27823999999998,2.909852817996806,0.41151533197206525,-7.113159999999999,1.207780217754884,0.17080591643148868,-71.55268,1.5250969994066468,0.21568128604953918,-0.0781,0.4149850720206693,0.05868775170340061,0.28549641600000003,0.040621945283126557,0.005744810594937535,10.819796416,2.612611189588874,0.36947901775242914
VAL  72,51.55982000000001,2.8843198483523,0.4079044247761731,-7.6544799999999995,0.7509763042866276,0.10620408745429731,-53.23853999999999,1.4679161993796,0.20759469975897984,-1.26682,0.5243141687957706,0.0741492208455355,0.31288060799999995,0.0359001855391072,0.005077052928111586,-10.287139391999998,2.6297183242868614,0.3718983319427528
HID  73,102.37308000000002,2.7885074275673807,0.39435450228439006,-10.48522,0.9318897851140922,0.13178911727452983,-62.40626,1.7144558414844353,0.24246067031170654,-5.758179999999999,1.0238564682610611,0.14479517033382108,0.23369975999999998,0.032311997166129994,0.004569606461970205,23.957119759999998,2.633740995564046,0.37246722357046913
PRO  74,85.17913999999999,2.601487067122302,0.3679058292662566,-4.546900000000001,0.43824875356353715,0.06197773309826585,-57.69464,1.038895331782643,0.146921986809311,-7.016240000000002,0.8555075583535069,0.12098703917362215,0.8308575359999998,0.04398846270495335,0.006220908054528811,16.752217536,2.521858502003858,0.3566446495919753
SER  75,70.33117999999999,8.089238697652641,1.1439911075493638,-3.717,0.6469318974977216,0.09148998633730389,-59.07306,6.188746588478182,0.8752209359516068,-8.093300000000001,1.0905152039288442,0.1542221391370233,0.559527696,0.04431484353249234,0.00626706527380923,0.007347695999998755,2.7825600585388752,0.39351341729033507
TYR  76,79.57619999999997,3.2890488898775816,0.4651417547373048,-12.13252,1.1080190474897214,0.15669755643276823,-73.65206,2.6098029995383305,0.36908187970690914,-5.7784,1.6460517731833322,0.232786874200415,0.48921624000000014,0.05466201686325007,0.007730376559467508,-11.497563759999998,3.088232569521596,0.4367420383579753
ASN  77,42.591460000000005,1.881844724837768,0.26613303321458365,-6.6538200000000005,0.819434333915766,0.11588551484978397,-98.96749999999999,2.933902910800214,0.41491652871395635,-8.500380000000002,1.1279126365104586,0.15951093477250855,0.508604112,0.05801479524198818,0.00820453102495178,-71.02163588799998,2.533520777153663,0.3582939443604734
SER  78,70.15302000000003,3.217896322070893,0.4550792620983158,-5.338880000000001,0.4605711080821075,0.0651345907486921,-54.098740000000014,3.557685010283874,0.5031326392194918,-12.042039999999997,1.7784878853678092,0.2515161688003402,0.5550380640000001,0.0669586623952578,0.009469384847773493,-0.771601936,2.3966541506074,0.3389380804106756
ASN  79,32.518240000000006,7.474848866860094,1.0571032644202705,-4.805239999999999,0.6091710616895842,0.08614979772466273,-81.09992000000001,6.680743413243667,0.9447997941743916,-15.578679999999999,2.153846470294478,0.30459988895598705,0.9202415039999998,0.07993737451927448,0.011304851918565543,-68.04535849599999,2.394162698588702,0.3385857358871911
THR  80,40.65018,2.692984431369895,0.38084551061029026,-6.72474,0.9876589656353985,0.1396760704200963,-44.34272000000003,2.550960768337806,0.3607603315665016,-6.43144,2.084383728203619,0.2947763737615353,0.43899192,0.1016829562635859,0.014380141581015343,-16.409728079999997,2.4563604858553396,0.34738183131739864
LEU  81,57.12891999999999,3.5137381566646564,0.4969176155782996,-10.73386,1.4687038368575045,0.20770608851932842,-58.41081999999997,1.9903973943920417,0.28148469896612954,-0.6912800000000001,0.5506223402659937,0.07786975813497814,0.07260696000000001,0.10808546543720665,0.015285593111670605,-12.63443304,3.3447731164830263,0.473022350439122
ASN  82,35.00402,3.516613896861625,0.49732430665714106,-8.19414,0.7660861050821821,0.10834093597528019,-93.61867999999996,2.165210654326491,0.30620702727432464,-5.17236,1.173061699315087,0.16589597646718257,0.285128928,0.0559869854544038,0.007917755414600306,-71.69603107200001,2.938810470543931,0.4156105624687284
ASN  83,24.056800000000003,2.8657791331503524,0.405282371686704,-8.684420000000003,0.87972352679688,0.12441169427348386,-80.01806000000002,1.7921247881761957,0.2534447180903786,-5.02788,1.1407108422383008,0.1613208743839441,0.127657728,0.028071590527585337,0.003969922404149529,-69.545902272,2.623185090228907,0.3709743931216611
ASP  84,117.83514000000001,2.4873172617102677,0.35175978054353696,-8.92512,1.297702225319819,0.1835228086969034,-190.79427999999996,3.8935990653410055,0.5506380604648456,24.100160000000006,3.0100064209897757,0.42567919033938406,0.00021527999999999996,0.00045911447984135724,6.492859240735163e-05,-57.78388471999999,2.9321811605538417,0.41467303645901243
ILE  85,88.02736,2.6085006479580506,0.3688976993801281,-11.63482,0.9275257341982285,0.13117194727531972,-69.87650000000001,1.4497025384535387,0.20501889912876978,0.5945000000000001,0.36061593142843784,0.05099879410339028,0.000544896,0.0021999224750849744,0.0003111160200434558,7.111084896000001,2.690528927190937,0.38049824987905567
MET  86,87.19714000000003,2.729654403105438,0.38603142774631455,-12.823000000000002,1.1192206574218997,0.15828170330141822,-71.39112000000002,1.3736459462312243,0.19426287270590206,0.57562,0.7557668659050883,0.10688157517551841,0.000198,0.00059309516538242,8.387632266617321e-05,3.558838000000001,2.677162275494309,0.3786079198677668
LEU  87,72.84822,3.63956501955933,0.5147122211799503,-11.116959999999999,1.0814901564045931,0.15294580467603752,-76.88775999999999,1.9307071715830468,0.2730432267023743,1.35674,0.6291753590216316,0.08897883258393526,8.582400000000001e-05,0.0002928615908991823,4.1416883374778455e-05,-13.799674175999996,3.2547690577803636,0.460293854390529
ILE  88,96.67628000000002,3.321672416358615,0.4697554180974963,-10.275760000000002,1.386698432392568,0.196108773001108,-75.20979999999997,1.8954556813614005,0.2680579131458428,-0.2503999999999999,0.3765732863600393,0.053255504879777475,0.00049104,0.0014443874759911205,0.00020426723578684857,10.940811039999998,2.7512495457456456,0.3890854421066309
LYS  89,122.94099999999999,3.4654194897598765,0.4900843241730468,-10.644579999999998,1.127635669709002,0.15947176575181385,-63.69716,8.729274367002146,1.2345058199490249,-64.27891999999999,7.2295179087960255,1.0224082276038515,0.33538075199999995,0.0455756224729772,0.006445366341488038,-15.344279248000007,3.4022295216078993,0.4811479131764018
LEU  90,77.03922000000003,3.2914319636894316,0.4654787722677903,-11.880400000000003,0.9990634814664588,0.14128891251615475,-81.17501999999999,2.344627130184989,0.33158034862155195,2.939639999999999,1.061584452787438,0.15013071307364154,0.0040932,0.010934849355999378,0.0015464212261761022,-13.072466800000003,3.5162669829764632,0.4972752456250039
LYS  91,128.01955999999996,3.0502913838541406,0.4313763444236322,-5.689780000000001,0.7711430033398405,0.10905608938523234,-44.22964000000001,3.319362238502999,0.4694287096120057,-91.30295999999997,2.84664285051801,0.40257609264349764,1.177623072,0.054002019448189297,0.0076370388299164945,-12.025196928000003,3.101454948739788,0.438611965159696
SER  92,73.01034,3.2293157269613624,0.4566942098253489,-5.587560000000002,0.5867857585183769,0.08298403779040725,-65.29054000000002,2.874797267355856,0.4065577284567764,-6.9287600000000005,1.8353444969269364,0.25955690791808983,0.464047776,0.05138934597033268,0.007267551003272763,-4.332472223999998,2.14139806837456,0.3028394190734851
ALA  93,80.68402,2.274865609129384,0.3217145797006907,-4.60272,0.4139959922511376,0.058547874700966555,-66.01616000000001,1.8469281670923166,0.2611950862630836,-4.41552,0.9025292957018067,0.12763691704205327,0.424344528,0.04013644733850316,0.005676150817158468,6.073964528000002,2.0394529471302376,0.28842220176533606
ALA  94,99.28240000000004,2.0810984022841184,0.29431175851431796,-5.2728,0.6410951879401406,0.09066455095570751,-87.45541999999999,2.0433238322895564,0.2889696275944058,-0.5148799999999999,0.9816437162229482,0.1388253856900819,0.05853816,0.021208147344490027,0.0029992849607384737,6.09783816,1.775709753601016,0.25112328163807435
SER  95,77.28463999999997,8.99047867860258,1.271445687950591,-3.8101999999999987,0.8478940263971722,0.11991032315860119,-64.09780000000002,9.63298638429412,1.3623099990824108,-9.06316,1.698150492270926,0.24015474571200912,0.607647456,0.06959725729905182,0.009842538517628896,0.9211274560000012,2.8839245459300407,0.40784852057149334
LEU  96,58.11828,3.238937634719197,0.45805495307005223,-6.56576,0.805201603575153,0.11387270282205458,-55.76699999999999,1.6769341310861043,0.23715429913883102,-4.519119999999999,0.4646026534577804,0.06570473736345202,0.679155552,0.09094020852619636,0.012860887626278426,-8.054444448,3.1111762919637314,0.4399867707028745
ASN  97,39.492459999999994,3.776012336897269,0.5340087858528242,-5.665220000000001,0.9238435428144781,0.1306512067759044,-95.93970000000002,4.481779964478131,0.633819400933698,-5.801220000000001,2.241777993379362,0.3170352842066636,0.5113402560000001,0.08705302910224719,0.01231115744020577,-67.40233974399999,3.3252909285944647,0.4702671530054515
SER  98,85.91856000000001,4.035220128617104,0.5706663033051214,-3.27602,0.33492527465093,0.047365586579287904,-63.809079999999994,4.559156794145166,0.6447621371265535,-12.525360000000003,1.3612149978603512,0.1925048711279772,0.8338726080000001,0.05320575444428303,0.007524429953139763,7.141972608000002,2.035003312997887,0.2877929284715792
ARG  99,-186.40541999999994,3.5714408750030175,0.50507801226429,-9.77392,1.1138105196127515,0.1575165942750177,62.57420000000001,7.881885221189083,1.1146668976873662,-31.495160000000006,8.083960747950197,1.1432446927442919,0.618459408,0.1525851200075341,0.021578794613098102,-164.481840592,3.3430475903784505,0.47277832419718996
VAL 100,45.72218,2.939292647491906,0.4156787525866574,-9.39758,0.7052587919338545,0.09973865485357218,-52.7487,1.8760954906402132,0.26531996871703956,0.8614800000000001,0.92556139158891,0.13089414727939516,0.0129888,0.012903108569829208,0.0018247751136224975,-15.5496312,2.6690946523828547,0.37746698566573345
ALA 101,89.64316000000001,2.6241251293333243,0.3711073347267239,-5.50408,0.7148052277368943,0.10108872475207047,-75.3937,1.5042723855737539,0.21273624091817323,-2.45838,0.5685367143817522,0.08040323321857126,0.21026851199999996,0.03980552073204259,0.005629350727657804,6.497268512000001,2.352198805657534,0.33265114523586803
SER 102,82.03685999999999,6.22295367815014,0.8800585489659464,-5.7926400000000005,0.7433995092815144,0.10513256682874213,-67.17057999999999,4.889052223447876,0.6914163961550321,-8.3125,2.5717390555808746,0.3636988251287048,0.36057772800000015,0.04182725247838638,0.005915266773173767,1.1217177280000004,2.272386349092524,0.32136395938381296
ILE 103,88.35540000000003,2.689477109028921,0.38034950032806836,-9.757659999999998,1.0673444356907758,0.1509452976677353,-65.77901999999999,1.9264847104515117,0.2724460805224933,-2.9507600000000007,0.7706029732618466,0.10897971759919349,0.10797609599999998,0.04125688531255346,0.005834604675028446,9.975936095999996,2.4552407990422105,0.3472234836897249
SER 104,69.91894,4.017233756753477,0.5681226462023786,-5.228280000000001,0.5964503345627303,0.08435081524205833,-58.20776000000001,3.094165926772411,0.437581141787426,-7.255340000000001,1.4236881907215415,0.20133991479088176,0.43186032,0.05129330181450201,0.007253968308496522,-0.3405796799999999,1.9107268654678609,0.2702175847135281
LEU 105,73.14220000000002,2.678433616873653,0.37878771468987427,-8.310979999999999,0.6761505598607629,0.09562212919612521,-62.746239999999986,1.9946456784109339,0.28208549705376257,0.5710599999999999,1.3524352170806555,0.1912632226226464,0.2555907839999999,0.06149077453479808,0.008696108730793758,2.911630783999999,2.3766625063214546,0.3361108349623433
PRO 106,91.14680000000004,2.4986650275677347,0.35336459698136335,-8.277660000000001,0.6792674174432431,0.09606291942263812,-65.65460000000002,1.6556736272581678,0.23414760985319574,-4.14458,1.1804347350023199,0.16693868117365712,0.042831935999999994,0.02105024909722221,0.002976954776462365,13.112791935999994,2.431120567295274,0.34381236780331487
THR 107,42.82194,3.633061796391572,0.5137925265396521,-3.1662999999999992,0.38888112579553724,0.054996096225096644,-44.4044,3.466375859597442,0.4902195752925398,-11.972020000000004,1.8964158034565868,0.26819369491469747,1.0338721919999998,0.04797806659642937,0.006785123247710997,-15.686907808000003,2.552237745042927,0.36094092334402333
SER 108,60.34132,3.77023877461343,0.5331922808443231,-3.5384200000000003,0.5403066570013723,0.07641090021718086,-52.91424,3.823601341981003,0.5407388874937501,-7.46548,1.1128386089635804,0.15737914535287048,0.6248551679999998,0.02574089101871789,0.0036403117186238633,-2.9519648319999994,2.214731188808692,0.31321028842239396
CYX 109,82.71348,2.9104290834169375,0.4115968282093329,-4.848659999999997,0.41024137334015076,0.05801689140242054,-66.36942,1.545317936089596,0.2185409583396306,-3.9417799999999996,0.8117178891708667,0.11479424476863005,0.40889980800000003,0.04573072113626794,0.006467300604801208,7.962519807999999,2.651449801582099,0.3749716269348856
ALA 110,96.78262000000001,2.187109086349831,0.3093039332305359,-5.138540000000001,0.4507800443675361,0.0637499252391715,-81.17122000000002,1.8025742513412615,0.254922495343134,-3.298900000000001,1.0930389608792528,0.15457905226776342,0.168184224,0.054699390795944124,0.007735662031717022,7.342144224000002,1.9474748532834376,0.2754145349893991
SER 111,70.75712,5.767646028112368,0.8156683235923824,-3.3378,0.8235702277280303,0.1164704185619679,-60.84460000000001,4.926439874798084,0.6967038085155063,-9.405120000000002,1.2470451898788426,0.17635882204187905,0.6215876639999999,0.039737636435510974,0.005619750438375087,-2.2088123360000007,2.3391353298705657,0.3308036907729017
ALA 112,86.1773,2.5087737582331893,0.35479418738190965,-3.7854399999999995,0.455280096643815,0.06438632873522167,-69.40852000000002,1.7500169283739297,0.24748976744889167,-4.710959999999999,1.0443809259077899,0.1476977669702567,0.442124928,0.03869988277873314,0.0054729899087933385,8.714504928,2.274369675361904,0.3216444440746898
GLY 113,88.39922,1.8517090515521903,0.2618712054274128,-2.6292,0.4825084455219407,0.06823699876166882,-86.11032000000002,1.2994689444528227,0.18377266051278318,-2.8409000000000004,0.79402270118681,0.11229176728505061,0.42484363199999997,0.04860396227922846,0.006873638264035521,-2.756356368,1.8458921322011312,0.261048568803663
THR 114,46.153600000000004,2.4609116928486943,0.34802546918291555,-6.113739999999998,0.8061391147934868,0.11400528693003903,-56.11748000000003,2.020734334245192,0.28577499014425173,-2.3558000000000003,1.2323466720042695,0.1742801377093786,0.28219449599999996,0.05495479687012964,0.007771781905119585,-18.151225503999996,2.023729151159273,0.28619852121392353
GLN 115,21.88804,2.726809446661086,0.3856290901475183,-7.774019999999996,0.6057750899468093,0.08566953479505592,-57.24962000000001,3.6775642530891264,0.5200861243217124,-9.043379999999999,2.54712123692611,0.3602173398269438,0.7367637600000002,0.06641807780632993,0.009392934642046324,-51.44221624000001,2.7014595791395117,0.38204407750218106
CYX 116,91.22552,1.8410718860486925,0.2603668830553874,-7.683040000000002,0.8688293724316452,0.12287102818809374,-78.19584,1.261653238571969,0.17842471210004165,0.7326999999999998,0.5988693430123135,0.0846929146977479,0.020866032,0.01483411667762446,0.002097860899132143,6.100206032,1.7801000028323823,0.251744156638594
LEU 117,82.46506000000001,3.774397278559652,0.533780382112316,-8.76466,1.1439044472332616,0.1617725183336177,-82.26055999999998,2.1214952760738424,0.3000247391934081,-0.37384000000000017,0.6642309646500982,0.09393644387563327,0.252163008,0.051477830221887955,0.007280064566133354,-8.681836992000001,3.08660712998016,0.43651216649354363
ILE 118,91.61161999999999,4.021453940504936,0.5687194703120806,-10.14214,1.0784429703975922,0.1525148674982201,-78.57478,1.8523773081098545,0.26196571117611217,3.082460000000001,0.4840199256228943,0.06845075432747139,0.001971936,0.002754506829598358,0.00038954609160673137,5.979131935999998,3.144028256219141,0.4446327400429341
SER 119,60.771099999999976,3.920578438190193,0.5544535199636098,-7.612340000000001,0.7927752420453011,0.1121153499214078,-54.688500000000005,3.3128622805663968,0.46850947674512594,-4.301559999999999,1.5710232227437009,0.22217623484072296,0.00250416,0.0035142736075610276,0.0004969933397702629,-5.8287958400000015,2.118981739841801,0.2996692714905212
GLY 120,73.64097999999998,1.756576687651552,0.24841745750252328,-6.09884,0.509636472792126,0.07207348117026113,-73.68454,1.4735463373773166,0.20839092151042013,1.5856600000000003,0.5696132937353195,0.08055548453084985,0.00037944,0.001164403847468738,0.00016467157131697018,-4.556360559999998,1.6420699053814705,0.23222375305551804
TRP 121,118.60413999999999,3.2969068049310004,0.46625303174135685,-19.39676,0.858022483621519,0.12134270331585989,-85.91170000000004,1.7112929176482348,0.24201336533311577,-3.4687800000000006,0.6406610426738916,0.09060315354335056,0.008410464,0.006419820984599492,0.0009078997904427997,9.835310464,3.2586743354318566,0.46084614405248636
GLY 122,75.34728000000001,1.8933209769073236,0.2677560203467814,-4.820580000000001,0.9819561108318308,0.13886956495935132,-77.14252000000003,1.7045084011512495,0.24105388980869769,1.83486,0.5289404507125532,0.07480347590854304,0.000114624,0.0004921827313346132,6.960514938192432e-05,-4.780845376,1.823298170560679,0.25785330010569646
ASN 123,43.35026,2.7047482456599616,0.38250916518171535,-10.216299999999999,1.210541387148739,0.1711964047519686,-113.79220000000004,3.165350046991691,0.4476480966113963,0.97962,1.1502279754900766,0.1626668002759014,0.024788016000000003,0.02233906949825224,0.003159221505522345,-79.65383198399999,3.1771406122534485,0.44931553434151855
THR 124,50.68357999999999,2.5857209678540967,0.3656761661251749,-7.040560000000002,0.9502159998652826,0.13438083541933937,-54.598639999999996,3.0399180433689352,0.42990933254350305,-0.9141800000000001,3.0631535821110893,0.43319533394532306,0.26896132799999994,0.04923102633411196,0.006962318513124812,-11.600838672,2.556401736563075,0.3615298006721633
LYS 125,130.05026,3.617120317654803,0.51153806099627,-8.881200000000002,0.828378536660626,0.11715041613242354,-36.111279999999994,3.663615749720567,0.5181135080578501,-93.76726000000001,3.8437459011227033,0.543587758368372,0.8536273920000004,0.062160813433139325,0.00879086654052893,-7.855852608,3.2896079476604694,0.4652208174471758
SER 126,66.68064,3.6615050990542977,0.5178150169780831,-4.351940000000001,0.827857461402621,0.11707672496273476,-56.74152,3.234420456526788,0.4574161276037161,-9.68248,2.128651725764458,0.30103681401449905,0.36943776,0.06383052781999553,0.009026999813647083,-3.72586224,2.4950319389205777,0.35285080065755203
SER 127,71.49598,7.182398932083908,1.0157445980127096,-3.0170999999999997,0.3308534569866295,0.046789744602851485,-57.74698,7.217897778411641,1.0207648930052375,-11.1104,3.0555740540854184,0.43212342681229393,0.797814288,0.06960447290491996,0.009843558958396842,0.41931428799999965,2.0803054040001836,0.29419961162151004
GLY 128,84.35972000000004,2.644770893970543,0.3740270867622757,-2.508660000000001,0.6078862265259777,0.08596809459328411,-77.21084,2.5691874852564505,0.36333797859288985,-5.611939999999999,1.4232267199571587,0.20127465296951885,0.39691252799999993,0.07309909055602562,0.010337772526147046,-0.5748074720000005,1.9993536098190439,0.2827512990985697
THR 129,46.18730000000001,2.855342103846581,0.4038063528474761,-4.564960000000001,0.662434720104545,0.09368241653586726,-50.47797999999998,3.3163382908868484,0.4690010588389391,-8.202340000000001,1.6818562317867645,0.237850389295455,0.675185472,0.08049856455741629,0.011384216174866426,-16.382794527999998,3.209731439487895,0.4539245733299098
SER 130,59.080079999999995,5.313358368640307,0.7514223466679705,-4.726200000000001,0.8806646807951287,0.12454479354834436,-50.95286000000001,5.0986402854485355,0.7210566241343147,-6.851840000000001,1.561868142449924,0.22088151096911554,0.401356656,0.04081633602956572,0.0057723015979389445,-3.0494633439999985,2.749478637527253,0.388834997864614
TYR 131,94.32456,3.7213016172302282,0.526271521676792,-9.382479999999997,0.6240971475660412,0.08826066503262582,-72.21846000000001,1.9428463779722087,0.2747599697335742,-11.981779999999997,1.0946827538607202,0.1548115197005759,0.910888128,0.07205238409266222,0.010189745878515837,1.6527281280000015,3.3777038931508496,0.4776794655374335
PRO 132,78.26776000000001,2.728334858920549,0.3858448160180725,-7.878819999999999,0.6340226712034917,0.08966434604679954,-49.07433999999999,1.418523903359118,0.20060957426808862,-6.39982,1.0284489037380473,0.14544463878740882,0.117297216,0.02825244293499134,0.0039954987968836685,15.032077215999998,2.5824046043629516,0.3652071615024813
ASP 133,95.36887999999998,3.6806108603877976,0.520516979657813,-6.734239999999999,0.7093505356310139,0.10031731479659993,-112.95537999999999,4.987538995897487,0.7053445290862914,-28.050120000000007,3.8979847544082746,0.551258290560774,0.4859087040000001,0.05742720887253585,0.008121433763677273,-51.88495129599999,2.7868950914756105,0.39412648352758156
VAL 134,56.09785999999999,3.308098928448482,0.46783583702837456,-7.671819999999997,0.7374355209779575,0.10428913151426965,-57.740879999999976,1.9429191608512622,0.2747702627870408,3.4427,0.9172564145319451,0.12971964616047943,0.318274704,0.034504799496562565,0.004879715541500312,-5.553865295999999,2.696414566157331,0.3813306049240063
LEU 135,77.05841999999998,2.588859981459541,0.3661200896865042,-12.365399999999998,0.8815528118042874,0.12467039424017598,-78.75532000000003,1.818641640784236,0.2571947673493525,3.6834799999999994,0.5609992242418906,0.07933727114036669,0.000652176,0.0014823966608920843,0.00020964254626501755,-10.378167824,2.775072051229747,0.39245445314116323
LYS 136,122.56335999999999,3.531711130656703,0.4994593779358727,-11.948179999999997,0.9764708636718745,0.13809383386669344,-48.37520000000001,4.699967365844063,0.6646757591487623,-71.35069999999999,4.865598340389488,0.6880995162038837,0.301018896,0.0509667020948894,0.0072077801332021815,-8.809701104000002,4.150264553367732,0.5869360418808962
CYX 137,84.9002,2.26898826792904,0.3208833981370686,-8.257299999999999,0.7330624871046219,0.10367069113303083,-76.76677999999998,1.5876962088517146,0.22453415114864408,-0.27216,0.684310700193998,0.09677614730913808,0.015518160000000001,0.024677230853659412,0.0034898874555056927,-0.3805218400000004,1.8986793089785874,0.26851380293546945
LEU 138,89.52100000000002,3.4269583073038654,0.4846450915876271,-11.023220000000002,0.892663235268456,0.12624164539484956,-82.88056,2.103211631386575,0.29743904136477367,-1.0881799999999997,0.6959419139554688,0.09842104933397135,0.02178144,0.018644250118725617,0.0026366951378177955,-5.44917856,2.961270942693912,0.4187869529019091
LYS 139,119.65227999999999,3.527500939986126,0.49886396706122205,-7.255720000000002,0.7754764739177998,0.10966893467158181,-21.352199999999996,3.8584372432372485,0.5456654278951574,-100.1356,2.8458654641424785,0.40246615360794963,0.9350959679999997,0.07436057987904834,0.010516174057087805,-8.156144032,3.8826046945441868,0.5490832216357837
ALA 140,93.11363999999999,2.0613904022288345,0.2915246264177747,-6.4006599999999985,0.9533400360836752,0.13482264085827894,-78.79015999999997,1.8253930027265577,0.2581495541116846,1.1068799999999996,0.44958299078145847,0.06358063629753967,0.0006115679999999999,0.0014377290645236328,0.0002033255942067304,9.030311567999998,2.017732615595464,0.2853504830217644
PRO 141,88.26765999999998,2.612375551945679,0.3694456935573479,-8.462,0.5785741093412239,0.08182273522682929,-64.84855999999998,1.4663324337958459,0.20737072148216337,-1.3876000000000002,0.5458781182645072,0.07719882382523703,0.23466225599999999,0.030786287643768756,0.004353838552093701,13.804162256000007,2.5794528509966597,0.36478972053814224
ILE 142,80.13843999999999,2.862959379104695,0.40488359824531145,-10.06334,1.0512209779109338,0.14866509640127504,-62.99612000000002,1.3938030081751975,0.19711351174377822,0.3027000000000001,0.5148053709898528,0.07280447376363625,0.041766623999999995,0.02377966997465323,0.003362953178691087,7.423446623999997,2.587017936862345,0.3658595852413191
LEU 143,73.26193999999998,3.5623388519907015,0.5037907918253851,-9.961899999999998,1.0142429738480137,0.14343561691574813,-73.37272000000002,1.8346812915597088,0.2594631165155927,-2.1340399999999997,0.6930952592537347,0.0980184715653128,0.126546912,0.03454042803681871,0.004884754177984092,-12.080173088000002,2.8631888311800404,0.4049160476689983
SER 144,73.37147999999999,7.430853084915961,1.0508813212690105,-4.998139999999999,0.7682053894630057,0.10864064804666881,-64.57926,6.410155685503924,0.9065329107362654,-8.831740000000002,1.4174381652826995,0.20045602771680304,0.3925860479999999,0.04724981594537007,0.006682133052957487,-4.645073952,2.674578022274587,0.37824245127257305
ASP 145,104.61602,6.010566364295448,0.8500224469930168,-4.75252,1.1128081099632592,0.15737483214288117,-183.15380000000007,12.048768099684503,1.7039531256462128,28.354380000000003,7.7108272575385906,1.0904756484727212,0.65149776,0.0756215024232444,0.01069449543339821,-54.28442224000001,2.9031213344786604,0.41056335644344
SER 146,82.64094000000001,4.459531152082771,0.6306729437100769,-4.54836,0.6691343590042295,0.09462988855536088,-72.88258,4.960005153586244,0.7014506557642112,-8.217219999999998,1.5253806776015084,0.21572140420459146,0.5968147680000001,0.03476358132775824,0.004916312819037579,-2.410405232000001,2.0931500213593512,0.2960161148287928
SER 147,69.73854000000001,4.8897621095917305,0.6915167892162701,-6.371419999999998,0.7530647273641412,0.10649943507831656,-57.81034,4.013073274237482,0.5675342651223649,-7.433319999999998,1.6605008333632474,0.23483027988741312,0.233890992,0.05990686418170063,0.008472109980500402,-1.6426490080000002,2.5431528166005766,0.35965612044238715
CYX 148,92.86823999999999,2.1482414069193996,0.30380721329168736,-9.17566,0.5256680553353252,0.07434068931615075,-71.75074,1.3221838723875097,0.18698503642813938,-1.4474200000000002,0.5576343995845299,0.078861413073822,0.011623392,0.009829086824478457,0.001390042789292013,10.506043391999999,2.1920653816130886,0.3100048592285784
LYS 149,133.66178000000002,3.075725438265603,0.4349732628931148,-8.0821,0.9879857741890763,0.13972228812898738,-65.29536,8.391356078155605,1.1867169572429561,-72.46552,7.242552321495443,1.0242515719255598,0.7957442880000003,0.05599222638473794,0.007918496594076105,-11.385455711999999,3.545211466044119,0.5013686136760196
SER 150,64.67124,5.332674756855197,0.7541540964869267,-4.82376,0.5009523554191586,0.07084536151365212,-57.539320000000004,6.42077302648204,0.9080344294970245,-9.22428,2.21064604168103,0.3126325613751711,0.647186688,0.04366342972460525,0.006174941449626127,-6.268933312000001,2.496085178161277,0.3529997511794141
ALA 151,83.24606000000001,2.0262618923520828,0.2865567049084088,-6.4510000000000005,0.6381393264797234,0.0902465290191257,-72.16199999999999,1.7761264594626887,0.25118221274618413,0.3835399999999998,1.1358010778300927,0.16062652884252962,0.04685515199999999,0.025884437468303153,0.0036606122522072617,5.063455152000001,2.090954364563856,0.2957056020669422
TYR 152,100.44163999999999,2.832012696017205,0.4005070763520324,-12.918120000000004,1.0577700438185753,0.1495912741840212,-91.78299999999999,1.4105835246465177,0.19948663514151482,-0.90436,0.7500426857186195,0.10607205385020127,0.065962368,0.031007923253552068,0.00438518256061974,-5.097877632000001,3.013289872073168,0.42614354044473624
PRO 153,83.40526,2.530542912578656,0.35787281071358484,-4.10206,0.4801115457891012,0.06789802595068581,-55.64892000000002,1.2258706594082187,0.1733642912250352,-6.564700000000003,1.0338498005029386,0.14620844093279745,0.7880313599999996,0.06071907309206036,0.008586973666151501,17.87761136,2.386140072884977,0.33745116527958596
GLY 154,70.84946,1.8667677328476517,0.26400082455936236,-2.0087,0.28690843487077966,0.040574979975349444,-63.540419999999976,1.7537660059436586,0.2480199670834416,-6.784139999999999,1.0742824583879254,0.15192648224717142,0.6767532000000002,0.03469516651477092,0.0049066375033981905,-0.8070467999999995,1.8463071102856872,0.26110725556718967
GLN 155,37.231759999999994,2.9977413134558697,0.42394464219754263,-6.978539999999998,1.062934903180824,0.15032169559980538,-72.56230000000001,2.0177404515944146,0.28535159119936343,-8.158159999999995,1.5494271116771097,0.21912208352423407,0.5468765760000001,0.17420983086885383,0.024636990551345616,-49.92036342399999,2.9211474690623223,0.4131126368439777
ILE 156,94.16252000000004,2.756312654542742,0.3898014738194933,-8.866719999999997,1.1586728967228184,0.163861092489953,-74.39666000000004,1.9284283923428565,0.2727209586516611,-2.396220000000001,1.4300459194025896,0.2022390334035444,0.174045456,0.046049878123392174,0.00651243621877293,8.676965456000001,3.2627051126358557,0.46141618203136636
THR 157,41.60372,5.52577674916386,0.7814628421313443,-6.435919999999999,0.905679365780185,0.1280824042247801,-47.088519999999995,4.101630769535519,0.5800581862123926,-6.272200000000001,1.9137440058691189,0.27064427280103237,0.31559889599999996,0.08770959115990243,0.012404009336853334,-17.877321103999996,2.878757488319913,0.4071177882765128
SER 158,57.74866,5.240829032166511,0.7411651495368541,-3.6400799999999998,0.6023941181651753,0.08519139318029717,-48.83214,5.340791993740266,0.7553020471361127,-7.177399999999998,1.7299432823072711,0.24465092519751708,0.656672832,0.043712763316307364,0.006181918273072698,-1.2442871679999998,2.0645270190438745,0.2919682110217544
ASN 159,16.66838,3.1884887510543334,0.4509204035215089,-8.1517,0.990186573328489,0.14003352812808903,-75.20754,3.4008092402250796,0.48094705505700486,-4.673480000000001,1.5035674675916588,0.2126365504611093,0.189063792,0.04202179618872005,0.005942779408536592,-71.175276208,3.3587125129581277,0.47499367879376037
MET 160,95.37620000000001,2.7853641054623095,0.3939099694092002,-12.511440000000002,0.8099325443516396,0.11454175888294371,-79.96134000000002,1.9983197402811612,0.2826050878663499,1.5776799999999997,1.136368574715087,0.16070678502166597,0.039833999999999994,0.0165943012909372,0.0023467885943748747,4.520934,3.1197998803954308,0.4412063302745178
PHE 161,95.53062000000004,2.6297695023693413,0.3719055696165867,-13.027559999999994,0.9384866575503986,0.1327220559213968,-74.06943999999999,1.4636088160446337,0.20698554376591494,-3.3275400000000013,0.5637500229711656,0.07972629282739663,0.13461235199999996,0.027563245243434363,0.0038980315246280577,5.240692352000001,2.4994604941803,0.35347709294855384
CYX 162,84.15781999999999,2.4419827901936846,0.3453485180973601,-8.350499999999997,0.5804234747148653,0.08208427498614797,-72.34758000000002,1.5538997920059663,0.21975461604235688,1.1732399999999998,0.46763081848826094,0.06613298456897297,0.00716688,0.006619753142950267,0.0009361744674322189,4.640146879999998,1.880670417726319,0.2659669611102434
ALA 163,93.83794000000002,3.020670974534241,0.4271873859653077,-7.359080000000001,0.63460522657789,0.08974673181793029,-79.2784,1.7761078570850501,0.2511795819727093,-0.55012,0.6538608610400227,0.09246988975877497,0.0008644319999999999,0.0014223864945140615,0.00020115582714781097,6.651204431999998,2.0151165527684984,0.2849805158687729
GLY 164,81.22354,2.5941210936273023,0.3668641233045856,-5.171099999999999,0.4860733380879965,0.06874115070320073,-76.33954,2.3106913182851665,0.32678110007766487,-0.9354200000000001,0.6887212524672078,0.09739989359337098,0.004577327999999999,0.0052190246435532385,0.0007380815433272398,-1.217942671999999,1.5956175050078099,0.22565439159419645
TYR 165,85.58404,3.367488933671354,0.476234852113934,-12.0204,0.9976246789249166,0.14108543510937213,-80.97650000000002,2.6362519094346766,0.37282232041544877,-4.95646,1.7600594559275529,0.2489099953155756,0.34034904,0.07405306030354188,0.010472684221650158,-12.028970960000002,3.4512297762492987,0.488077595643762
LEU 166,67.70988000000001,3.0494153907920816,0.43125246029674136,-7.157020000000002,0.7023664140603386,0.09932961085194877,-73.81163999999998,2.05726037982603,0.29094055304827965,0.08506000000000004,0.6645098467291511,0.09397588375748323,0.514401696,0.07164802591417865,0.010132560996509042,-12.659318303999996,2.570754860897426,0.36355963898176996
GLU 167,103.96576000000003,2.655112099779302,0.37548955411287954,-4.47346,1.3352174835583888,0.18882826739659483,-158.75114000000005,7.68906586266465,1.087398122496033,8.554259999999998,7.405385021212607,1.0472795931593437,0.9139571999999998,0.0687724262015785,0.009725889785157512,-49.790622799999994,3.167190635962061,0.4479083951998615
GLY 168,79.52069999999998,1.5353012635971044,0.21712438693075753,-4.25526,0.5496704398091588,0.07773513908136963,-76.37511999999998,1.8573705461219394,0.2626718616677969,-1.8024200000000008,1.1020002012703978,0.1558463630374477,0.049697568,0.024802390038618775,0.0035075876371882023,-2.862402432,1.7354962667690241,0.2454362357912629
GLY 169,80.87894000000001,1.5398092532517058,0.217761912941615,-3.0130799999999995,0.4458173993912777,0.06304810125610477,-71.3285,1.1226014119001189,0.15875981418483331,-1.4199200000000003,0.8147981551280044,0.11522986015786008,0.3615098400000001,0.04481569023134609,0.006337895693228107,5.478949840000001,1.6911419896648816,0.2391635937682696
LYS 170,119.65888,3.146576683572768,0.44499314209555635,-8.68778,1.0442158261585595,0.14767441833980607,-39.475440000000006,5.030783708966167,0.7114602550585575,-80.99438,5.506884588912041,0.7787910872062794,0.6319755359999999,0.07348478029891678,0.010392317292673533,-8.866744463999998,3.4512038814459367,0.48807393356555107
ASP 171,113.296,3.135749103483081,0.4434618910345047,-8.497720000000001,1.315681208195961,0.18606542083901478,-196.35555999999997,3.8330581845848704,0.5420762870005118,28.899280000000005,2.714798784735198,0.38393052604865135,0.002550384,0.004410612407698503,0.0006237547885338273,-62.655449616,2.942260207695464,0.4160984289753605
SER 172,76.88354000000002,2.3352426786946467,0.33025318676424453,-7.048600000000001,0.8507261604065027,0.12031084739124652,-69.79726000000001,1.8424737915093057,0.26056514242694384,-0.8920600000000001,0.8456172517161649,0.11958833859536637,0.011821103999999997,0.02229712956902713,0.003153290303850833,-0.8425588960000009,2.165355120737949,0.3062274579101638
CYX 173,85.83517999999998,1.9312640595224257,0.27312198255003345,-7.73538,1.1178131487865086,0.15808265152128548,-73.84088000000001,1.5872990347130977,0.22447798224329849,0.25136,0.4237511420633578,0.059927461217708866,0.020900592,0.033934052010025785,0.004798999657885245,4.531180592000002,2.565629190903921,0.36283475977966356
GLN 174,38.355500000000006,2.767734873502036,0.3914168195159562,-7.338000000000001,1.4311653014239767,0.20239733792715664,-78.36410000000002,2.2665723835776714,0.3205417404955856,-6.0000599999999995,1.692489189448492,0.23935411658879038,0.564512544,0.16225203897450396,0.02294590340404315,-52.78214745599999,2.55188557423544,0.3608911188708013
GLY 175,72.64176,1.4244513969947437,0.20144784845712682,-5.32826,0.6164990773715721,0.08718613564093772,-71.98976,1.2147173261301039,0.1717869717062775,0.41026,0.7149372786475747,0.10110739957095127,0.04592635199999999,0.021326256077785814,0.0030159880579846343,-4.220073648000003,1.603331344374668,0.22674529321925427
ASP 176,97.15856,3.2215160726592282,0.45559117213575895,-7.900040000000001,1.2189726323424883,0.17238876288203794,-185.94104000000004,3.5801032887861877,0.5063030625697947,25.201340000000002,2.425420818002539,0.34300630152812367,0.000195984,0.0006114360903185222,8.647012114528348e-05,-71.480984016,3.26898158147294,0.4623038087666881
SER 177,89.0417,3.99648013256629,0.5651876405229872,-7.3438199999999965,0.8209432304368246,0.11609890504221383,-81.38271999999998,3.330104112727326,0.47094784003334067,-4.28668,1.1601659095146697,0.1640722363838563,0.06591283199999998,0.03273616664628552,0.004629593085128275,-3.9056071680000004,2.473997671707872,0.34987610606087327
GLY 178,71.84069999999997,1.6708663052447017,0.23629617897892807,-6.479860000000001,0.6137006113733172,0.08679037278408053,-70.46066000000002,1.0070038849968364,0.14241185515249224,1.6782600000000003,0.3626014787614618,0.0512795929000999,0.00023774400000000002,0.0008899415414868551,0.0001258567397689929,-3.4213222560000003,1.6378562206290346,0.23162784804307207
GLY 179,87.17040000000001,1.5751945784556836,0.22276615362285979,-5.06538,0.7701063274639391,0.10890948127688387,-78.33178,1.1620483172395986,0.16433844903730732,0.8324600000000001,0.4592265763215363,0.06494444524360798,0.000130896,0.00040795403317530764,5.769341265413236e-05,4.605830896,1.8010380235553303,0.2547052399261582
PRO 180,89.564,2.557985715363108,0.361753809102315,-10.116620000000001,0.5709557212254022,0.08074533244714757,-63.439980000000006,1.1513306994953023,0.16282274900027588,-0.7587999999999999,0.4543979753476022,0.06426157794514543,0.005087232,0.004930262688232342,0.0006972444359760212,15.253687232000004,2.7713821690174116,0.39193262499433884
VAL 181,60.26752,2.4385533764100287,0.34486352574897655,-9.65334,0.9566774087434128,0.13529461662608833,-63.655560000000015,1.6511468639701123,0.23350742884963366,1.8189600000000008,0.563627854528142,0.07970901560049483,0.00047995199999999996,0.001327543809934723,0.00018774304606541356,-11.221940048,2.4141934335450914,0.3414185095911538
VAL 182,41.39772,3.621443640538947,0.5121494711819974,-8.18426,1.0646711945009157,0.15056724427311582,-46.92458000000001,1.5784183867399564,0.22322206896267072,1.1816399999999998,0.5636122695612651,0.07970681155334218,0.066038976,0.025345508225849887,0.003584396147823575,-12.463441024000002,3.2052799488063615,0.4532950374804496
CYX 183,94.69232000000004,2.5151335108886177,0.35569359222777414,-7.188880000000001,0.5833065279936196,0.08249200029093383,-79.7464,1.8347432081905557,0.2594718728495007,-2.3179399999999997,0.8088861084231828,0.11439377049472589,0.020414592000000013,0.01441819937012717,0.002039041309423306,5.4595145920000006,2.2878109620654192,0.32354532906987543
SER 184,81.9136,2.243229698448401,0.31724058630638363,-2.7800199999999995,0.46447904107720694,0.0656872559329436,-67.77783999999998,2.5198159882028404,0.35635579452010196,-10.782140000000002,1.6999750587582028,0.24041277837918495,0.8094496319999999,0.0771491514694323,0.010910537633364735,1.3830496320000003,1.9317776734888654,0.27319461853374977
GLY 185,81.6148,1.8031874444988738,0.255009213951119,-2.962920000000001,0.35212724063894585,0.04979831193926117,-70.01494000000001,1.2329340357045826,0.17436320348048145,-3.402600000000001,0.8591836823403926,0.12150692161354401,0.4060347839999999,0.03267011430454081,0.004620251873376086,5.640374784000001,1.7556434391879077,0.2482854762390883
LYS 186,127.65657999999999,3.463214472654834,0.48977248766352527,-9.4234,0.864684173557009,0.12228480854136932,-33.40292,4.851332785286932,0.6860820620538021,-93.76483999999996,3.82861441443316,0.5414478429988501,0.584546544,0.06381555779627454,0.009024882732589555,-8.350033456000002,3.888772908628104,0.5499555388370934
LEU 187,71.08107999999999,2.2264938701020225,0.314873782763884,-11.717379999999999,0.8509795741379764,0.12034668550484069,-77.92808000000002,1.4284357296000099,0.2020113181778641,4.097600000000001,0.6785861772833265,0.09596657751529937,0.0004367519999999999,0.0013676358664849353,0.00019341291907708748,-14.466343248000005,2.387463953946296,0.3376383903347746
GLN 188,32.330600000000004,2.4419397699369836,0.34534243411431176,-11.307640000000001,1.0568683127050296,0.1494637501469822,-75.65106000000003,1.8760921769457797,0.2653195000898786,-1.39196,1.1951557716046897,0.16902055013518333,0.07814808000000001,0.026206094788991337,0.003706101466742644,-55.94191191999998,3.1070441578334425,0.4394023986900146
GLY 189,84.07894,1.7214817734730423,0.24345428714236644,-5.494760000000001,0.605730717728585,0.08566325961577538,-81.88723999999999,1.557147540344008,0.22021391701704024,1.4617400000000003,0.4246926328534544,0.060060608122129266,0.0,0.0,0.0,-1.8413200000000003,1.675180628350268,0.23690631640376322
ILE 190,92.29611999999999,3.5870653779381545,0.507287650659911,-11.808759999999998,1.165544980856625,0.16483295194833283,-76.3823,1.7898109537043332,0.25311749248125914,1.59092,0.4333766417332616,0.061288712435488446,0.001069056,0.0022482173756254087,0.00031794595037722996,5.697049056000003,2.8723138257863794,0.4062065167818849
VAL 191,53.62731999999999,2.999942635718356,0.42425595617741885,-9.901800000000003,0.8202040965515563,0.11599437572571825,-57.577760000000005,1.27500797738656,0.18031335737539614,0.63254,0.3905118287581056,0.05522671244968325,0.012223872000000004,0.02241112765054932,0.0031694120671481524,-13.207476127999996,2.9368701701095854,0.41533616254979544
SER 192,56.73972,2.691707569852317,0.3806649351227472,-6.866880000000002,1.1274666937874405,0.15944786894781515,-49.51096,2.0464284982380874,0.28940869366351085,-1.3836,1.214727113388023,0.17178835583356628,0.020991600000000003,0.03469459206670687,0.0049065562641738844,-1.000728399999999,1.907483207017737,0.269758862136341
TRP 193,118.94913999999999,3.5557162879510495,0.5028542198371292,-16.83406,1.9991509338716793,0.2827226363912167,-85.26562,1.5522155119702896,0.21951642287542808,-2.4414,0.7520707413535002,0.1063588642286108,0.11529647999999997,0.153940776913721,0.021770513451363525,14.523356479999991,3.74814818723106,0.5300682000166296
GLY 194,83.81112000000002,1.9840784928010142,0.28059107133319633,-4.836099999999999,0.7806346968973381,0.11039841756112258,-79.27198000000001,1.4101071943641412,0.19941927186696423,-2.60096,0.6295510768793899,0.08903196711294202,0.08092497599999997,0.07801810642542555,0.011033426421750432,-2.8169950240000015,1.7182033201242648,0.2429906438234216
SER 195,60.55643999999998,2.0766425995831264,0.29368161285321775,-4.083020000000001,0.9249685722228561,0.13081030996064408,-50.867419999999996,3.459124120872303,0.489194024566952,-7.120039999999997,3.301583704587851,0.4669144452338145,0.394764336,0.054096388807142584,0.0076503846726469135,-1.119275663999999,2.382443850532652,0.33692844050156556
GLY 196,77.17869999999999,1.9811623482190224,0.28017866621142695,-3.8235200000000007,0.5726526081316652,0.08098530849481263,-71.46887999999998,1.5448552506957256,0.21847552474371829,-1.7797599999999998,0.731925913190673,0.10350995530865624,0.134705952,0.03548122913845151,0.005017803545726557,0.24124595200000024,1.84439884446966,0.2608373860274258
CYX 197,84.42298,2.6742432386754618,0.37819510572193876,-6.355459999999999,0.8293314466484585,0.11728517795527489,-74.51939999999996,1.869032509082356,0.26432111228604827,2.17066,0.7163404947369646,0.1013058442934068,0.07812964799999998,0.04038602634612248,0.005711446618904354,5.796909648,2.7810985654840077,0.39330673096038427
ALA 198,91.99582000000001,1.9871679615965638,0.2810279882003158,-5.8091800000000005,0.9074617499377001,0.12833447140967177,-81.59700000000001,1.4881720330651884,0.21045930723051315,1.83988,0.7919720358699539,0.112001759414752,0.027419759999999998,0.012188188688529578,0.0017236701744080874,6.456939759999998,1.9115765215635763,0.27033774423091944
GLN 199,51.785779999999995,3.0298908646353215,0.4284912753277615,-8.15522,0.8228353004095071,0.11636648414384648,-85.62722000000002,2.5364438593420053,0.3587073306079419,-8.7338,1.8571978892945,0.2626474443050968,0.566719776,0.06911053725986085,0.009773705909578633,-50.163740223999994,3.076613108940962,0.4350987984839161
LYS 200,118.79017999999995,2.535805266106128,0.3586170198864402,-5.932260000000001,0.7358520451829897,0.10406519421977636,-32.068340000000006,3.7478165195750583,0.5300212951268978,-87.98443999999998,3.877099411467633,0.5483046570366271,1.1899837440000003,0.0694145150256121,0.009816694857477163,-6.004876255999999,2.338152971531144,0.3306647643242297
ASN 201,23.650359999999996,3.028555423035914,0.4283024153655976,-5.466420000000003,0.8422562814250529,0.11911302561852402,-73.26137999999996,2.3519842592174283,0.3326208037873324,-9.90156,1.576589396894453,0.22296341073817538,0.6722681759999997,0.08080729756151427,0.011427877615021181,-64.30673182400002,2.591824256420704,0.3665393014717722
LYS 202,142.64288,2.7304333622342,0.38614158920275754,-8.267179999999998,0.8127544202279283,0.1149408323965018,-59.44574000000001,3.7463194781545033,0.5298095814988595,-70.65025999999999,3.540375306715614,0.5006846774648027,0.662157216,0.0487273713541428,0.0068910909427818984,4.9418572160000025,3.2363920852790184,0.457694958015853
PRO 203,86.62953999999998,2.2563955079731786,0.3191025129453398,-9.04946,0.7506863582082691,0.10616308288666015,-70.3193,1.339314918157712,0.1894077321547248,0.03493999999999999,0.4695739094115005,0.06640777912262992,0.003303647999999999,0.004404570528450646,0.0006229003377763734,7.299023648000005,2.3568943583988573,0.3333151966728298
GLY 204,82.80969999999998,1.9147035514681665,0.27077997304102125,-5.554779999999999,0.8061777543445395,0.11401075138775331,-82.64885999999998,1.213398912312882,0.17160051983616398,0.9761200000000002,0.39785412603113673,0.05626507008793282,0.006672672000000001,0.01305498469028654,0.0018462536405576345,-4.411147328,2.0960682621439934,0.2964288163983839
VAL 205,49.63565999999999,3.0259042589615155,0.4279274841465885,-10.876999999999999,0.7952351601885105,0.11246323488145323,-53.09924000000001,1.8017563937444632,0.2548068328125858,0.12041999999999996,0.40609940113228443,0.057431128075286844,0.0017130240000000005,0.0022585204589341224,0.00031940302639217426,-14.218446976000003,2.710099627239245,0.38326596482240094
TYR 206,91.55446000000003,3.247375483123748,0.4592482450351486,-14.498539999999997,1.1871256919130273,0.16788492537449476,-96.84701999999999,2.2872370361649614,0.32346416369065295,-0.69658,0.8617293795618204,0.12186693756716789,0.0021564,0.002869065211388545,0.0004057470933278511,-20.4855236,3.0775492527007997,0.43523118920406545
THR 207,57.86244,3.1849248415621343,0.4504163906076151,-10.014859999999999,0.9372482063999953,0.1325469124800731,-62.48429999999999,2.1776545479029203,0.3079668595807761,0.28228,0.77010168263678,0.10890882439912754,0.0030978719999999998,0.004629463345790308,0.0006547049850125779,-14.351342128,2.3940970040051064,0.3385764452700815
LYS 208,132.20553999999998,3.5381729534336896,0.5003732176767594,-11.37426,0.9145743449277336,0.12934034423952898,-50.725620000000006,4.701023360460983,0.6648250993396665,-73.92323999999999,4.3138670427354855,0.6100729278110839,0.336154464,0.06749796147664854,0.009545653255281306,-3.481425535999999,4.174374476048563,0.5903456998451959
VAL 209,48.35766,3.0695173275939043,0.4340953034622518,-9.47994,0.9740398433329016,0.13775003567331542,-54.008140000000004,2.183236918064621,0.30875632594006247,2.0559799999999995,1.0709747800952183,0.15145870589702007,0.00037123199999999993,0.0008807294280174814,0.00012455395018834208,-13.074068767999997,2.992894373577631,0.4232591813863614
CYX 210,78.53832,2.334747005052565,0.33018308792553025,-7.275579999999999,0.5133658769337944,0.07260089856193293,-62.17147999999998,1.2913650953940143,0.18262660318814405,-3.1487,0.7606213052498599,0.10756809657142777,0.17472988800000003,0.02385964940443693,0.003374263978122184,6.117289888000001,2.3735876050879456,0.33567597825960466
ASN 211,22.537360000000003,3.69119413068449,0.5220136800965972,-6.975339999999999,1.0063321044267766,0.1423168510331805,-79.42610000000002,2.937254073109061,0.4153904546326448,-4.85504,1.5318676830588194,0.21663880531428323,0.4684449600000001,0.05276721039603199,0.007462410459066301,-68.25067504,3.0524195520069846,0.4316773128501084
TYR 212,99.02082000000006,3.1094572561119445,0.4397436623212942,-12.284680000000003,1.1421366720318085,0.1615225171671055,-98.59725999999996,1.196522641826426,0.1692138547757417,-2.124799999999999,0.6173312238984866,0.08730381893136215,0.06233918400000001,0.026336373384711564,0.003724525642438091,-13.923580816000003,2.961097829676952,0.4187624710242683
VAL 213,59.02522,3.1873637212593144,0.45076130028208994,-7.470440000000004,0.9565674290921246,0.13527906315464464,-61.12732,1.5268911217240078,0.215935013260916,0.3373199999999999,0.6885748888828287,0.09737919465676433,0.21680107199999998,0.06250647943160788,0.008839751094837476,-9.018418928000001,3.260003325933672,0.4610340916916796
SER 214,69.52364000000001,5.553843414285052,0.7854320679778416,-4.650820000000001,0.3841642195728114,0.05432902494983455,-57.89088000000001,5.770392155269767,0.8160566846193819,-9.94872,1.5777032298883082,0.22312093051078824,0.6927412319999999,0.04522790293187612,0.006396191372395307,-2.2740387679999996,2.4124595931466986,0.341173307530514
TRP 215,119.48179999999998,2.71431804326702,0.38386253893822214,-15.681,1.1562126102062684,0.16351315543405015,-86.29102,1.4325240450339118,0.20258949329125245,-4.190440000000001,0.6703980954626828,0.09480860787924189,0.356578272,0.059679566989391385,0.008439965303295095,13.675918271999999,2.6953308659656403,0.38117734657314273
ILE 216,95.22828000000003,2.8746260837885274,0.4065335194445192,-10.73788,1.0423978633899706,0.1474173195794833,-70.58946,1.1775545713043385,0.16653136451730313,-1.24916,0.46267480415514284,0.06543209830045187,0.003258864,0.0072260627488490575,0.0010219195941981345,12.655038864000003,2.7402242589998056,0.38752623110212897
LYS 217,123.71887999999996,3.352715786584545,0.4741456136170243,-7.575980000000002,0.8981535167219188,0.1270180884441228,-25.491480000000003,4.022657476047378,0.5688896759407726,-101.936,3.6026545213215684,0.5094922884597712,1.0438279200000002,0.10224150576496545,0.014459132409026111,-10.24075208,2.8665914524703866,0.40539725098664103
GLN 218,40.808400000000006,2.5788461295702754,0.36470391717116474,-6.332700000000001,1.0733815025423055,0.15179906784957392,-85.43703999999998,2.2731203132263293,0.32146775758704527,-10.608619999999998,1.6492631068449974,0.23324102536217822,0.893557728,0.04422199792728917,0.0062539349224007236,-60.676402272000004,2.769928092340531,0.39172698749862134
THR 219,51.36166000000001,2.5735385181496895,0.36395330756568484,-8.821500000000002,0.8847483088426673,0.12512230576519598,-59.57538,1.6569680611282402,0.2343306704466609,-2.65048,0.6640710576436837,0.09391382960991428,0.055065024000000004,0.02228476162089741,0.003151541211852455,-19.630634976,2.2278557075183847,0.31506637565828066
ILE 220,69.96256,2.917180352052627,0.41255160177611455,-8.814159999999998,0.8881772426717867,0.12560723023775802,-48.2948,1.4306749316317338,0.20232798916607983,-4.810780000000001,0.7763243211441914,0.10978883837622015,0.31522190399999994,0.05238143474864748,0.007407853543809858,8.358041903999998,2.644118380112315,0.37393480736748147
ALA 221,90.33257999999998,1.9341930523107458,0.273536204682567,-3.846379999999999,0.47074200534901306,0.06657297283432823,-75.78197999999998,1.2989865355743144,0.18370443759492364,-4.906559999999999,0.8992958836778996,0.12717964352835828,0.6157965599999999,0.0379893214365931,0.005372501360098091,6.413456560000001,2.0664882165016056,0.29224556622607595
SER 222,80.91715999999998,2.8211832933015097,0.39897556753273883,-3.7673399999999986,0.6750171734111746,0.09546184414728345,-65.23832000000002,3.784569631754401,0.5352189700972424,-6.026059999999998,1.7069941699959068,0.24140543061000158,0.5342014079999999,0.041346820597768064,0.005847323445037083,6.419641408000003,2.2629951087597338,0.3200358374391993
ASN 223,96.26879999999996,4.812426311125096,0.6805798557114234,-5.07062,1.1663251671810908,0.1649432869564566,-249.68764000000002,15.571998968353256,2.2022132134305017,28.386619999999997,13.393958434891445,1.8941917672484994,0.5265267840000001,0.08455915050051775,0.011958469746057989,-129.57631321600005,3.6268495687805857,0.5129139848856515
UNK 224,127.36320000000003,6.881479573462722,0.9731881741984403,-21.588800000000003,9.664440124497643,1.366758229680729,-29.507799999999996,3.142979968119478,0.44448448971815235,-3.774819999999999,1.7523163263520658,0.24781495142948898,2.372672592,1.5321718887610247,0.21668182649726422,74.864452592,13.767253760372377,1.9469836984550606
Sidechain Energy Decomposition:
Residue,Internal,,,van der Waals,,,Electrostatic,,,Polar Solvation,,,Non-Polar Solv.,,,TOTAL,,
,Avg.,Std. Dev.,Std. Err. of Mean,Avg.,Std. Dev.,Std. Err. of Mean,Avg.,Std. Dev.,Std. Err. of Mean,Avg.,Std. Dev.,Std. Err. of Mean,Avg.,Std. Dev.,Std. Err. of Mean,Avg.,Std. Dev.,Std. Err. of Mean
ILE   1,5.012020000000001,2.353841409186269,0.33288344445466195,-8.59454,0.8877534389682791,0.1255472953432296,13.944240000000002,0.5654295202763273,0.0799638096140895,-3.5079000000000002,0.39693401214811774,0.0561349463347035,0.0008023679999999999,0.0019611410488223433,0.0002773472268971154,6.854622368,2.320184200149355,0.328123596305499
VAL   2,-13.043120000000002,1.9867011414905724,0.2809619698678077,-6.798960000000001,0.5310956584269747,0.07510826830648963,12.2114,0.5799028884218216,0.08201065296654718,-0.07148,0.1651591038968182,0.02335702446802674,0.06160939200000002,0.021045592610823106,0.002976296249840503,-7.640550608000001,1.8756686822244926,0.2652596088920348
GLY   3,3.4014599999999984,0.7003473483922235,0.09904407184683174,-0.8041200000000002,0.0635882504870184,0.008992736624631898,-1.7223599999999997,0.1187246831960453,0.016790205716429637,1.38798,0.11256437980107444,0.015919007255479553,0.008858304000000001,0.00532527097590198,0.0007531070437432387,2.271818304,0.7089295929888152,0.10025778451724207
GLY   4,2.862439999999999,0.49350777744631885,0.06979253920011871,-1.03842,0.09994740416839396,0.014134697449892795,-1.7036999999999995,0.1213042868162581,0.017155016758954804,1.3887800000000001,0.11134815490164268,0.01574700708071233,0.000163152,0.0005185392013107591,7.333251711157881e-05,1.5092631520000004,0.5128779759557835,0.07253189894391313
TYR   5,9.816999999999998,2.754291829127773,0.38951568594858954,-7.277,0.7832579907029342,0.11076940732891892,-5.13082,1.0991027375091016,0.15543659978267674,-7.42904,1.1231751770761365,0.15884095683418747,0.7586549280000002,0.15790849404232823,0.022331633388857165,-9.261205072,2.80743662360505,0.39703149486051914
THR   6,-19.219980000000003,2.183711780340945,0.30882348160720613,-3.016719999999999,0.606694751584357,0.08579959459111734,9.16332,2.3719109379569856,0.33543886171998577,-3.293999999999999,1.523327699479007,0.2154310692541818,0.405060624,0.05544556807116184,0.007841187433971773,-15.962319376000004,2.31980162603376,0.3280694921552102
CYX   7,12.39966,1.520333892406543,0.21500768099768108,-4.229699999999999,0.3647430465409904,0.05158245631995496,1.11212,0.682434806849709,0.0965108559282322,-2.2263599999999997,0.2609123040410319,0.036898571896483975,0.032751504,0.015661362921546258,0.0022148511848897835,7.088471503999999,1.4457265483827813,0.20445660922057718
GLY   8,3.35804,0.7773967059359064,0.10994049648787275,-1.24634,0.13851766818712904,0.01958935649785341,-0.44594,0.11173815999916939,0.01580216213054402,0.31298,0.09482710372040278,0.013410577616195378,0.0,0.0,0.0,1.9787399999999997,0.8561535098333714,0.12107839050796808
ALA   9,10.118960000000001,1.1907680203969084,0.168400028408547,-1.5983799999999997,0.20408673548273912,0.028862222922014003,-0.20922000000000002,0.2429681699317834,0.03436088811424989,-0.39665999999999996,0.11382453338362536,0.01609721988419121,0.3851493120000001,0.022533726523737356,0.0031867501660675706,8.299849311999997,1.1685318696014697,0.16525536180555875
ASN  10,-64.44528000000001,2.065149215335013,0.29205620286509304,-4.94474,0.6265856624596452,0.08861259418389605,1.8812599999999997,2.291607058899933,0.3240821782326205,-2.0484599999999995,1.4872362718815055,0.2103269706148025,0.14151067199999998,0.04484260416933456,0.006341701898840123,-69.41570932799999,2.168882304758291,0.30672627705801914
THR  11,-22.077239999999993,1.9304566357212962,0.27300779558101945,-3.1281,0.5735527264341097,0.08111260444591835,12.03728,1.272137100158612,0.17990735402422894,0.46848000000000006,0.5235962276411088,0.07404768863374464,0.416148624,0.04139951583385642,0.005854775676791944,-12.283431376000001,2.007719758231972,0.28393445115360866
VAL  12,-8.66552,2.36602436369535,0.3346063744043137,-5.075200000000001,0.5682613835199346,0.08036429555467903,9.637599999999999,0.5191580491526719,0.07342003541268666,-0.2084,0.18429595763336754,0.02606338427756457,0.040807583999999994,0.016282306246663717,0.002302665832074399,-4.270712416,2.226878700468453,0.31492820599622595
PRO  13,23.542600000000004,1.6290657568066031,0.23038468872734882,-5.144420000000001,0.5062708006590786,0.07159750325255546,1.6971399999999996,0.7363165354655564,0.10413088306549599,-5.859719999999999,0.6238921714527331,0.08823167703268554,0.21338452799999996,0.035281929717967946,0.004989618351384462,14.448984528000006,1.6975151402761812,0.24006489337122422
TYR  14,10.777340000000002,3.1207543742499135,0.44134131608993893,-10.379499999999998,0.6516574637031641,0.09215828231906675,-5.28722,0.7183584422835195,0.10159122517225636,-8.80352,0.7278861515374392,0.10293864673678044,0.24922151999999995,0.04125319470043516,0.005834082743657329,-13.443678480000003,3.2403437782150357,0.45825381179029795
GLN  15,-41.615560000000016,2.097893869193275,0.29668699622324973,-8.637179999999999,0.7524095876582253,0.10640678433258102,-0.53074,1.118351569230356,0.15815879567068028,-0.7919800000000001,1.1469114436607561,0.16219777184659473,0.0010160640000000001,0.004104565007001838,0.0005804731500544016,-51.57444393600001,2.095559677476083,0.29635689166488655
VAL  16,-10.18274,1.969648555555029,0.2785503700374498,-7.011520000000001,0.6029097524505651,0.08526431488025946,11.307139999999999,0.531670575074429,0.07518957379849603,0.06384000000000001,0.12846390310122138,0.018167539404113038,0.000275616,0.0005994466619675181,8.477455992737443e-05,-5.823004384,2.145127860808594,0.3033668913779899
SER  17,0.46306,1.522450293572831,0.21530698532095977,-4.480600000000001,0.5242539842480813,0.07414070946517676,5.2787,1.3076721339846615,0.18493276670184755,-1.9971600000000007,0.5983175197167449,0.08461487509888523,0.00023774399999999997,0.0012124872598357477,0.0001714715927064305,-0.7357622559999999,1.9356553776200338,0.27374300871106666
LEU  18,-12.65546,2.4212665050340982,0.34241879295389255,-8.743800000000002,0.5800117929835379,0.08202605439736552,9.757839999999998,0.4338701815059585,0.061358509499500294,-0.3769200000000001,0.1454610380823674,0.020571297285295324,0.0,0.0,0.0,-12.018340000000002,2.2918675320358197,0.324119014696761
ASN  19,-57.38062,1.5986802168041743,0.2260875244502023,-7.622119999999995,0.6547727434767417,0.09259884940970477,-3.91438,1.3159090225391732,0.18609763865240214,-1.3534,1.0607021259524279,0.15000593321598982,0.045181008,0.03717650203226677,0.0052575513375622595,-70.22533899199999,1.3674451119459714,0.1933859423114788
SER  20,5.6734800000000005,1.6540079472602314,0.2339120471288302,-2.9343799999999987,0.6033639329625283,0.08532854570423784,-0.22016,1.153084166225519,0.1630707266433801,-2.45242,1.0455720939275297,0.14786622356711482,0.09682271999999996,0.030914816230720295,0.004372015239175652,0.16334271999999989,1.6026159300324514,0.2266441183527064
GLY  21,3.16372,0.7577571389304082,0.10716304228604169,-0.5505599999999999,0.04377495174183569,0.006190713044553177,-0.9341600000000004,0.08423926875275867,0.011913231635454338,0.7967999999999997,0.08076632961822819,0.01142208387291941,0.022376016000000002,0.007048041611663767,0.0009967436035384827,2.498176016000001,0.7541251307209937,0.10664939875920125
TYR  22,9.936680000000003,2.821758880131319,0.3990569678028428,-5.40408,0.5457019640792933,0.07717391186145721,-7.118979999999999,1.7969293307194958,0.254124183012952,-6.711980000000002,1.0527163053738506,0.14887656763909962,0.9916643519999999,0.0692779602218257,0.00979738309192497,-8.306695647999998,2.8772861547718795,0.4069097102906724
HIE  23,31.696360000000006,1.7310306266498905,0.24480469890914727,-8.659939999999999,0.6591771965109484,0.0932217331312858,-12.267479999999999,1.0633896038611537,0.15038599998669963,-1.1310600000000002,0.583204746551329,0.0824776062213253,0.06965452800000001,0.02269024584842602,0.0032088853412423892,9.707534528,2.145507480978659,0.3034205777772955
PHE  24,20.719319999999996,2.293565673269479,0.32435916813310756,-10.24558,0.6925294821160827,0.09793845859517798,-1.0799400000000001,0.6060970684634597,0.0857150694335599,-1.8354399999999997,0.3489566826985844,0.04934992733530628,0.13935470399999997,0.03349820097851816,0.004737361013892006,7.697714703999997,2.4003460827876304,0.33946019846673986
CYX  25,11.912059999999999,1.6587240326226766,0.23457900231691814,-5.143979999999999,0.35020208394585267,0.049526053668754594,0.48812,0.38415547061053296,0.05432778765972346,-0.7523200000000001,0.1824454373230522,0.02580168118553509,0.018066816000000006,0.007710802011914444,0.0010904720782023154,6.521946815999999,1.806202058311176,0.2554355447249865
GLY  26,2.8585,0.5502453361910487,0.07781644170739242,-1.5726999999999995,0.07163302311086238,0.010130439279716692,-0.83132,0.07913164727212633,0.011190904878516499,0.49618,0.06772907499737439,0.009578337642827136,0.000190224,0.000719298507869994,0.00010172417052244759,0.950850224,0.5474981931720538,0.07742793701586832
GLY  27,3.00948,0.5950685083248812,0.0841553955014174,-1.4589600000000005,0.14916419945817574,0.021095003389427762,-1.00424,0.06240017948692171,0.008824718012492008,0.5592199999999999,0.06564854606158489,0.009284106419036818,0.0,0.0,0.0,1.1055000000000001,0.6639126523873451,0.09389142772372776
SER  28,4.68938,4.708568877652742,0.665892196614437,-4.53482,0.5001288110077325,0.07072889474606658,5.206860000000001,4.275528697178864,0.604651066986572,-3.08274,1.2587378569027,0.17801241487042424,0.000420048,0.0012622342239441934,0.00017850687583933567,2.2791000479999997,2.064449327576232,0.2919572237890324
LEU  29,-9.961699999999999,1.5584565088574183,0.22039903311947864,-8.389979999999998,0.7982032695999581,0.11288298893988087,6.134560000000001,0.5129895967755891,0.07254768451163435,-0.43614,0.17654891786697535,0.024967787406977016,0.000581472,0.0011731595777284523,0.00016590981856514703,-12.652678528,1.7027871100371932,0.24081046248486862
ILE  30,17.83696,2.4019465269651477,0.3396865354529065,-7.868739999999995,0.7092040837446363,0.10029660337220489,2.0376600000000007,0.4024659294896879,0.05691727758774104,-1.57628,0.1314655909354255,0.018592042168627216,0.008374608000000002,0.012086749520823866,0.0017093245097355618,10.437974608,2.4436698178306377,0.3455870998337878
ASN  31,-56.462779999999974,2.647124124706394,0.37435988384447905,-4.22484,0.6188448387116061,0.08751787639105439,-0.8969199999999999,2.2961266762964097,0.32472134865450397,-6.12412,1.2045634834246026,0.1703510014998452,0.40840631999999993,0.07388503412380112,0.010448921731427847,-67.30025367999998,2.080335165604933,0.2942038205480175
SER  32,6.179139999999998,2.0071452763564563,0.28385320714763945,-3.00176,0.34021126142442415,0.048113137997847916,6.185259999999999,1.7466356095076072,0.24701157674894553,-7.512040000000001,1.2008230504116677,0.16982202439024113,0.281004768,0.06641307713635122,0.00939222744051584,2.131604768,1.8419667053899536,0.26049342962021593
GLN  33,-42.12370000000001,2.2396503767329294,0.31673439377497203,-5.984479999999999,0.6637799707734554,0.09387266370994372,2.5544800000000003,1.1758888763824573,0.1662957996823731,-8.625179999999999,0.9046547781336326,0.12793750565022063,0.39643876799999994,0.0666730597353189,0.00942899453225995,-53.78244123200001,2.3316771600280886,0.3297489462787304
TRP  34,47.05615999999997,2.6049174294789728,0.36839095576312236,-14.554839999999999,0.870535636490597,0.12311233036540968,-14.773180000000002,0.8775504929061966,0.12410438087351378,-3.3724800000000004,0.6530740919681294,0.09235862380958225,0.05953550399999999,0.026735826834096327,0.0037810168910037555,14.415195504000001,2.806826470854794,0.396945206231066
VAL  35,-13.47786,1.9275004021789455,0.272589721024106,-6.863279999999999,0.6035801202823116,0.0853591192082029,12.42314,0.5152472031947439,0.07286695827328127,0.058039999999999994,0.1096855432588999,0.015511878287299705,3.816e-05,0.00026712,3.777647267811011e-05,-7.859921840000003,2.1186776982212874,0.2996262735121956
VAL  36,-13.83394,2.153080308859859,0.3044915373668065,-6.325799999999999,0.46989139170664707,0.06645267789939087,13.678339999999999,0.5899680198112913,0.0834340774983527,-0.3497399999999999,0.15580934631786406,0.02203476907072098,0.000801504,0.0015470663573305444,0.00021878822244279967,-6.830338496,2.0581234053018855,0.2910626032815425
SER  37,2.4385800000000004,1.487095734510727,0.21030709562922495,-4.06128,0.5063375964709742,0.07160694960686471,3.64562,0.8198197336000141,0.11594001859582377,-3.643639999999999,0.7048288234741881,0.09967784813086689,5.4143999999999995e-05,0.00027682193855256483,3.914853398634487e-05,-1.6206658560000005,1.555916950957777,0.2200398853970682
ALA  38,9.561759999999998,1.1590346769618323,0.16391225594201422,-4.143539999999999,0.3525019268032556,0.04985130056478121,0.06432000000000002,0.2518825472318398,0.03562157144203495,-0.72494,0.09343134591773804,0.013213187654763724,0.0,0.0,0.0,4.757599999999999,1.279169402385786,0.18090187174266656
ALA  39,10.114759999999999,1.6021947891564352,0.22658456003885322,-3.6275799999999983,0.5065342274713622,0.07163475742961788,0.047139999999999994,0.23059210827779866,0.03261064869026681,-0.8760199999999998,0.09029008583449527,0.012768946393497408,0.000267696,0.000917172264944814,0.00012970774561174055,5.658567696,1.8447163354736564,0.2608822860358041
HID  40,22.96382000000001,1.6558522722754485,0.23417287407382462,-7.757999999999999,1.003869852122289,0.14196863597288145,-2.18444,0.8427385160297334,0.11918122389034248,-0.9650799999999994,0.34464618610975717,0.04874033106165804,0.19719504000000004,0.08041927743484381,0.011373003282460072,12.253495040000002,1.864032205938262,0.2636139626338128
CYX  41,11.113679999999999,1.5937801660204167,0.22539455262273164,-5.13374,0.3321815654126369,0.046977567497687646,0.18723999999999993,0.3570228877817219,0.05049066099785187,-1.3206200000000001,0.20288665702800754,0.02869250619935469,0.0,0.0,0.0,4.84656,1.6541674420686654,0.23393460310095177
TYR  42,9.947819999999998,2.343877076043039,0.331474274947546,-6.07254,0.5435583946550733,0.07687076536629518,-4.87252,0.6741411199444838,0.09533795147788764,-8.77916,0.5695014437207495,0.08053966655009419,0.8204379839999999,0.07023024066492009,0.009932055883705644,-8.955962016,2.472081419578867,0.3496051070858967
LYS  43,41.13107999999999,2.3633941934431766,0.33423441216011623,-5.384599999999999,0.7598007370357144,0.10745205070169808,7.964919999999999,2.6666626471303077,0.377123048184542,-50.842060000000004,3.1004864418989917,0.43847499760874553,0.4295486879999999,0.04532558534959604,0.006410005752389798,-6.701111311999999,3.007069150004277,0.4252637974929783
SER  44,5.3579,4.121728822957668,0.5829004801850828,-1.12944,0.19334975148678135,0.027343784083407367,6.616819999999999,3.5472012386669047,0.5016500100189378,-8.926919999999997,0.6227490293850566,0.08807001233110281,0.6075048959999999,0.037428050923859056,0.0052931257229712324,2.5258648960000003,1.397661192437867,0.19765914139481838
GLY  45,3.5104800000000007,0.6909123023944458,0.09770975484566462,-0.45482,0.03587126426542636,0.005072962842363532,-1.4056600000000001,0.07258033066884903,0.01026440879934102,1.1985999999999997,0.06527235249322734,0.00923090461439194,0.02027952,0.007185130325331631,0.0010161308753502201,2.8688795200000006,0.7033151158689739,0.09946377754839077
ILE  46,12.433039999999998,2.8221312085727033,0.39910962299598907,-6.451819999999999,1.0494383391128828,0.1484129932047734,5.36986,0.32454522088609017,0.045897625298048056,-1.25888,0.11584258975005668,0.016382616152495262,0.009199727999999997,0.010256575544050558,0.0014504988237900504,10.101399728,2.699364455661864,0.3817477822984875
GLN  47,-41.71126000000001,2.033008822508861,0.28751086492161876,-5.937160000000001,0.7409112324698474,0.10478067134734231,-1.06018,1.43204066548405,0.2025211330997336,-5.7805199999999965,0.9268305182718362,0.13107362889613153,0.42706008000000006,0.0364860234150872,0.005159902915067863,-54.06205992,2.3595831589846505,0.3336954504983244
VAL  48,-11.347819999999999,2.1884244349759907,0.30948995161717235,-6.52096,0.5294715463554185,0.07487858417464877,10.9409,0.6717182221735938,0.09499530198910401,-0.15524,0.12837204680147468,0.01815454896162392,1.9152000000000002e-05,0.000134064,1.895951270259866e-05,-7.083100847999998,2.0523415746921003,0.2902449289551723
ARG  49,-273.21392,3.17469662701898,0.44896990263503606,-9.78226,1.0892697518980266,0.15404600562169654,137.13712000000004,8.229711274740547,1.1638569299152854,-25.415559999999996,6.472627309400728,0.9153677325140985,0.235796832,0.049966439467136026,0.007066321635791805,-171.03882316799994,3.230978242436673,0.45692932501863287
LEU  50,-12.168159999999995,2.367942755727041,0.33487767600723023,-7.492040000000002,0.7155053028454421,0.10118773032338929,10.09692,0.538773935523999,0.07619414066711667,-0.29109999999999997,0.15430829530521026,0.021822488400730092,0.001984464,0.003386680062465895,0.0004789488875757829,-9.852395536,2.473334181238449,0.3497822743388369
GLY  51,3.295979999999999,0.619561505905597,0.08761922843759937,-1.3600799999999997,0.0786686316138808,0.011125424576168304,-0.57418,0.10926311179899657,0.01545213745732287,0.17922000000000005,0.10318067454712623,0.014591950931935032,5.4288e-05,0.000380016,5.374237811187741e-05,1.5409942879999996,0.6419581949743465,0.09078659858092725
GLU  52,23.872539999999994,2.393222222945563,0.3384527325462302,-7.107940000000001,1.2621555753551084,0.1784957532492011,-39.02060000000001,3.7492602737072045,0.5302254727943391,-21.845740000000006,3.6793243771648663,0.5203350434556494,0.07134479999999997,0.0396518233439826,0.005607614634588229,-44.0303952,2.3341644831308157,0.3301007068853185
ASP  53,23.754920000000006,2.272609186287812,0.3213954733221907,-4.520479999999997,0.7147076672318702,0.10107492761313476,-47.443320000000014,4.226802003595384,0.5977600718950363,-21.42924,3.8151119383839895,0.5395383045234146,0.307790208,0.05493618874272148,0.007769150318504486,-49.33032979199997,1.9499884382074815,0.275770009578375
ASN  54,-56.6434,2.105741332642637,0.29779679514728125,-5.695659999999999,0.6919567503825665,0.09785746209666399,-5.37644,1.9985005595195617,0.2826306595682783,-3.2070199999999986,1.3399864400806507,0.18950269969580988,0.16844097600000002,0.04327089092438253,0.006119428080122864,-70.754079024,2.1509438040540823,0.304189389959566
ILE  55,17.687039999999996,2.0778246120402466,0.29384877465799314,-7.096240000000003,1.0265557668241665,0.14517690879750486,1.60272,0.4605313470329685,0.06512896768719745,-0.8191799999999998,0.1629927225369292,0.02305065187798401,0.11489601600000002,0.04906499531134327,0.006938838180707397,11.489236016000005,2.3420990247233124,0.3312228205184507
ASN  56,-58.584779999999995,4.031422137608682,0.5701291862657332,-3.153160000000001,0.47277619906250906,0.06686065126814024,-2.1868,3.4780730297105613,0.4918738049540756,-5.794239999999999,2.6080921345688712,0.36883992686258926,0.548758512,0.06330929867211724,0.008953286880643717,-69.17022148799998,1.9436225625237975,0.2748697388055503
VAL  57,-13.232539999999998,2.0275371977845538,0.28673706033228563,-2.659299999999999,0.4292421344649253,0.06070400481022731,11.60436,0.7014947686191446,0.09920634157149705,0.09974000000000002,0.12317155678158814,0.01741908860991297,0.56048328,0.08326764254864862,0.011775822939913385,-3.6272567200000014,2.0961089539272515,0.29643457108556
VAL  58,-14.559579999999999,2.1644560063905223,0.3061003039397383,-2.84876,0.6626168594293388,0.09370817492620376,13.38428,0.9779852563305655,0.13830800133036136,-0.26818,0.15164546679673607,0.0214459075816343,0.38991383999999996,0.10788544645321534,0.015257306155681345,-3.9023261599999985,2.1183022183795246,0.29957317264373373
GLU  59,22.727940000000004,2.1342979024494007,0.3018353039788391,-1.9454399999999998,0.45653254692299966,0.06456345195232376,-11.1654,2.850364495989944,0.403102412793573,-56.12082,2.93019207349947,0.4143917370701091,0.9603249119999998,0.08474019976103275,0.011984073978025781,-45.543395088000025,1.962967019854938,0.277605458196995
GLY  60,2.9898599999999993,0.6584622391603072,0.0931206228931063,-0.58782,0.051936765397932835,0.007344967801154629,0.1938,0.1848442587693759,0.02614092576784533,-0.2899600000000001,0.162244501909926,0.02294483750214849,0.007304687999999999,0.005819562953784075,0.0008230104856325468,2.3131846879999998,0.666506515201535,0.09425825532080402
ASN  61,-62.18115999999997,2.7897214940573187,0.3945261972139594,-2.17414,0.5033144945260369,0.07117941842976803,6.64698,3.0096661707903767,0.425631071694725,-10.27512,2.1521525377166038,0.3043603307134495,0.6965660159999999,0.08506790587330963,0.012030418620871234,-67.28687398400002,1.5656209081732,0.22141223218734213
GLU  62,23.678859999999997,2.038829850772303,0.28833408263333044,-4.8772199999999994,1.240513027581735,0.17543503479065992,-30.0858,4.492135696970891,0.635283922667655,-34.26742000000001,3.358624421336737,0.4749812207571901,0.37429920000000005,0.1226612057304899,0.01734691407210952,-45.1772808,2.1711022648412883,0.3070402268237493
GLN  63,-40.60096,2.061206578293331,0.2914986297875069,-5.6378600000000025,0.7089901553618122,0.10026634933016824,-3.5458999999999996,1.549233026371436,0.21909463571707996,-2.02796,1.1354344359759396,0.16057467785426194,0.21480681599999996,0.04210148540869982,0.005954049166103625,-51.597873183999994,2.2835563092597457,0.3229436302997782
PHE  64,21.274860000000004,2.2405468440538714,0.31686117339932207,-7.321180000000001,0.9228167248159165,0.13050599278193895,0.3965600000000001,0.5702450055897027,0.08064482207804789,-1.9047000000000003,0.37482610634799435,0.05300841631288337,0.28682121600000005,0.08559058109529419,0.012104336059635927,12.732361215999994,2.196999846074439,0.3107026978850074
ILE  65,12.833460000000002,2.366981100135775,0.3347416773692802,-5.5582600000000015,0.8478542046837968,0.11990469151788795,4.2587399999999995,0.3855112351151481,0.05451952171470454,-0.8051600000000002,0.11925256559084743,0.016864859560636353,0.13185820799999998,0.042050098988268066,0.005946782028833986,10.860638207999996,2.554784183424602,0.3613010441135345
SER  66,5.331760000000002,2.8989224381483534,0.4099695428297081,-2.673280000000001,0.23596559410217882,0.03337057434327261,7.2316600000000015,2.845579818666132,0.40242575723728163,-7.565900000000004,1.72144123629009,0.24344855431897527,0.349607088,0.06337332765080467,0.008962341945648183,2.6738470879999987,1.5083325223382618,0.2133104309659189
ALA  67,9.716540000000002,1.2680218170047346,0.17932536509930705,-3.0795000000000003,0.30054977957070844,0.042504157443714004,1.0506,0.2732049047875975,0.03863700816574705,-1.5984799999999995,0.10946163528835993,0.015480212918433598,0.034601616,0.020782331254634166,0.0029390654718033896,6.123761616000001,1.34615492543438,0.19037505526046428
SER  68,6.803119999999998,2.5913030593892357,0.3664655930807151,-3.3384400000000003,0.38284979613420206,0.05414313740447631,5.979920000000001,2.318135956668631,0.3278339309345507,-8.347240000000001,1.1476285036543683,0.16229917944339486,0.177559632,0.043340336657656346,0.006129249189907342,1.274919632,1.576367406825757,0.22293201660158915
LYS  69,41.79744000000001,2.8935967802026377,0.409216381060169,-4.015159999999998,0.6450821764705789,0.09122839628098468,18.155240000000003,5.667838517671427,0.8015534101031552,-65.37288000000001,5.06196810989547,0.7158703953314275,0.7255621439999999,0.10270493854607114,0.014524671701454907,-8.709797855999998,3.498608745282828,0.4947779937016092
SER  70,6.5029999999999974,4.0446959292386895,0.5720063838804603,-3.5773799999999993,0.41532526482264753,0.05873586223083854,5.33596,2.965901555749956,0.419441820480505,-6.088739999999999,1.264055486282161,0.17876444122923496,0.069233328,0.0340446076887547,0.004814634591910824,2.242073328,1.5785048542242883,0.22323429731157537
ILE  71,13.45422,2.465505467769238,0.34867512706242776,-5.03858,0.8116112884872905,0.11477916915538287,4.834200000000001,0.3902967076468838,0.05519628973037899,-1.26584,0.11052951822929433,0.015631234372243227,0.2576064960000001,0.040756136112250874,0.005763788043986905,12.241606496000001,2.4717324547075825,0.34955575600052047
VAL  72,-13.232079999999998,1.9031353271903668,0.26914397907439747,-4.766000000000002,0.5169786842800995,0.07311182667667152,12.055120000000002,0.4805068007842564,0.06795392344816023,-0.49024,0.07148777797637797,0.010109898515811037,0.22029969599999993,0.031318560949782054,0.004429113364919018,-6.212900303999999,1.9563906352777252,0.2766754169709474
HID  73,22.794079999999994,2.192327775128611,0.3100419672754115,-8.353840000000002,0.6509881215506029,0.09206362304406475,3.4826199999999994,0.9273064410430929,0.13114093453990688,-3.229820000000001,0.6793686095191587,0.09607723014325455,0.207376416,0.027169106230594715,0.0038422918508862402,14.900416415999999,2.1530782718433885,0.30449124928917454
PRO  74,24.001859999999997,1.9240681693744324,0.27210433000596956,-2.77492,0.37155402514304786,0.05254567415116122,3.5880000000000005,0.4768712614532306,0.06743978054531248,-8.27944,0.42689577931856837,0.06037218008321512,0.514219104,0.04003206216961956,0.005661388525003889,17.049719103999998,1.886548773149941,0.266798286106697
SER  75,5.1029599999999995,4.379297879614953,0.6193262455023204,-1.9281999999999995,0.2253648597275149,0.03187140411089617,7.685180000000002,3.0494744969584415,0.43126081917094994,-8.54122,1.0364525901361792,0.14657653097273074,0.5038786080000001,0.04422071006628306,0.006253752791350595,2.822598607999999,1.855068245029074,0.2623462671247772
TYR  76,10.803040000000001,2.6966106649644384,0.38135833748326387,-9.974719999999996,0.9848327175719187,0.13927637858589592,-9.10614,2.30791842152187,0.3263889532566934,-3.51154,1.6885117850936073,0.23879162667061843,0.253269792,0.047267861105270585,0.006684685023944138,-11.536090207999997,2.694143064379429,0.38100936606187985
ASN  77,-56.21653999999999,1.5095565469373635,0.2134835341847917,-3.7494599999999996,0.5520998174243558,0.07807870495852336,-2.0767399999999996,2.5233396030657476,0.3568541089128722,-7.298779999999999,1.1809775322164335,0.1670154442918389,0.46760774399999994,0.05441888804437031,0.007695992952161157,-68.87391225600001,2.0019010553942755,0.2831115623067597
SER  78,5.71734,1.9143608605484999,0.2707315092263918,-2.33976,0.23908036807734723,0.0338110699032136,6.387360000000001,1.9399220165769482,0.2743464025789284,-7.851859999999999,0.9908512705749707,0.14012753051417368,0.46527163200000016,0.05228507270072786,0.007394225892303261,2.378351632,1.47695511077832,0.20887299486789573
ASN  79,-59.97454,4.260139228757514,0.6024746674906534,-2.5415400000000004,0.29283109192842893,0.041412570168970674,6.1101,3.465188463850126,0.4900516521755639,-11.560599999999997,1.6849095049883427,0.23828218733258522,0.7782422400000002,0.038968001953763334,0.0055109076861593375,-67.18833775999998,1.9634222457700434,0.27766983686330354
THR  80,-22.16662000000001,1.845171947434549,0.26094671929723146,-3.8507800000000008,0.6497596567962596,0.09188989189241578,16.127899999999997,1.9111424253571814,0.27027635375667364,-4.610580000000001,2.067488612689317,0.2923870436117167,0.397613232,0.06551417309595679,0.009265103211996063,-14.102466768,1.7263964071978388,0.2441493213091368
LEU  81,-13.874880000000001,2.6236276766339954,0.3710369842913209,-7.445540000000001,1.0464809641842419,0.1479947572314628,8.739680000000002,0.5133264629842881,0.07259532458773907,-0.4785800000000001,0.10276830056004573,0.01453363244340512,0.07093972799999998,0.10851512599338224,0.015346356290246634,-12.988380271999999,2.3672347741640185,0.33477755229439654
ASN  82,-56.066759999999995,2.580097103288819,0.36488083157105844,-4.467360000000001,0.5674847226137332,0.08025445911598753,-5.766960000000001,2.033190841608331,0.2875366063095269,-4.626740000000001,1.00840061106685,0.14260938204760557,0.2842932959999999,0.0555417298822033,0.007854786767707492,-70.643526704,2.6172716487296976,0.37013810620481297
ASN  83,-62.05627999999999,1.9782515010994821,0.27976701026398215,-5.2828,0.7363391609849346,0.10413408279713202,2.14118,1.5062200329301163,0.21301167984878203,-3.961179999999999,1.1025172414071398,0.15591948355481489,0.127179792,0.02821818393172617,0.003990653842178569,-69.031900208,1.960424568590826,0.277245901291057
ASP  84,21.848799999999997,1.7010007172250898,0.24055782839060838,-4.6992199999999995,1.1395391575544895,0.16115517314687702,-91.18635999999998,3.2720411351939305,0.4627364950033914,18.5601,2.5640012656003286,0.3626045363753765,0.0,0.0,0.0,-55.47668000000001,2.2660555371835067,0.3204686473775564
ILE  85,14.255900000000002,2.100788911337799,0.29709641700969247,-8.11672,0.5945873876899807,0.08408735476871601,3.6765400000000006,0.6447257466551105,0.09117798949307773,-1.27142,0.10540912484220664,0.014907101394972736,0.000463824,0.0018530691292620463,0.00026206354946172876,8.544763824000002,2.156894627212637,0.3050309634413772
MET  86,14.689259999999999,2.33626244082296,0.33039740290747005,-9.423059999999998,0.7042928768630564,0.09960205383424986,1.9084399999999997,0.7035756436944088,0.09950062174680133,-0.6275800000000001,0.5499910577454872,0.0777804813047592,8.510399999999999e-05,0.00033699904389181877,4.76588618378576e-05,6.547145104000002,2.454081684589136,0.34705956015173683
LEU  87,-12.76046,2.941034166479538,0.41592504056380136,-8.08598,0.7432220526868298,0.10510747067644857,9.20626,0.9163984463103326,0.1295983111309705,-0.89766,0.12674014517902343,0.017923763220930998,1.9152000000000002e-05,0.000134064,1.895951270259866e-05,-12.537820847999999,2.6788733741251125,0.37884990575679084
ILE  88,13.800440000000002,2.6693358361959416,0.3775010942076827,-7.533620000000002,0.9476596412214564,0.1340193117129005,4.3773599999999995,0.6553985889517976,0.09268735732558214,-1.06456,0.12829359454002354,0.018143454136409613,0.00049104,0.0014443874759911205,0.00020426723578684857,9.580111040000004,2.6203828317750646,0.37057809393059127
LYS  89,42.180479999999996,2.294521024004824,0.3244942751297824,-7.297479999999999,0.7442571663074528,0.10525385784853677,7.280459999999998,7.620348911198228,1.0776800780231581,-56.09614000000001,6.53719893229502,0.9244995389982533,0.33535627199999996,0.04558577679727388,0.006446802379801747,-13.59732372799999,2.853562386608085,0.40355466282188907
LEU  90,-13.523019999999997,2.4767986312173274,0.3502722215534662,-8.8072,0.6090811768557679,0.08613708608955926,10.048639999999999,0.41880653099016946,0.05922818761367256,-0.15672,0.1190989571742759,0.016843136050035342,2.7215999999999998e-05,0.000190512,2.6942465419482306e-05,-12.438272784,2.5784027557168754,0.3646412146394967
LYS  91,42.614180000000005,2.771771474634982,0.3919876811227665,-3.6206400000000003,0.38423319794104344,0.05433877996422096,29.238200000000006,2.43931833920863,0.34497170782542586,-77.17980000000003,2.5567916849038883,0.3615849476953836,1.0336834080000001,0.04755041192685681,0.006724643744338827,-7.914376591999997,2.845189182797417,0.402370512982933
SER  92,7.098700000000001,1.6564777601887681,0.2342613314228363,-2.354900000000001,0.21918670123890904,0.030997680558388484,4.1798399999999996,1.9859937699801615,0.28086193242944174,-6.927620000000002,1.737538464495096,0.24572504616338872,0.4218662879999999,0.05445641717507627,0.007701300372724001,2.417886288,1.4816576309687828,0.2095380316509643
ALA  93,9.590039999999998,1.1729024846081684,0.1658734601073972,-2.2052799999999997,0.21108624209077223,0.029852102639514055,0.5077800000000001,0.2640725877481417,0.03734550350443812,-1.29902,0.12685337835469634,0.017939776810205716,0.2552935680000001,0.038193568756372163,0.005401386293069081,6.848813568000001,1.2022157619959977,0.17001898355134448
ALA  94,9.676979999999999,1.3327050609943814,0.1884729571901517,-3.00002,0.35340166892644964,0.04997854331610715,0.45594000000000007,0.3003023416492117,0.042469164437271396,-1.0833199999999996,0.0969227403657196,0.013706945392756688,0.00111672,0.0034060347883132377,0.0004816860591547154,6.050696720000001,1.347608437800006,0.19058061295051879
SER  95,5.8394400000000015,4.83517767681809,0.6837973847039777,-1.7704799999999998,0.2671204402512111,0.037776534939033476,6.48864,3.895555373807437,0.5509147242613869,-8.16042,0.8753075137344617,0.12378717571703499,0.5210621279999998,0.06500697623188288,0.00919337474359942,2.918242128,2.0008641063222465,0.28296491556264436
LEU  96,-13.608920000000003,2.80008175480644,0.3959913593400723,-4.81434,0.7337866068551543,0.10377309713022935,10.061840000000004,0.47030604333764225,0.06651131849541222,-1.2985400000000005,0.19473861558509284,0.027540199127819884,0.43766308800000003,0.08596050974657754,0.012156651871211458,-9.222296912,2.7513727941950825,0.3891028720695044
ASN  97,-58.95734,2.5917150121877714,0.36652385200418974,-3.7745000000000015,0.7848821631302284,0.1109990999963501,-2.02038,2.443346008161759,0.34554130623125223,-2.6713800000000005,1.6293100243968295,0.23041923338124345,0.32082350400000004,0.05981149053289622,0.008458622109737182,-67.10277649600002,3.1431596862943296,0.4445099057061804
SER  98,6.898320000000001,2.580438927314498,0.36492917278836445,-1.5325200000000003,0.19178928437219575,0.027123100707698952,5.51504,2.52951940858338,0.35772806539045865,-8.16146,0.8379243452722908,0.11850039733266696,0.5635278719999999,0.0452222050010988,0.006395385563297033,3.282907872,1.4349404296717148,0.20293122168392153
ARG  99,-274.11112,3.038371666795668,0.42969064187125805,-7.13014,0.8606251451125467,0.12171077523374765,141.23194,8.003715763093737,1.131896338154649,-26.21824,8.090491066826527,1.1441682192964444,0.612843552,0.1529647109520706,0.021632476879289854,-165.614716448,3.180939872375842,0.4498528308607258
VAL 100,-11.53962,2.0136008233013873,0.2847661593518452,-6.31006,0.5807176046926825,0.08212587124652093,10.668720000000002,0.5688590349110909,0.08044881622497346,-0.13899999999999998,0.19485851277272956,0.02755715515070451,0.00912384,0.008300874223261066,0.001173920890608903,-7.310836160000001,2.1762281934203633,0.3077651425953777
ALA 101,9.115,1.5427394336050375,0.21817630302120308,-2.47874,0.288652580795665,0.040821639457522506,0.9491200000000001,0.21785836132680308,0.03080982492647431,-1.2247599999999998,0.13168546768721334,0.018623137437070107,0.20221056,0.04124822570520089,0.005833380021612162,6.562830560000001,1.5316623826331395,0.21660977144964746
SER 102,5.691040000000002,3.402247656829229,0.4811504778839979,-3.5055400000000008,0.5956385551657959,0.08423601229877835,6.519660000000001,2.434079740764459,0.34423085812866855,-6.8428200000000015,2.3622059325130795,0.3340663666878181,0.19378540800000002,0.05134196878140074,0.007260850856959297,2.056125408,1.660111318316007,0.23477519414115752
ILE 103,14.976780000000003,1.9481013966423615,0.27550314160095957,-7.119579999999998,0.8172706795181256,0.11557952791044085,3.90354,0.66833237868593,0.09451647141107133,-1.31574,0.14174199236641202,0.020045344796236358,0.06360019200000001,0.03613924971761222,0.005110861708463524,10.508600192,2.097269695464602,0.29659872472801313
SER 104,5.704000000000001,2.511212280951174,0.3551390465719025,-2.17734,0.4671309713560011,0.06606229550961745,4.305600000000001,1.89681016446032,0.2682494659826925,-6.2024,1.439896829637457,0.20363216248913135,0.3570408,0.04743470661004254,0.006708280541511086,1.9869007999999997,1.8132956089107972,0.2564387242713229
LEU 105,-13.013260000000004,2.158184513057182,0.3052133808469041,-5.936399999999999,0.5846563435044689,0.0826828930311483,11.001879999999998,0.4921369175341274,0.06959867033212525,-1.3349799999999996,0.24782699530115973,0.03504802978770734,0.152515152,0.0533012795073223,0.0075379392371094315,-9.130244847999998,2.1099722526375078,0.2983951375910874
PRO 106,23.7059,1.6862212695847902,0.23846769886087893,-5.492439999999997,0.6231127397189298,0.08812144873979667,7.3121199999999975,0.7475599946492861,0.10572094831205787,-10.577440000000001,0.5954698366835709,0.08421215190219979,0.003965327999999999,0.007042448460785213,0.0009959526125555974,14.952105327999993,1.8331419004225042,0.2592454137331895
THR 107,-19.496619999999997,2.3104925872203257,0.3267529952609486,-1.69196,0.24080730553702093,0.03405529574089767,14.32286,2.410613274749813,0.34091219867878053,-5.536180000000002,1.5087729940584127,0.21337272307396682,0.7523376479999999,0.05374812317840508,0.007601132475100016,-11.649562352000006,1.9667313204643593,0.27813781069446425
SER 108,1.38144,2.20228848391849,0.311450624221561,-1.4972199999999998,0.23786679381536363,0.033639444585189186,10.022620000000002,1.9441587269562137,0.27494556390674885,-8.97698,0.6088940627071474,0.08611062415289017,0.5353781760000001,0.024600912327555135,0.0034790943860379935,1.4652381759999997,1.4724859065106968,0.20824095393906686
CYX 109,11.74358,1.8801518990762436,0.26589363149951545,-2.80842,0.2464174579854304,0.0348486911088498,0.9013200000000006,0.542841282144237,0.07676935034243798,-2.4150199999999997,0.35718474155540614,0.05051355057803842,0.28427616,0.043391166629165534,0.006136437633415675,7.705736160000003,1.8390871106356592,0.2600861934246498
ALA 110,9.746559999999999,1.4148374628910594,0.20008823285740768,-2.69746,0.2864389086698948,0.04050857894323135,1.1884000000000003,0.25766505389749594,0.036439341377143324,-1.889939999999999,0.12922761469594937,0.01827554453361363,0.01592784,0.01411321638023027,0.0019959102013627768,6.3634878399999995,1.4230058625261583,0.2012434190120917
SER 111,4.266500000000001,2.940392404084869,0.41583428165556513,-1.6919600000000004,0.22160523098518983,0.03133971231520779,8.488799999999998,2.6819079700839894,0.37927906243292747,-8.772679999999998,0.856078604802167,0.12106779733686615,0.5236680959999999,0.027230013742201683,0.0038509054737827374,2.8143280959999997,1.3283712818702773,0.18786006826878796
ALA 112,9.43848,1.5185514181614028,0.2147556010724753,-2.123159999999999,0.237765629139294,0.03362513773949611,1.0137199999999997,0.26714086471373194,0.03777942339422359,-1.6495400000000005,0.13671038146387682,0.019333767558341396,0.235272096,0.036644757860392424,0.005182351355604504,6.914772095999999,1.4860810279357806,0.21016359444921312
GLY 113,3.03496,0.5680929487328641,0.08034047527865397,-0.6780200000000001,0.07607877233499495,0.010759163164484487,-1.21322,0.09212128744215245,0.013027917408396228,1.0509399999999998,0.09129149138884997,0.012910566525137824,0.022217760000000003,0.0084730750230126,0.0011982737612549143,2.2168777599999996,0.573115569334097,0.08105078109594578
THR 114,-18.984960000000004,1.464700173550794,0.2071398850245759,-3.4158800000000014,0.697945288400167,0.09870436926499174,11.002499999999996,1.4006836937724718,0.19808658763278728,-1.4983399999999998,1.0815722187630372,0.15295741004606472,0.21718713599999998,0.05406701638554057,0.007646230784947982,-12.679492863999998,1.4513876586046341,0.2052572111059605
GLN 115,-42.887519999999995,2.011282598144894,0.28443831280615045,-5.299540000000002,0.5395300625544214,0.0763010731772467,6.57606,2.628814808311916,0.37177055548819393,-10.34332,2.1270222043034788,0.3008063648794696,0.5882901119999999,0.07293845861939428,0.010315055739813617,-51.366029888000014,2.18991912706213,0.3097013329991513
CYX 116,11.53054,1.1844277641122734,0.16750338076588178,-4.825939999999999,0.4148691557587827,0.05867135866843465,0.8177199999999999,0.3579598882556534,0.05062317287567026,-1.6957399999999998,0.20281566113098953,0.028682465863311118,0.0007372799999999999,0.0012112223406129858,0.00017129270611441688,5.827317280000001,1.3126032746533665,0.18563013530301273
LEU 117,-8.7004,2.800402492499961,0.3960367184996864,-6.178979999999999,0.5516112939380399,0.07800961730453478,7.137320000000001,0.6922901830879822,0.09790461660207775,-1.4398999999999997,0.23642286268464208,0.033435241886369274,0.24096686399999995,0.051656421468831294,0.007305321182488193,-8.940993136000001,2.7644288041361844,0.3909492707024228
ILE 118,13.23252,2.822888699470826,0.399216748386139,-7.4714399999999985,0.6939151867483595,0.09813442682361889,4.4976,0.4369298799578616,0.06179121620424562,-1.1758400000000004,0.11185675840108675,0.01581893447739075,0.0016037279999999998,0.0026845426890284314,0.00037965166795935455,9.084443727999998,2.572076234943755,0.36374650949149856
SER 119,0.9139399999999998,1.9767570656001208,0.2795556651688533,-4.3341199999999995,0.5323057632601815,0.07527940297319106,7.579719999999998,1.7861822307928206,0.2526043135657037,-5.75706,1.2959513634392343,0.1832751994351669,0.00237456,0.0035093571103551146,0.0004962980420674658,-1.5951454399999998,1.6065687246880322,0.22720312793382622
GLY 120,2.81346,0.4810368056604394,0.06802887745656241,-1.49596,0.07381407995768935,0.010438887297025632,-1.0795400000000002,0.07839546160333438,0.01108679250279347,0.6202200000000001,0.06647384147166366,0.009400820815226585,5.4431999999999997e-05,0.0002666612513583479,3.771159582303565e-05,0.8582344320000002,0.49256286925498405,0.0696589090021804
TRP 121,46.63027999999999,2.9787984963068714,0.4212657233053759,-15.651659999999994,0.7420679378602557,0.10494425419242087,-17.77876,1.2951515519042798,0.1831620890031594,-1.495,0.5021755071685595,0.07101834129293642,0.001209456,0.002050581483595324,0.00028999601448516496,11.706069456,3.0712281756137974,0.434337253909541
GLY 122,3.0524,0.4775760044223293,0.06753944625180112,-1.32926,0.19439277867245683,0.027491290402597977,-1.02612,0.08125875706654534,0.011491723630508899,0.57242,0.0579796826483196,0.008199565354334158,0.0,0.0,0.0,1.2694400000000003,0.5018919469367882,0.07097823982038436
ASN 123,-55.80543999999999,2.329886625224437,0.3294957264184079,-6.331899999999999,0.8386724092278324,0.1186061895518119,-12.552840000000002,2.411877968388951,0.34109105336845214,1.0070000000000001,0.8846166853502142,0.12510369139238056,0.024788016000000003,0.02233906949825224,0.003159221505522345,-73.658391984,2.7119609696596,0.38352919839190963
THR 124,-20.50964,2.12137854952859,0.3000082315670697,-4.652279999999999,0.6042913548943214,0.08545970297163624,14.708080000000002,2.5262319912470423,0.3572631543722357,-2.5006599999999994,2.966273086618965,0.4194943628798843,0.21913632000000008,0.04194928441371047,0.005932524694971564,-12.735363680000003,2.0800111732966178,0.2941580011163651
LYS 125,43.56103999999999,2.78944174314508,0.394486634460542,-5.394120000000003,0.6254375633106614,0.08845022844515185,30.793740000000003,2.8874015987389323,0.4083402500954355,-78.83431999999999,3.096139424767934,0.4378602365504845,0.8328024000000004,0.06701812827122562,0.009477794592602702,-9.040857599999999,2.6143493009093066,0.3697248238126561
SER 126,2.497020000000001,2.0631197492147653,0.29176919301392995,-1.8789600000000004,0.6415088139690673,0.09072304650969339,6.790460000000001,1.6210355728360797,0.22924904921940228,-3.935660000000001,1.5290631721416852,0.21624218757679975,0.24231643199999997,0.04526931021836958,0.006402047247009319,3.7151764319999994,1.6437575887534663,0.23246242752688484
SER 127,4.623279999999999,4.382643649853362,0.6197994088670946,-1.27574,0.1405776383355477,0.01988068027005115,7.74692,3.9359070204464928,0.5566213088554909,-9.157899999999998,0.8355622597987842,0.1181663480014552,0.609969168,0.04433635099426603,0.006270106888222487,2.5465291680000006,1.6323606679773082,0.23085065953379139
GLY 128,2.9203400000000004,0.5501741400683918,0.07780637305516745,-0.48839999999999983,0.07322868290499344,0.010356099651896055,-1.5801999999999998,0.1572100505692942,0.022232858565645598,1.3938999999999995,0.13812476244323732,0.019533791234678813,0.018721152000000008,0.006618394206036362,0.0009359822847308135,2.2643611520000007,0.5820614624344255,0.08231592143094822
THR 129,-19.469680000000004,1.8914698881028216,0.26749423685753304,-3.095980000000001,0.5240337962383633,0.07410957017821523,14.764000000000001,1.704770811575538,0.2410910002467914,-6.120540000000002,0.9985540387980901,0.14121686644306888,0.443598624,0.07902541073566226,0.011175880763447795,-13.478601375999995,2.5599706231907624,0.36203451745930804
SER 130,1.5626799999999996,2.6348019010164703,0.37261725825839054,-2.4386,0.30521297482250237,0.043163632840622086,11.2609,3.044786076229324,0.43059777635282703,-9.1337,1.5761438037184439,0.22290039434689407,0.352012464,0.040972668874233044,0.005794410400856234,1.6032924640000008,1.4203887872969272,0.20087330868379877
TYR 131,11.33992,2.4635313421184626,0.3483959435355123,-7.384459999999999,0.4695921298318621,0.06641035587918867,-5.33572,1.0640134781101176,0.15047422912910965,-7.792019999999997,0.7065918338050864,0.09992717544292291,0.7152750719999998,0.06953692205101798,0.009834005825023036,-8.457004927999998,2.77838378018889,0.3929228023420557
PRO 132,23.59258000000001,1.8794194113075555,0.26579004208584034,-5.122820000000001,0.5453165939158601,0.0771194122902911,2.34972,0.7764209693201236,0.10980250649233834,-5.938120000000001,0.5767379869576695,0.08156306830912935,0.02452492800000001,0.02051968024475078,0.0029019210097685822,14.905884927999999,1.7979490634478872,0.25426839499840065
ASP 133,11.86236,2.339680429118472,0.33088077944782457,-3.53434,0.5364131471170335,0.0758602747688143,-34.50792,3.952969136434038,0.5590342564387277,-26.180859999999992,3.479994063270806,0.4921454801255428,0.4388356799999999,0.05571252678211657,0.007878941096934353,-51.92192432000001,1.7476463804880984,0.2471545213518519
VAL 134,-13.553840000000003,2.145898929213561,0.303475936917572,-4.1589599999999995,0.5588135989755436,0.07902817705097337,12.618640000000001,0.8655555617058835,0.12240804143519228,-0.32777999999999996,0.16297046235437881,0.023047503812777644,0.3117705119999999,0.03396918225733899,0.004803967825105231,-5.110169488,2.1108722429938256,0.29852241544787833
LEU 135,-9.543259999999998,2.179469383221531,0.30822351605288134,-8.849120000000001,0.6174482209869656,0.08732036481829067,5.5320800000000006,0.5466509248140059,0.07730811517557622,0.26083999999999996,0.14691621557881215,0.020777090460408553,0.0006330239999999999,0.0013900079450938402,0.0001965768087758065,-12.598826975999998,2.170824484407752,0.30700094273810247
LYS 136,42.97792000000001,2.7898525684340605,0.39454473393008616,-8.005819999999998,0.8262619364342161,0.11685108365779245,22.234620000000003,4.121217911685809,0.5828282264200996,-64.01409999999998,4.412223440624994,0.6239826229952348,0.301018896,0.0509667020948894,0.0072077801332021815,-6.506361103999998,3.3263020320631536,0.4704101446292897
CYX 137,9.452860000000001,1.1841526930256716,0.1674644798397529,-5.000320000000001,0.4256259127449682,0.06019259383013616,2.8818600000000005,0.5463107544246204,0.07726000781775755,-2.85472,0.3850712162704463,0.05445729365291684,0.014713200000000003,0.022141606618779945,0.0031312960373008486,4.494393199999999,1.357360652805168,0.19195978442286665
LEU 138,-9.59768,2.6630894422831517,0.37661772070894345,-7.983760000000001,0.6701182450881205,0.09476903105972775,6.516240000000002,0.5511831477830065,0.07794906829462217,-0.23302,0.19634230211546366,0.027766994651924434,0.019189152000000004,0.014393500847288535,0.002035548410826408,-11.279030847999998,2.7657778879406787,0.3911400599637322
LYS 139,42.90754,3.0040735490996378,0.4248401555502985,-4.742460000000001,0.5117741771523686,0.07237579822012107,41.62166,2.462087834420269,0.3481918007190947,-88.19172000000005,2.5469204623606934,0.36018894601560464,0.8968059359999995,0.0758472132245876,0.010726415761041575,-7.508174064000003,3.260523018689557,0.46110758734604357
ALA 140,6.347179999999998,1.3847638743121622,0.19583518517365717,-3.31474,0.3347238748580622,0.04733710434743462,4.46786,0.32676529864721904,0.04621159170597919,-1.5763199999999997,0.10330448973786624,0.014609461044132264,0.00043070399999999996,0.0010791401601200838,0.00015261346501432957,5.9244107040000005,1.3204381816335182,0.18673815847413897
PRO 141,23.926440000000003,1.902075489143283,0.26899409534038693,-4.943820000000001,0.4067614381919498,0.057524754254144085,3.35756,0.960347648718941,0.1358136669411439,-8.00872,0.778985032975597,0.11016511985197419,0.23466225599999999,0.030786287643768756,0.004353838552093701,14.566122256000002,2.0065622162911825,0.2837707500024406
ILE 142,12.396279999999999,2.3849234708057367,0.3372791117635387,-7.154960000000001,0.911402698262396,0.1288918056666114,5.041120000000001,0.36711799955870034,0.051918325396719395,-1.4156799999999996,0.12081629691395801,0.01708600456514141,0.03258835200000001,0.02234932678884301,0.003160672105469012,8.899348352000002,2.3989043081141954,0.3392563007370341
LEU 143,-12.36702,2.525172061385121,0.3571132576536464,-7.12348,0.8092807483191483,0.11444958100403868,9.321839999999998,0.5723530155419974,0.08094293970446315,-0.67546,0.15814552918119457,0.022365155219671543,0.058494959999999985,0.043141263924294126,0.006101096053965389,-10.785625039999998,2.3180345830559714,0.3278195945407617
SER 144,5.20032,4.031160450490653,0.5700921781185916,-2.36562,0.42930473512413014,0.0607128578803534,6.314820000000002,3.0051584829422864,0.4249935883657537,-7.74146,1.0734395038380158,0.1518072704714768,0.34978982399999997,0.04988526473272322,0.007054841794758943,1.7578498240000007,2.131781300079952,0.3014794026586417
ASP 145,19.819860000000002,3.4203254290198637,0.4837070609449466,-2.2870199999999996,0.6091964704428307,0.08615339106500713,-89.92037999999998,10.586191590728268,1.4971135721487925,20.47864,8.174740066228413,1.1560828270534955,0.579331728,0.06784385054951685,0.009594569357074008,-51.329568272,2.2058662336379258,0.3119565944391613
SER 146,6.421700000000002,2.3383311420754707,0.3306899614442499,-1.9756599999999997,0.3312889741600246,0.046851336032177664,4.897939999999998,2.4156391486312723,0.3416229645793742,-7.46376,1.2431474660715094,0.17580760065480755,0.5214245759999998,0.03215999010469347,0.004548109417184204,2.4016445760000003,1.1053578036844425,0.15632119972454755
SER 147,7.2490799999999975,2.535623046432579,0.3585912501330737,-3.0294400000000006,0.5157226836197873,0.0729342013598552,4.31464,2.07285176276549,0.29314550756919333,-6.472739999999999,1.4270260797897218,0.2018119635898735,0.18621907199999996,0.06121248639877021,0.008656752845171945,2.2477590719999996,1.539900448856796,0.21777480994776974
CYX 148,8.528119999999996,1.4116342534807182,0.19963523063828512,-4.812160000000001,0.3590058138804857,0.0507710890960574,3.5716200000000002,0.42762132266761377,0.06047478740764608,-1.91924,0.23456398359509553,0.033172356684444425,0.009724320000000002,0.010352830102112177,0.0014641112739351475,5.378064320000001,1.4662353191849864,0.20735698740218517
LYS 149,42.73950000000001,2.557646693739952,0.36170586420457457,-4.660739999999998,0.7517463617471117,0.10631299002473962,13.58844,8.288882786383219,1.172225045342404,-60.943900000000006,6.89858406703856,0.9756071148776876,0.7660139039999998,0.055857227723868176,0.007899404900365682,-8.510686095999999,3.161588683425251,0.44711615947452876
SER 150,5.277460000000001,3.0260181639243315,0.4279435927409121,-2.14578,0.4343679679718572,0.061428907136624265,6.7164199999999985,3.3292244207322548,0.47082343279832656,-7.4873400000000006,1.7127737458286774,0.24222278606274839,0.4564926719999998,0.027384784950884446,0.0038727934280211413,2.8172526719999995,1.8857773588675228,0.2666891916526566
ALA 151,9.459599999999998,1.3625993394978797,0.19270064659985228,-3.1794599999999997,0.30086948731967084,0.042549370947171844,0.39601999999999987,0.28342198150461106,0.040081921011847745,-1.1956399999999998,0.0964806218885414,0.013644420398096574,0.009172944,0.009581365635527325,0.0013550097227818252,5.489692944000001,1.3885559598207295,0.1963714670492466
TYR 152,9.743179999999997,2.140488408658183,0.3027107737626806,-9.7754,0.9187194130962921,0.12992654540162263,-11.306839999999998,0.993769819626281,0.1405402756792551,-1.9613199999999997,0.42418823368877195,0.05998927530817491,0.055283184,0.02590222255519675,0.0036631274433165527,-13.245096815999998,2.484271334639834,0.3513290214062363
PRO 153,23.780400000000004,1.786986379354886,0.2527180373459672,-2.4537400000000007,0.29554612567245,0.04179653392328019,2.3045999999999998,0.5400488496423262,0.07637444075081662,-7.336259999999999,0.5124564687854284,0.07247228882821774,0.657235296,0.050405326781270215,0.0071283896749920125,16.952235296000005,1.8066751649700683,0.25550245211033196
GLY 154,3.3088599999999997,0.736956226922605,0.10422134909892522,-0.39442000000000005,0.029865089988145202,0.004223561530272788,-1.1825200000000002,0.06305338690347718,0.008917095491245553,1.0339399999999999,0.05949635619094674,0.008414055383701734,0.022108464000000005,0.007153686067189679,0.0010116839857179092,2.787968464,0.7352887533875848,0.10398553273011285
GLN 155,-41.09188,2.0344569854387093,0.2877156660872105,-4.8198,0.8219938685902762,0.11624748771478963,1.8707199999999995,0.8538262127622945,0.12074926099980927,-7.15154,1.117138509048899,0.15798724305462114,0.4423947840000001,0.15791375440563396,0.022332377316570163,-50.750105215999994,2.1199558512437227,0.2998070316461072
ILE 156,13.230959999999998,2.2345916849393395,0.316018986720736,-6.838720000000002,0.9026301133908465,0.12765117481636998,5.282779999999999,0.31713456386841754,0.04484960013199926,-1.45024,0.1274005588684769,0.018017159820571192,0.04045521600000001,0.022801069736302807,0.003224558205769416,10.265235215999999,2.582301725708316,0.3651926122636148
THR 157,-23.933180000000004,3.04445419535255,0.43055084130912447,-4.089600000000001,0.6854184123584647,0.09693280146575753,16.581200000000003,2.056299618246336,0.2908046808426586,-3.867739999999999,1.5007218237901423,0.21223411565533054,0.22939012799999994,0.09076010587559956,0.012835417265169092,-15.079929871999997,2.4707009159419897,0.349409874389279
SER 158,5.625239999999999,2.8782609927523968,0.4070475731999888,-1.8377,0.20143130342625493,0.02848668811918998,7.174259999999999,2.4329814040390887,0.3440755298593614,-8.889319999999998,1.1267346704526386,0.15934434521501012,0.5238011520000001,0.04696383009693284,0.006641688546406817,2.596281151999999,1.6115402144704474,0.2279062027613753
ASN 159,-64.24105999999998,2.310184853297146,0.32670947511217224,-5.15276,0.6254093878412731,0.08844624383205835,3.4624800000000007,2.473313148309366,0.3497792998334804,-4.905760000000001,1.3297519251349075,0.18805532071175185,0.1888956,0.04193879731082417,0.005931041594658383,-70.64820440000001,2.554887447640149,0.36131564787894793
MET 160,14.55728,2.1382113743968105,0.3023887524892385,-8.94738,0.6337322743871904,0.08962327773519121,1.7064,0.8900032359491734,0.12586546468352627,-1.49922,0.4829999291925416,0.0683065050489337,0.006460415999999999,0.006258666922575766,0.0008851091644282529,5.823540415999998,2.5606082120615588,0.36212468614213783
PHE 161,20.77152,2.031017077623928,0.2872291896587128,-9.7301,0.7429834251179388,0.10507372364202039,1.9691800000000002,0.6694761142863861,0.09467822005086474,-3.0953999999999997,0.31414818159587715,0.04442726190077354,0.11391508800000003,0.032068106122317974,0.004535115059780176,10.029115088000003,2.149513781855573,0.30398715428080336
CYX 162,11.218600000000002,1.6327452220110676,0.23090504368679218,-4.8624800000000015,0.4832207462433491,0.06833773329573921,0.7310599999999999,0.4410688114115531,0.06237654950379993,-1.3048199999999996,0.21484884826314585,0.030384215507398005,0.001329408,0.0023077134494421093,0.00032635996582718285,5.783689408000002,1.7162428202511402,0.24271338727246122
ALA 163,9.766759999999996,1.3386658367195663,0.18931593817743378,-3.479179999999998,0.31330532647883025,0.04430806418700921,0.8591599999999997,0.2682187435657704,0.03793185848333838,-1.3799000000000001,0.09938777590830793,0.014055554062362701,0.000585936,0.0011650035106831225,0.00016475637650203406,5.767425935999999,1.2984047472112528,0.18362216029557638
GLY 164,2.9738399999999983,0.49634477372086017,0.07019375106090454,-1.3197799999999995,0.07898564173317334,0.011170256577179606,-1.16658,0.08656814425642026,0.012242584367690008,0.9003000000000003,0.07353590959524049,0.010399548067103092,0.0005706719999999999,0.0012177069557229275,0.0001722097691779418,1.388350672,0.48285866576660846,0.0682865273836515
TYR 165,10.547120000000001,2.4197218157465885,0.34220034089988766,-8.67232,0.8152454952957625,0.11529312361108386,-8.41016,1.9346666623478053,0.27360318325633554,-5.42924,1.6914170811482316,0.2392024975789343,0.3313438559999999,0.0713657786630098,0.01009264520745449,-11.633256143999999,2.8789837457796437,0.4071497859133267
LEU 166,-12.314940000000002,2.3365892613807713,0.33044362231400193,-4.590920000000001,0.5967455350482264,0.08439256289507908,8.423919999999997,0.9620572506873061,0.13605544117013607,-1.1364400000000001,0.19853444638147702,0.028077010667091885,0.479747808,0.07020492079875841,0.009928475113893312,-9.138632191999998,2.264609860282005,0.3202641977894651
GLU 167,23.305899999999998,2.270213322575671,0.32105664702666,-2.978360000000001,0.6522547588174401,0.09224275260420159,-67.77767999999999,5.333932078458039,0.7543319086132271,3.5206000000000017,5.688314544748733,0.8044491576227796,0.7561470239999999,0.04480338829909548,0.0063361559372848856,-43.173392975999995,2.405402733356136,0.3401753168481561
GLY 168,2.7953200000000002,0.4499975306598891,0.06363926108936178,-1.1191200000000001,0.1883470881112835,0.026636300644045745,-1.2190800000000002,0.11634480478302062,0.016453640083579787,0.9581400000000001,0.1016769413387306,0.014379290942184642,0.0,0.0,0.0,1.4152599999999995,0.5209283946954719,0.0736704000803581
GLY 169,3.6616400000000002,0.802709281371531,0.11352023523583799,-0.6441600000000001,0.06552323557334394,0.009266384839839024,-1.6283999999999998,0.10390149180834836,0.014693889886616329,1.2629600000000003,0.09875706759517974,0.013966358437329969,0.019179072,0.007183385487053871,0.0010158841179545644,2.671219072,0.8167107476685337,0.1155003415888711
LYS 170,42.278279999999974,3.053273299526665,0.4317980509822259,-5.804660000000002,0.8162035434865339,0.11542861208556345,27.347840000000005,4.699262667099992,0.6645760996966371,-73.48052,5.181786631037394,0.7328152930936671,0.6319517759999999,0.07349846582649999,0.010394252718545174,-9.027108224000001,3.322217339108921,0.4698324818118892
ASP 171,20.298199999999998,2.206049047505496,0.3119824482242521,-4.570420000000001,1.0710497484244093,0.1514693080198091,-86.59279999999997,3.1957522932799987,0.45194762351414947,21.784159999999993,2.3762321044881896,0.3360499669513559,0.00201528,0.004307612218758787,0.0006091883621212736,-49.07884472,2.530397580522989,0.35785225765716766
SER 172,8.944480000000002,1.258224196874286,0.17793977237256103,-3.99042,0.7449342545486823,0.10534961258590379,-0.40521999999999997,1.0070904088511616,0.1424240914733178,-2.75852,0.6191364062950907,0.08755911027414562,0.005245776000000001,0.011362638166104912,0.0016069196998843719,1.7955657759999997,1.5864321505748211,0.2243553863127628
CYX 173,9.70284,1.445539530555985,0.2044301609058711,-4.67144,0.5741515535117927,0.0811972913833959,2.2020600000000004,0.44040946447595675,0.062283303765936986,-0.7703000000000002,0.2036044449416558,0.028794016739593573,0.003657023999999999,0.00536698506062985,0.0007590063061796522,6.466817024000002,1.674063115544018,0.23674827622709077
GLN 174,-41.315459999999995,2.338844742260632,0.33076259547899917,-4.7336800000000006,0.9911930475946652,0.14017586508382962,1.3996000000000002,2.1680299997924384,0.3066057429338205,-6.761899999999998,1.6466196798289532,0.2328671883284549,0.5598207359999998,0.15568177127402175,0.022016727234998767,-50.851619264,2.090845022487063,0.29569013876214834
GLY 175,3.22028,0.5158486615277805,0.07295201732645955,-1.3087800000000005,0.1151682751455401,0.016287253666593903,-1.18202,0.0739249592492261,0.010454567996813392,0.7016800000000001,0.06484271431702925,0.009170144600822681,0.00841896,0.006495206198297326,0.000918560869604187,1.4395789599999995,0.54073751290285,0.07647183244311069
ASP 176,11.583059999999998,2.15540124719275,0.3048197676135871,-4.79024,0.8288691467294477,0.11721979887373998,-95.21181999999997,3.0448911093174935,0.4306126302746058,22.0968,2.052105845223343,0.29021159177399547,1.9152000000000002e-05,0.000134064,1.895951270259866e-05,-66.32218084799997,2.9452211722350286,0.41651717259631627
SER 177,10.939400000000003,2.096041764851063,0.2964250691152811,-4.29048,0.3965366686701307,0.05607875348115452,-2.59732,1.8511017415582542,0.2617853188244139,-5.3639800000000015,0.9610150569059673,0.13590805271211706,0.06583636799999998,0.032604206188020846,0.004610931058150787,-1.2465436319999998,1.8077864292877162,0.2556596086172718
GLY 178,3.14658,0.6422214287922842,0.09082382546446752,-1.73536,0.08750057371240495,0.01237444980595098,-0.9818600000000001,0.07938639933892722,0.011226932261307738,0.4596400000000001,0.07022357438923085,0.00993111312995662,0.0,0.0,0.0,0.8889999999999998,0.629118367241015,0.08897077272902608
GLY 179,3.77084,0.6617986509505746,0.09359246277345205,-1.4557200000000001,0.0740985937788268,0.01047912362747915,-1.1499200000000003,0.08379089210647679,0.01184982160203202,0.49515999999999993,0.0753239297965797,0.01065241230895619,0.0,0.0,0.0,1.6603599999999998,0.6692814582819402,0.09465069153471627
PRO 180,24.20998,2.1604711105682357,0.30553675456808616,-6.071339999999999,0.4465697083323046,0.06315449380685424,2.7898999999999994,0.8044254657828794,0.11376294036284422,-5.836179999999998,0.6163622211005628,0.08716678124148201,0.004160447999999998,0.00441297823326787,0.0006240893667944682,15.096520448,2.161092711689707,0.30562466224172324
VAL 181,-12.909700000000004,1.6669552633468843,0.2357430741294378,-6.681439999999997,0.5273611726322283,0.07458013226054763,12.874760000000002,0.6124732340273545,0.08661679541519954,-0.05830000000000002,0.17023046143390436,0.024074222728885764,0.00047995199999999996,0.001327543809934723,0.00018774304606541356,-6.774200048000001,1.8259308410395154,0.25822561593533944
VAL 182,-12.974099999999998,2.939928170891262,0.4157686291677149,-6.10492,0.5803608132877338,0.08207541332213927,12.869359999999997,0.49905389528599337,0.07057687870685742,-0.5699000000000001,0.16621206334078137,0.02350593542065489,0.05131987200000001,0.024446506852497652,0.0034572581543448984,-6.728240128000001,2.878024567623063,0.40701413763754984
CYX 183,12.69274,1.7549110497116418,0.24818190072606086,-4.359240000000002,0.2930652869242438,0.041445690342902804,1.9001800000000002,0.4168151000143825,0.05894655674422378,-3.2855399999999997,0.32421099364457595,0.04585035842826166,0.012449375999999998,0.012271541764628602,0.0017354580794765632,6.960589375999997,1.6636550727215134,0.23527635669535618
SER 184,10.400260000000001,1.7626561639752445,0.24927722528943247,-1.3866200000000004,0.25794184538379655,0.0364784856045309,2.5935,1.1662572829354596,0.16493368667437228,-8.89836,0.6411108097669168,0.0906667602156371,0.48795278399999986,0.06808780535119614,0.009629069775988097,3.196732784000001,1.4256840740860157,0.20162217532317717
GLY 185,3.5258,0.6708144005609873,0.09486748231085261,-0.6357200000000001,0.05397482376071259,0.007633192778909732,-2.06844,0.09944469015488512,0.014063602952302873,1.72134,0.09827769024554828,0.01389856424239564,0.016801200000000002,0.007336202672445731,0.0010374957315690497,2.5597811999999998,0.6707517668509362,0.09485862456663101
LYS 186,44.13402000000001,2.8801307434905974,0.40731199588521083,-5.77714,0.7405924658001819,0.10473559093259498,35.41152,4.0736131590518,0.5760958977392563,-82.12509999999999,3.5968911201207736,0.5086772204454151,0.584546544,0.06381555779627454,0.009024882732589555,-7.772153456000003,3.2945752249275535,0.4659232965350936
LEU 187,-9.93796,2.1300842514792695,0.30123940374393254,-8.182320000000002,0.5396417493114987,0.07631686806990633,6.764459999999998,0.587340249259337,0.08306245462301486,-0.4861599999999999,0.16491007974044503,0.02332180713409659,0.0004367519999999999,0.0013676358664849353,0.00019341291907708748,-11.841543248,2.1177330906074414,0.2994926858223334
GLN 188,-42.081840000000014,1.9755342200022294,0.27938272868593067,-7.8149,0.703194716988109,0.09944675057536939,0.16898000000000002,1.4430293897214983,0.20407517338471134,-4.56688,0.796744642655353,0.11267670793913054,0.072770112,0.02453491168203089,0.003469760485235417,-54.221869888,2.292068119920335,0.32414738210743393
GLY 189,3.2513399999999995,0.7095039002007005,0.10033900382204376,-1.3556399999999997,0.1754145672400123,0.024807366002863263,-1.54314,0.07873347699676357,0.011134595098161313,0.9110600000000001,0.06783315118730206,0.009593056238758719,0.0,0.0,0.0,1.2636200000000002,0.6804200728961485,0.09622592952006231
ILE 190,13.28376,2.728102010995923,0.3858118863487749,-8.36422,0.9203031302782849,0.13015051683339637,4.60744,0.4094942324380114,0.057911229722739634,-1.08696,0.10836400878520633,0.0153249850897156,0.001069056,0.0022482173756254087,0.00031794595037722996,8.441089056000001,2.505077284816404,0.3542714270980127
VAL 191,-12.80576,2.3375262442163094,0.3305761316973748,-6.76928,0.5472031447278127,0.07738621086472804,12.41292,0.47845889436818934,0.06766430574535294,0.08604,0.1164338370062586,0.016466231141338928,0.012204864000000005,0.022417028614138496,0.0031702465894220405,-7.063875136,2.443851355881969,0.34561277319121575
SER 192,1.5698199999999993,1.6371567388616168,0.2315289263828606,-3.4900399999999996,1.1047961976762957,0.15624177664120442,3.55542,1.1601390277031458,0.16406843472161245,-1.0389599999999999,0.3570892863136613,0.050500051168290906,0.002347776,0.003007568101078345,0.00042533435983056907,0.5985877760000001,1.508579619283451,0.2133453757510297
TRP 193,46.088420000000006,2.930881519884404,0.4144892395129194,-13.140540000000001,1.4800421373730814,0.20930956635566753,-13.127920000000003,0.7602692638795312,0.10751831040338423,-2.02702,0.46110577918738027,0.06521020466154068,0.08113060799999998,0.09380112763294023,0.013265482686439376,17.874070607999997,3.2182866512233237,0.4551344629764315
GLY 194,2.8440600000000003,0.55843253522695,0.07897428649883438,-1.31384,0.18231756470510754,0.02578359726647974,-0.95014,0.08100889087007661,0.011456387214126434,0.67466,0.0722812866515248,0.010222117588836373,0.0005978879999999999,0.0014670829681568795,0.00020747686306940344,1.255337888,0.5534690549345974,0.07827234438423272
SER 195,1.48786,1.6164433675201868,0.22859961331550854,-2.38812,0.6598285728884427,0.09331385166201199,7.304199999999997,2.801892274874256,0.39624740554355764,-3.69364,2.6367815211731167,0.3728972188257782,0.13450247999999998,0.043450453511502056,0.006144822064722787,2.84480248,1.8325032944620754,0.25915510121216445
GLY 196,3.1143799999999993,0.5686314760897488,0.08041663454783551,-0.90798,0.10529928584752968,0.014891567815377777,-1.03974,0.07790707541680437,0.011017724265926829,0.8583,0.07471365337072206,0.010566106189131744,0.008549856,0.004246097612262815,0.0006004888830422088,2.033509856,0.586957968039803,0.0830083918944843
CYX 197,12.021040000000001,1.60767189388878,0.2273591396183552,-4.503960000000001,0.5604727989831411,0.07926282336631675,0.03836000000000001,0.4495436245794172,0.06357506907585708,-1.3660600000000003,0.2718897136708173,0.03845101205430074,0.04064500799999998,0.02503354464153923,0.00354027783463371,6.2300250079999975,1.6689508129861919,0.23602528746586754
ALA 198,10.560559999999999,1.1655675040082385,0.16483613720298076,-2.9013400000000003,0.4592082582009993,0.06494185467015792,1.0452,0.3769055053988999,0.053302487746820996,-1.3648000000000002,0.10114702170602632,0.014304348989030826,0.000632592,0.0016574512659912506,0.00023439900593372827,7.340252592000001,1.1202896130530768,0.15843287645653678
GLN 199,-41.982659999999996,2.4530056470380583,0.34690738546190114,-4.78408,0.7306302167307358,0.10332671615802004,-0.2321000000000001,1.9563494294220547,0.27666958958295357,-6.9458600000000015,1.6176296734419717,0.2287673823078797,0.5395835520000001,0.06558716664385467,0.009275426058536354,-53.405116448,2.480043571954461,0.35073112547342133
LYS 200,41.838199999999986,2.2815047928946313,0.3226535020730807,-3.60014,0.48577768618988837,0.06869933921079614,30.253580000000007,3.6360003140263766,0.5142080956888934,-76.94728,3.8876123882916342,0.5497914164771688,1.082556,0.07121987688373205,0.010072011579951594,-7.373083999999999,2.386957709295948,0.3375667965297345
ASN 201,-65.61704,2.2421741766423984,0.31709131298104076,-3.2445,0.5165701985209776,0.07305405806661287,11.435160000000002,1.8286279704740165,0.25860704763791414,-10.044339999999998,1.4877461827879215,0.21039908290674803,0.6604725599999999,0.0786288549215379,0.011119799302390538,-66.81024744000001,1.9229082098530956,0.27194028695728173
LYS 202,46.73314000000001,2.331053015355562,0.32966067889265344,-5.758340000000001,0.5305583703985707,0.07503228430482267,15.847339999999999,3.6121989181660528,0.5108420700059854,-63.2729,3.4514512556315324,0.4881089175583761,0.6620761439999999,0.04868678426446516,0.006885351061513962,-5.7886838560000005,2.633717157949368,0.37246385242267194
PRO 203,23.881459999999997,1.5822199494381157,0.22375969111526559,-6.343880000000001,0.7555221939824011,0.10684697334037879,1.9303599999999994,0.48224096715231657,0.06819917160787244,-6.058039999999998,0.4474272660444645,0.06327577078155966,0.0030771359999999994,0.004436173737524715,0.0006273697064650794,13.412977136,1.898407146748202,0.26847531338373176
GLY 204,3.3671999999999995,0.6302158360434976,0.08912597825550131,-1.5369999999999997,0.09251248564383316,0.01308324118863551,-0.8734000000000001,0.058875801480746094,0.008326295694965707,0.6268600000000001,0.05001040291779233,0.007072539006608492,0.001603008,0.003692656092724585,0.0005222204327510749,1.5852630080000003,0.6316415851877223,0.08932760963313174
VAL 205,-13.415679999999995,2.275993132151354,0.3218740355356465,-7.593059999999998,0.5656672311527482,0.0799974270086253,12.045379999999998,0.6684125938370591,0.09452781554653479,-0.3191799999999999,0.11312942853210246,0.015998917213361708,0.0008409600000000003,0.0015599633718776861,0.00022061213573146876,-9.281699039999996,2.3094965309024906,0.3266121316255916
TYR 206,9.857880000000002,2.6710454929858463,0.37774287618961133,-11.267100000000003,0.9284945934144787,0.13130896465968483,-11.261280000000005,1.5121447158257924,0.21384955653916451,-3.2338200000000006,0.8409917405064083,0.11893419252679173,0.00174888,0.0024575895116963693,0.00034755564181868776,-15.902571119999998,2.9245062098763626,0.4135876345251489
THR 207,-18.148080000000004,1.9391086801930155,0.2742313794444355,-6.5607999999999995,0.5583548692364011,0.07896330286911744,11.92832,1.1908886671725507,0.16841709043918401,-1.5509999999999997,0.6310000316957204,0.08923688026819405,0.002767248,0.004211900702829543,0.000595652709731031,-14.328792752,1.8752453688286363,0.2651997433374794
LYS 208,43.331199999999995,2.865305742848512,0.4052154241881881,-7.930480000000002,0.640291191255939,0.09055084865421742,21.32886,3.692164492597817,0.5221509099944209,-65.90163999999999,3.7220328572437085,0.5263749346312334,0.335886912,0.06727587707695729,0.00951424577827782,-8.836173087999999,3.6748851407664334,0.519707240623525
VAL 209,-10.5611,2.3700214112956854,0.33517164229689816,-6.5177999999999985,0.510628632178041,0.07221379369622082,11.271759999999999,0.6545087183529877,0.09256151061862275,-0.12812000000000004,0.14512458647658566,0.020523715842897448,0.00010368000000000001,0.00036847683889221585,5.211049429817376e-05,-5.935156319999999,2.3177210185267763,0.327775249819775
CYX 210,11.675719999999997,1.4657080888089726,0.20728242576735978,-4.118480000000001,0.34616731445933285,0.04895545109586605,2.3171799999999996,0.4569591968655415,0.06462378936583658,-2.2286799999999993,0.25874446390213557,0.036591993003935584,0.038192112,0.021463686493728314,0.0030354236537954806,7.683932111999999,1.4470170969964893,0.20463912035581794
ASN 211,-62.57498,2.8766172389808924,0.40681511131230247,-4.809380000000001,0.6644204960715685,0.09396324766630719,-0.03732000000000011,2.27265325503034,0.3214017055835267,-1.5626999999999993,1.55621248227869,0.22008167983728233,0.21099758400000002,0.05917688951663245,0.008368875973347583,-68.773382416,2.485129532308354,0.3514503888844381
TYR 212,9.750480000000001,2.3696446420507855,0.3351183590792959,-9.82318,0.9427475312086476,0.1333246344529022,-9.377840000000004,0.9045571813876295,0.12792370338603654,-3.505,0.45070824265815396,0.06373977094405052,0.04998571200000001,0.022143413693978032,0.003131551596326185,-12.905554288000003,2.319042503799129,0.3279621360592388
VAL 213,-12.672679999999998,2.549637460032312,0.36057318751121853,-4.685,0.5773342186290458,0.081647388200727,13.128799999999998,0.6707530693184371,0.09485880876335145,-0.95164,0.14677748601198976,0.020757471136918317,0.21282926399999996,0.062116159604166735,0.008784551535474437,-4.967690736,2.571126098192486,0.3636121398635232
SER 214,6.29038,3.00064894241229,0.42435584302799445,-1.7578800000000003,0.2158891975064967,0.03053134310835314,6.2413,3.2916873135217473,0.4655148841873913,-8.809600000000001,0.8753747768812956,0.12379668816248503,0.6061223520000001,0.040512368354218856,0.005729314077039089,2.570322352,1.5268196904287263,0.2159249113502595
TRP 215,44.346199999999996,2.501929399483725,0.3538262488849857,-12.66736,0.8060693707119594,0.1139954236274399,-11.552440000000004,0.5286986725914419,0.07476928331874697,-3.49938,0.379025903600273,0.05360235733622234,0.32149022400000016,0.05833576578170946,0.008249923113991383,16.948510224,2.541169744770389,0.359375671734646
ILE 216,13.734580000000001,2.293250104894799,0.32431454002557475,-7.402980000000001,0.7006248779482342,0.09908332045303872,5.0807400000000005,0.3312993093865399,0.046852797653928475,-1.5346199999999997,0.12023957584755876,0.017004443889760603,0.003258864,0.0072260627488490575,0.0010219195941981345,9.880978864,2.2416044550747003,0.31701074218425923
LYS 217,43.15516,2.829768247471786,0.4001896633947344,-4.248139999999999,0.754820906175765,0.10674779626765164,40.96409999999999,3.8122047334844766,0.5391271636636656,-87.1022,3.211711799025829,0.4542046384616019,1.0046861280000001,0.10577934162013539,0.014959457953809227,-6.226393872000001,2.7077211700849175,0.3829296001858836
GLN 218,-43.32706,2.230742929250363,0.3154746904713749,-3.7493999999999996,0.6658685155494325,0.09416802854472475,4.685900000000001,1.2213070907842916,0.1727189051609574,-10.431580000000002,1.3395553454784852,0.18944173371250506,0.8726942880000002,0.04571951686519847,0.006465716081590913,-51.949445712000006,2.282523439416734,0.32279756044576285
THR 219,-18.883659999999995,1.6559266120212783,0.2341833873015022,-5.402519999999999,0.6424455226709958,0.09085551712471938,11.552879999999998,0.8647000321498978,0.12228705128508367,-1.6266800000000001,0.43794394344482024,0.06193462643788205,0.042494832,0.020242649426094772,0.0028627429356747175,-14.317485168000001,1.5424370907024163,0.2181335452778657
ILE 220,12.20014,2.219014988773182,0.3138161092232215,-6.038340000000001,0.593225812317689,0.0838947989329472,5.6404200000000015,0.35389360491534233,0.05004811357083829,-1.6683800000000002,0.09744165228483806,0.013780330620126126,0.235882656,0.04822875115452246,0.006820575397904273,10.369722655999997,2.299171661594654,0.32515197460510437
ALA 221,10.15466,1.4461070307553274,0.20451041755372704,-1.7951000000000006,0.21490158212539415,0.03039167320171679,0.6431200000000002,0.3309834219413409,0.04680812442301009,-1.31842,0.11055859803742317,0.015635346878147927,0.29886926399999997,0.03751705010462187,0.005305712107818719,7.9831292640000004,1.4302019218974942,0.2022610954879502
SER 222,6.475040000000002,1.7200230226366073,0.24324798862066552,-1.9879,0.5456925233132667,0.0771725767355218,1.04382,2.3592387898642224,0.33364674935026717,-2.9314400000000007,1.1830282356731798,0.1673054575559325,0.23375361599999997,0.04060560532403072,0.00574249977576134,2.8332736159999996,1.693226277112156,0.23945835652585154
ASN 223,-20.353260000000002,2.5040005655749957,0.35411915600260596,-3.7877000000000005,0.7281871531412756,0.10298121479182458,-45.268059999999984,3.8697876035257552,0.54727061124094,2.4267,2.4792215733975853,0.35061487732268287,0.27303422400000005,0.0729793305473337,0.010320835903294842,-66.70928577599999,2.2227781846652017,0.3143483054900576
UNK 224,127.36320000000003,6.881479573462722,0.9731881741984403,-21.588800000000003,9.664440124497643,1.366758229680729,-29.507799999999996,3.142979968119478,0.44448448971815235,-3.774819999999999,1.7523163263520658,0.24781495142948898,2.372672592,1.5321718887610247,0.21668182649726422,74.864452592,13.767253760372377,1.9469836984550606
Backbone Energy Decomposition:
Residue,Internal,,,van der Waals,,,Electrostatic,,,Polar Solvation,,,Non-Polar Solv.,,,TOTAL,,
,Avg.,Std. Dev.,Std. Err. of Mean,Avg.,Std. Dev.,Std. Err. of Mean,Avg.,Std. Dev.,Std. Err. of Mean,Avg.,Std. Dev.,Std. Err. of Mean,Avg.,Std. Dev.,Std. Err. of Mean,Avg.,Std. Dev.,Std. Err. of Mean
ILE   1,56.90857999999999,2.330045021796716,0.329518127076483,-1.9652799999999997,0.9196961463439992,0.13006467634219546,-82.90386000000001,4.152634108659347,0.5872711476039157,-19.725720000000003,2.565888493602165,0.36287143071892525,0.007950096,0.008172246215991294,0.0011557301433707094,-47.67832990400002,2.6084775300171494,0.36889443000957245
VAL   2,58.32438,1.794255833374984,0.25374609339259424,-2.74538,0.75776230811515,0.10716377331915851,-58.42553999999999,1.364639838346189,0.19298921671438085,0.11034000000000002,0.5990437583348982,0.08471758074921638,0.0,0.0,0.0,-2.7361999999999993,1.403175341858601,0.19843895988439375
GLY   3,65.13911999999998,1.376476336739624,0.19466315037028115,-2.5347600000000003,0.3755655234443093,0.05311298568146928,-63.991540000000015,1.9360983674387988,0.27380565693203573,-4.943260000000001,1.404126501566005,0.1985734741802131,0.32354308800000003,0.041420811314278286,0.0058577873125149294,-6.006896911999998,1.3426407539619,0.1898780763647757
GLY   4,73.02574,1.6705561087253793,0.2362523105664654,-2.6320399999999995,0.35881064421223713,0.0507434879368773,-69.54019999999998,3.6333378262972182,0.5138315630632706,-4.7912,2.0251261787849204,0.28639609075544353,0.18903312000000003,0.057764563273259475,0.008169142880560233,-3.7486668799999974,1.2607999324818142,0.17830403639548642
TYR   5,86.59656000000001,1.6387561522073328,0.2317551175873958,-2.487180000000001,0.5634855700015722,0.07968889352977573,-88.36326,1.7349065082584627,0.2453528313428468,-0.4555400000000001,0.5257521929578611,0.07435258817284036,0.056829455999999993,0.015309234930853493,0.0021650527668768942,-4.652590544000002,1.3873829239576199,0.19620557472657063
THR   6,60.31089999999999,1.5992205382629596,0.22616393744370786,-2.3328800000000007,0.30451349001316336,0.04306471075021796,-58.50591999999997,2.2596435279936444,0.31956185234172,-3.3547400000000005,1.5035036256690575,0.21262752184983022,0.17346254400000002,0.03572056939575361,0.005051651369516407,-3.7091774560000004,1.1872207769333694,0.16789837242702937
CYX   7,73.33276000000002,1.6251567993266551,0.2298318786590606,-2.5551999999999997,0.4630111445743021,0.06547966401868678,-66.37899999999999,1.2374117827149071,0.1749964525355691,-2.9021600000000007,1.0521404917595356,0.14879513529682328,0.131872032,0.02805279320091632,0.003967264060718361,1.6282720320000008,1.4018054890963936,0.19824523344891695
GLY   8,72.94216000000002,1.7215993071553009,0.24347090891511503,-2.1973599999999998,0.8690954322742706,0.1229086547318781,-79.06898,1.657584972059899,0.23441791482729368,2.4795599999999998,0.8767968102131761,0.12399779404489424,0.029023919999999998,0.01792435846872071,0.002534887084330187,-5.815596080000001,1.7785926009739546,0.2515309778233805
ALA   9,70.85071999999998,1.5808427630867836,0.2235649275536687,-1.3534800000000005,0.6930945170754124,0.09801836660544788,-69.5536,1.4089704326203005,0.1992585094794316,0.41524000000000005,0.8951010347441234,0.12658640230293303,0.16240564799999999,0.03483815774561139,0.004926859517193691,0.5212856480000014,1.4253359407068318,0.20157294182854152
ASN  10,97.73276000000004,1.4366172010635943,0.20316835296826105,-2.9671400000000006,0.5162104225991534,0.07300317806780696,-93.53934,1.4564131915086878,0.205967928785067,-0.3544,0.9184863417601812,0.12989358413716978,0.028156032000000004,0.011800907376595051,0.0016689003260289422,0.9000360319999996,1.2585171422458217,0.17798120110430707
THR  11,72.72330000000002,1.50513376481891,0.2128580583392579,-1.6492399999999992,0.5229938263497983,0.07396249622612841,-75.16048,1.1121149624019222,0.1572768062746843,0.31677999999999995,0.5351610707067547,0.07568320442475993,0.22405507199999997,0.017341544873731067,0.0024524647952932094,-3.545584927999998,1.2846431044141298,0.18167597010715383
VAL  12,68.81913999999999,1.6321028155113961,0.230814193688353,-2.1484400000000003,0.6572910819416298,0.09295499625087382,-55.70421999999998,1.1533360705372935,0.1631063512927933,-0.3245,0.5466146082936313,0.07730297924401103,0.004873823999999999,0.0055137108916068515,0.0007797564721914659,10.646853824000003,1.0719169296810005,0.15159194596921982
PRO  13,52.56649999999999,1.2023355147381487,0.1700359191465526,-3.9828599999999996,0.46140195101451575,0.06525208968301346,-55.171859999999995,1.0881919317840665,0.15389357883940047,3.6319600000000003,0.6604162311754611,0.09339695909396623,0.0005518080000000002,0.001164655370801165,0.00016470714208776735,-2.955708191999999,1.0304795706632408,0.14573181845803593
TYR  14,73.47336,1.5197442911222923,0.2149242987844231,-3.1421599999999996,0.7101116351673189,0.10042495052525577,-74.92742,1.4507448857743108,0.2051663093005437,1.0901999999999998,0.5738268728458089,0.08115137460326845,0.0006022079999999999,0.0014786772082966589,0.00020911653623451208,-3.5054177919999994,1.9640165866831671,0.27775388936130485
GLN  15,88.18973999999997,1.986140617479925,0.28088269980201835,-3.4204400000000006,0.6619997933534364,0.09362090860486161,-86.32097999999998,1.8232981269126585,0.2578532939329342,1.42626,0.6309099400072885,0.08922413937943031,0.00032889599999999996,0.0013045465714891132,0.0001844907454147226,-0.12509110399999807,1.4212430037239923,0.2009941131294345
VAL  16,73.49158000000003,1.5833504361306416,0.22391956607653082,-3.059799999999999,0.7007576185814934,0.09910209281342204,-74.74702,1.308507890537676,0.18505096052705905,2.0402400000000007,0.5613111636160442,0.0793813860297233,0.0,0.0,0.0,-2.2750000000000004,1.2325058863956826,0.17430265402454473
SER  17,57.71398000000002,2.205040539218844,0.3118398236145772,-4.33444,0.6174083303616821,0.08731472343196191,-59.63985999999999,1.911257460522136,0.2702926221857165,1.1439599999999996,0.3412060351166151,0.04825382024254676,0.0,0.0,0.0,-5.116360000000001,1.5626217553841988,0.2209880879323587
LEU  18,73.62460000000002,1.8461704255017435,0.2610879254196673,-3.976600000000002,0.5773685131698627,0.08165223818120088,-71.15675999999998,1.3359907867954568,0.1889376289891637,0.8433599999999999,0.33286999023642905,0.04707492546993577,0.0,0.0,0.0,-0.6653999999999988,1.5561783573870969,0.22007685384883177
ASN  19,98.06998,1.7032787145977721,0.24087998586855816,-3.318440000000001,0.6309985470664683,0.08923667030991171,-98.17326000000001,1.6104679668960509,0.22775456405518196,0.6937599999999999,0.4434467526096002,0.06271284117308033,0.0007090560000000001,0.0017161285653656602,0.00024269722919159991,-2.7272509439999975,1.359014374995634,0.19219365605788208
SER  20,70.51578,1.711609912217015,0.24205819513495253,-2.0066799999999994,0.41678327413657323,0.05894205588542055,-69.76384000000002,1.8886668457931333,0.2670978268125064,-0.52312,0.8463466344235084,0.11969148888705494,0.16414243200000006,0.02809982302735279,0.0039739150825566115,-1.613717567999999,1.2008324345774508,0.16982335151169334
GLY  21,68.60728,1.714402076993424,0.24245306686447032,-1.9499400000000002,0.24077735857010893,0.03405106060022178,-64.44860000000003,1.530787143922009,0.21648599400408802,-6.829680000000001,0.8010512952364454,0.11328576058799153,0.5573672639999998,0.03788668692178987,0.00535798664781786,-4.063572736000001,1.1582528062000212,0.16380168271847662
TYR  22,85.22308,2.229309622641845,0.31527199030689435,-3.0957,0.3919788387145403,0.05543417898733589,-84.15412,1.7616219530875783,0.24913096578306335,1.9159599999999997,0.3628303713858586,0.05131196320547482,0.06170644799999999,0.01611218371963574,0.002278606873575584,-0.04907355199999893,1.20353323220387,0.17020530197494405
HIE  23,79.00409999999998,1.6552747234238323,0.23409119633193573,-2.8373600000000003,0.37350602458327087,0.052821728559372026,-76.9507,1.4944410359732387,0.21134587812402525,-2.6523199999999996,0.6653861868118426,0.09409981696050256,0.11674987199999999,0.029020647283580975,0.004104139297728613,-3.319530128000001,1.39280022573558,0.19697169689115654
PHE  24,67.32956,1.4947764268948358,0.21139330956302718,-3.0309999999999997,0.36300292009845475,0.051336365278427165,-65.68472,0.9399095071340284,0.13292327723923544,-0.70368,0.5586895180688467,0.07901062936086513,0.110567376,0.01671517017421676,0.002363882035775159,-1.9792726239999985,1.3295408648197438,0.18802547227573355
CYX  25,84.22566000000002,1.6957157734703132,0.23981042447717,-3.908879999999999,0.567933187619817,0.08031788164537287,-84.43508,1.5531619856278633,0.21965027446372504,2.3308200000000006,0.3077450691725188,0.043521725057722234,0.0,0.0,0.0,-1.787479999999999,1.2425204906157488,0.17571893293552637
GLY  26,76.9165,1.463277038020915,0.2069386232678309,-3.8865200000000004,0.6967281030646014,0.09853223326404388,-80.7566,1.4628256355426201,0.20687478531714154,1.4517399999999998,0.5089315792913633,0.07197379417538043,0.0005345279999999999,0.001386780230467683,0.00019612034099582835,-6.274345471999998,1.060013059463276,0.1499084844985563
GLY  27,78.89372000000002,2.1545162616229563,0.30469461175405643,-4.62214,0.5853983945997775,0.08278783490344421,-79.32238,1.599459144711242,0.22619768149123093,-0.69494,0.5455669861712673,0.0771548231026421,0.00062208,0.0014192768863051353,0.00020071606213753796,-5.7451179199999975,1.4009593637508957,0.19812557325500987
SER  28,63.871280000000006,3.822111547508616,0.5405281987389502,-3.2780200000000006,0.9067513769496004,0.12823400949826036,-67.26302000000001,3.7345801021799696,0.5281493830271612,2.0797200000000005,0.5894583629061506,0.083362001127612,0.000270576,0.0011591115305370748,0.0001639231246788567,-4.589769423999996,1.4053232934814839,0.19874272611603397
LEU  29,83.80439999999999,1.5825806393368265,0.22381070036992237,-3.5056199999999995,0.7546838249227306,0.1067284100509328,-82.52042,1.5997600831376417,0.2262402406116363,2.42958,0.5490236457567172,0.07764366858926712,0.0,0.0,0.0,0.20793999999999913,1.6465116872952954,0.2328519158778815
ILE  30,64.85510000000001,1.0950272553684843,0.1548602395710297,-2.9166399999999992,0.36574454254302274,0.05172408924282862,-64.56322000000002,1.1391920872256798,0.16110608999026702,0.5897600000000001,0.7914260688150219,0.11192454801338263,0.10168070399999998,0.01887187408157402,0.0026688860273559275,-1.9333192960000003,1.1292801062266844,0.15970432419439065
ASN  31,102.64794,2.843138071989728,0.40208044211071664,-2.9880800000000005,0.6743529592134948,0.0953679100746155,-98.00273999999999,2.303864985714618,0.32581571086741096,-1.9471199999999993,0.5458060329457746,0.07718862942169707,0.032007167999999996,0.015241755636375224,0.0021555097535338407,-0.2579928320000004,1.5794266793171758,0.2233646630664251
SER  32,66.08868000000001,1.4783311867097255,0.2090676013924006,-2.2786999999999997,0.6753420836879643,0.09550779339928249,-67.08574,1.5465853330483275,0.21872019533642548,-1.83248,0.5426335500132657,0.07673997258274196,0.030380687999999996,0.01327198279541743,0.0018769418068861712,-5.077859312000001,1.1886806545079969,0.16810483029357365
GLN  33,70.78403999999999,1.224123555201885,0.17311721337868757,-2.48298,0.6480950081585262,0.09165447502440893,-70.83306000000003,1.0248877481920688,0.14494101534032452,1.7751599999999996,0.6432370748021305,0.090967459500637,0.000439776,0.0015320928977787217,0.0002166706554854164,-0.7564002240000025,1.306225664946269,0.18472820508868276
TRP  34,86.26999999999998,1.1985301164346656,0.16949775455745086,-4.283240000000001,0.5040570428036827,0.07128443061426437,-86.3149,1.4604795684986382,0.20654300133395798,1.3424400000000003,0.3763598894675135,0.05322532600181965,0.0,0.0,0.0,-2.9857,1.4705759041953583,0.2079708388212153
VAL  35,75.02007999999996,1.919789872252639,0.2714992874246194,-2.7702000000000004,0.9952592828002141,0.14075091758137825,-77.46032000000001,1.5106633568069796,0.21364006073764966,2.6608800000000006,0.4067237214621204,0.05751942030305877,4.752e-05,0.00023279950515411326,3.292282175026922e-05,-2.5495124799999997,1.2124205967476858,0.17146216512210583
VAL  36,62.42845999999999,1.6899346639445312,0.23899285212747745,-2.9076199999999996,0.6580589301878663,0.09306358639124103,-66.74924000000001,1.8526401006127708,0.26200287564828356,1.8252600000000008,0.4246364473287676,0.060052662289027156,0.000224064,0.000645336349436478,9.1264341766541e-05,-5.402915936,1.2729647257755952,0.18002439796143943
SER  37,55.05820000000001,1.7642685056413454,0.2495052448345704,-3.8375400000000006,0.6770008629241137,0.09574238020855702,-61.08388000000001,1.8761504805316782,0.2653277454620699,2.06678,0.35865890704121645,0.05072202906035994,0.0,0.0,0.0,-7.796440000000001,1.332620398463112,0.1884609841001571
ALA  38,71.53529999999999,1.4695877959489603,0.2078310992129004,-3.9709799999999986,0.5856532588486203,0.08282387815117197,-70.2564,1.6872321120705063,0.23861065357615116,1.4315000000000004,0.2969831139980829,0.04199975476118838,0.0,0.0,0.0,-1.2605800000000007,1.222344453744525,0.17286561043770393
ALA  39,80.58373999999999,1.6289135619794222,0.2303631651284766,-3.71316,0.7455273398072008,0.10543348750752783,-78.5447,1.6041355086145646,0.226859019216698,0.3584200000000001,0.5310893743994507,0.07510737961079456,0.013783824000000002,0.007870900515558802,0.0011131134257192643,-1.301916176,1.1821382817777804,0.16717959906905644
HID  40,77.21276,1.203002120696685,0.17013019146528469,-2.686040000000001,0.4090477214213441,0.05784808352918764,-76.71485999999999,0.9839173747835248,0.13914692956733923,-1.6696,0.5085214646403831,0.071915795205226,0.20414951999999992,0.014896554609870058,0.0021066909561909685,-3.653590480000002,1.198860239756428,0.16954444104534008
CYX  41,79.80207999999999,1.4161432673291194,0.20027290149201882,-3.1448799999999992,0.4529817497427518,0.06406129339936949,-79.96153999999999,1.1096178659340228,0.15692366350553857,2.8335799999999995,0.3572421078204522,0.050521663393043495,0.021183696000000002,0.013168720456490219,0.0018623383068668482,-0.44957630399999976,1.3932665006409866,0.19703763812065855
TYR  42,89.22676,1.304493136201512,0.18448318852387913,-2.5175599999999987,0.42026459094242835,0.059434388429596315,-78.50024000000002,1.2193457517853226,0.17244152993968206,-3.20904,0.6261029934443717,0.08854433447714234,0.11521843200000001,0.017310215153064277,0.002448034103705976,5.115138432,1.1378801962112592,0.16092056058377213
LYS  43,93.66651999999998,2.1196229215596833,0.2997599482786587,-2.621620000000001,0.39953267150509003,0.056502452265365294,-79.67015999999998,2.0938742690053487,0.29611853891314144,-12.287840000000001,0.8035670067890901,0.11364153592766842,0.07605676799999998,0.0308732629401004,0.0043661387164600635,-0.8370432320000009,1.4594489269166526,0.206397246603639
SER  44,66.49006,4.010707989420109,0.5671997633356046,-1.89152,0.2988712257812709,0.04226677409029447,-67.94412,3.796594440495268,0.53691953485787,-3.8,0.9477843214571543,0.13403694416092887,0.18849585599999996,0.033851087179162805,0.004787266658984603,-6.957084143999996,1.3733925843109123,0.19422704191951265
GLY  45,72.31975999999999,1.4740238608659653,0.20845845352982,-1.9288799999999997,0.3073253416169935,0.04346236661756967,-65.26229999999998,1.249237499438505,0.17666886143309854,-7.295059999999999,0.5997938449167387,0.08482365901091567,0.49246862399999997,0.03631696818298768,0.005135994894865335,-1.674011376,1.3818028627300794,0.19541643489988464
ILE  46,70.07844,1.3171500925857107,0.18627315246156897,-2.4299600000000003,0.3901473547263895,0.05517516803780469,-71.42305999999998,1.4971162735085328,0.2117242138445235,1.6258,0.5936669773534649,0.0839571890906311,0.03470572799999999,0.0215270679559576,0.00304438714614425,-2.1140742720000008,1.3108480427167992,0.18538190802203236
GLN  47,84.10392000000002,1.969772726382298,0.2785679304442473,-3.2404000000000006,0.5747577924656604,0.08128302651845576,-82.16680000000001,1.7461768638949078,0.24694670032222965,1.5449599999999994,0.36774512695615874,0.052007014603801534,0.003459312,0.0052433894503704365,0.000741527247351788,0.24513931199999972,1.6359423631670547,0.23135718772515398
VAL  48,78.1962,1.8200796575977327,0.25739813363740927,-2.7331800000000004,0.800366358363467,0.11318889588647799,-74.10956000000003,1.7257495085886985,0.24405783603048414,2.2644800000000003,0.4554121315907167,0.06440500129648322,0.0,0.0,0.0,3.617940000000002,1.1665490029998697,0.1649749421215228
ARG  49,77.10972,1.6898280272262447,0.23897777141815268,-3.557179999999999,0.6944069034795134,0.09820396607062326,-71.93459999999999,2.1545385213551205,0.30469775975556856,-1.35326,0.9780450666508167,0.13831645978696827,0.000135936,0.0007807425034568055,0.00011041366371097373,0.2648159360000012,1.3542769137978752,0.19152367787017338
LEU  50,80.43663999999997,1.6882877569905101,0.23875994431244316,-3.3346800000000005,0.5487235165363294,0.07760122390787344,-79.31966,2.333757241959866,0.3300431142866071,-1.651080000000001,1.0181806291616418,0.14399248547059645,0.014029488000000003,0.012261312352609566,0.0017340114221553208,-3.854750511999998,1.4811963749692003,0.20947280020193074
GLY  51,73.54408,1.5458240629522608,0.21861253548697682,-2.94552,0.8502535913478984,0.1202440160340629,-78.67337999999998,1.668327568435646,0.23593714737626184,-2.2302799999999996,0.7738863234351689,0.10944405343370675,0.0014971680000000003,0.003374076229929608,0.0004771664364847133,-10.303602831999997,1.4635551445436006,0.20697795346944753
GLU  52,78.35922,1.9976149908328336,0.28250542124355993,-3.5068799999999998,0.4131090722799515,0.058422445275767454,-79.78353999999999,1.9198804880519555,0.2715121024338552,2.302120000000001,0.9853841817281185,0.13935436739478196,0.005962607999999998,0.008017179148100408,0.0011338003483218372,-2.6231173919999993,1.6606594869348668,0.2348527168906834
ASP  53,80.87583999999998,1.2062403468643237,0.1705881458017153,-3.242779999999999,0.9544187820867785,0.13497519858107337,-83.88737999999998,2.1285359934948715,0.3010204469999737,2.3353400000000004,0.9218380901221211,0.1303675929362815,0.000295776,0.0011386110504575302,0.00016102391898249155,-3.918684223999998,1.2642068737212664,0.17878585064619057
ASN  54,101.14454000000002,2.150850847547488,0.30417624392433235,-3.3142000000000014,0.5315128596750911,0.07516726947282215,-94.14026000000001,1.690149423097985,0.23902322365822326,-2.9820200000000003,0.7456433327000217,0.10544989137974446,0.0019401120000000006,0.0028009477756388095,0.00039611383318071574,0.7100001119999996,1.6364067149309183,0.23142285698137077
ILE  55,67.93749999999999,1.709293611408831,0.24173062073320556,-2.5095999999999994,0.5855572047204307,0.08281029404609119,-66.97619999999998,1.2139075582608054,0.1716724532359639,0.14737999999999996,1.0429813975330526,0.14749984376940875,0.05742014399999998,0.03782193683431965,0.005348829602631337,-1.3434998560000002,1.6807470189373712,0.23769352290993795
ASN  56,95.65884000000001,3.5783174669662117,0.5060505092260156,-1.6532600000000002,0.5206384469091767,0.07362939527118223,-92.19586000000002,3.644973492413218,0.5154770947461198,-2.1895999999999995,0.8251765871618032,0.11669759209169664,0.20663438399999992,0.044634074547661204,0.006312211356927424,-0.17324561599999902,1.433632667252865,0.2027462761490116
VAL  57,80.10814000000003,1.6258302864677623,0.22992712412396438,-2.1881999999999993,0.41939847400771935,0.05931190099802967,-74.90405999999997,1.715049671701201,0.24254465058633623,-3.9136599999999997,0.7343939436024791,0.10385898751672878,0.05349816,0.015311667902981668,0.002165396841094948,-0.8442818400000004,1.1813528273769744,0.1670685190424319
VAL  58,58.15980000000001,2.257434331270794,0.31924942474497947,-1.2401600000000002,0.39222709544344286,0.05546928779063233,-55.53966000000001,2.7621386468459246,0.3906253935524375,-5.08872,1.0054735807568473,0.1421954374514173,0.18877017599999998,0.038471104244773305,0.005440635738242755,-3.5199698240000017,1.4064110398693137,0.19889655668544312
GLU  59,68.63292,1.796768085646867,0.25410137951609424,-1.23034,0.33874229791981936,0.0479053951867636,-60.68562,2.245150648753912,0.31751224970385356,-9.073680000000001,1.2366283748968276,0.17488566193944938,0.27689832,0.046670438704704845,0.006600196737809581,-2.0798216800000002,1.3670594272048633,0.19333139825231124
GLY  60,71.35610000000001,1.9115943319647213,0.27034026300200453,-2.02568,0.46163242693727735,0.06528468390059045,-69.90282,2.20384792297442,0.3116711622078201,-2.9299800000000005,1.223129486031628,0.17297663076843614,0.24115636800000007,0.0516889689807849,0.007309924095770822,-3.261223632000002,1.3573926505716685,0.1919643095904017
ASN  61,83.29137999999999,2.839828240510225,0.4016123612539684,-2.09144,0.43589481116434375,0.061644835371667414,-85.1464,3.560357830331091,0.5035106330555476,0.28995999999999994,1.28955057225376,0.1823699908647253,0.20446948800000006,0.04312643931971465,0.0060989995382800775,-3.4520305120000008,1.3940264111502312,0.19714510569549493
GLU  62,85.81511999999996,1.8454512254739743,0.2609862151763343,-1.4903,0.7283984692460569,0.10301109940195755,-80.60594,2.3148767259612617,0.32737300610762426,-3.8692599999999993,1.6377164322311735,0.23160807897826033,0.118816272,0.03225130258399515,0.004561022951848439,-0.03156372800000053,1.4307561280124181,0.20233947206835778
GLN  63,74.60842,2.1223853569985103,0.3001506156449356,-2.85734,0.5764806539685435,0.08152667592880254,-72.2141,2.0785516038816074,0.2939515868301718,-0.11928000000000004,0.6835679056245985,0.0966711002937279,0.04380811199999999,0.012755454828372694,0.0018038937212522044,-0.5384918880000003,1.8852912316432915,0.26662044288130193
PHE  64,83.47846,2.2937759455534334,0.32438890512468355,-1.67428,0.5282505102695118,0.07470590359536514,-77.15673999999999,1.4563356455167518,0.20595696212571662,-2.5347399999999998,0.657741463190516,0.09301868977791515,0.18716659200000002,0.026916177189993597,0.003806522282932629,2.2998665919999994,1.8381736906282065,0.25995701632838153
ILE  65,77.19188,1.9594458057321884,0.2771074833201538,-2.27422,0.6613445483256064,0.09352824296435813,-76.68516,1.4309316316306109,0.20236429202806716,-1.5804399999999998,0.5351463784797582,0.07568112663009194,0.04243910399999999,0.01376849510383704,0.0019471592509313898,-3.305500895999998,1.5180258042276322,0.21468126803710422
SER  66,59.97868,2.9719768871243453,0.4203010020830622,-2.64128,0.6111539589988765,0.08643022175142215,-64.28225999999998,2.748235759974858,0.38865922843551737,0.8359599999999999,0.6795016397331208,0.09609604345653362,0.040654655999999983,0.0165327235476332,0.0023380801864027897,-6.068245344000002,1.565267884457058,0.2213623070946214
ALA  67,81.43502,2.0896262200694844,0.29551777407126906,-2.7619,0.36359258793325383,0.05141975690335397,-77.65617999999999,1.751692263955077,0.24772669567893013,-0.9877199999999998,1.043487211996391,0.1475713767368185,0.12177072000000004,0.029631330289623926,0.004190502916674285,0.1509907200000004,1.5878025122822854,0.22454918472396806
SER  68,77.33935999999999,2.0487868875022404,0.28974222027178287,-1.7961600000000004,0.41855973814976327,0.059193285835472655,-69.46583999999999,2.195383596185828,0.3104741256337416,-2.659439999999999,1.0289908096771352,0.14552127586026767,0.273713472,0.02932792666062159,0.0041475951639734525,3.6916334720000004,1.3162123324136275,0.18614053314620763
LYS  69,88.69801999999999,2.0982775935526745,0.2967412630425773,-2.5682600000000004,0.7453539242534378,0.10540896284472204,-75.38171999999997,2.1984502181316286,0.3109078114683838,-12.587239999999998,1.042090122014436,0.14737379837678488,0.066783744,0.020353702973052903,0.0028784482789005,-1.7724162560000007,1.5377617716676135,0.21747235531912176
SER  70,69.39440000000002,3.3204636844870388,0.46958447759689076,-2.2954200000000005,0.4693041269795074,0.06636962612520846,-71.96028,2.9018944780267293,0.41038985274009937,0.055539999999999964,1.0575083396361469,0.1495542636236092,0.13476888,0.039001581800537255,0.005515656593632346,-4.670991119999999,1.4641457792831118,0.2070614818353501
ILE  71,75.82388,1.7484605644966615,0.24726966435856965,-2.07456,0.7834694163782014,0.11079930743465859,-76.38681999999999,1.4525311933317802,0.20541893133797795,1.1876600000000002,0.40288199810862696,0.056976118576119186,0.027889919999999995,0.008004795378771416,0.0011320490188680011,-1.4219500799999991,1.175962444546023,0.16630620379184044
VAL  72,64.79199999999999,1.8058526628722402,0.2553861327481491,-2.8883800000000006,0.36862435567931995,0.05213135632227379,-65.29374,1.2753452992824565,0.18036106189540238,-0.7764400000000002,0.5263409602149538,0.07443585243684653,0.09258105600000002,0.017115974854996194,0.0024205643773172487,-4.073978944,1.2198978993546743,0.17251961539778293
HID  73,79.57897999999999,1.7469558493563762,0.24705686550267966,-2.1313,0.6243416132214802,0.08829523769717146,-65.88887999999999,1.2496727033914572,0.17673040856636488,-2.5282199999999992,0.8836777985216119,0.12497091274372628,0.026323056000000004,0.013810881186950511,0.001953153548290884,9.056903056000003,1.4624043829085613,0.20681521119831442
PRO  74,61.17718000000001,1.5135524396595894,0.2140486387529477,-1.7720999999999998,0.23111393294217555,0.03268444584202107,-61.28270000000001,0.9310683379853154,0.13167294710750096,1.2633200000000004,0.7419079845910804,0.10492163338415951,0.316638144,0.020449441989493295,0.0028919878204503265,-0.2976618560000011,1.152373901913819,0.16297028010113257
SER  75,65.22818000000001,4.145766118294709,0.5862998670919238,-1.78882,0.6406773818389412,0.09060546425023167,-66.75833999999999,3.585092699555053,0.5070086718075527,0.4479200000000001,0.7951504723006835,0.11245125820549985,0.05564937599999999,0.012225670205310782,0.0017289708613451168,-2.8154106239999974,1.644966028096962,0.23263332665777253
TYR  76,68.77312,1.7192654668779608,0.24314085405785232,-2.1578399999999998,0.275038132628913,0.03889626573335789,-64.54594000000002,1.5900483943570627,0.22486680041293214,-2.2669200000000003,0.8204893866467735,0.11603472183790493,0.23594659200000007,0.02660482492833026,0.0037624904238206455,0.03836659200000194,1.3550351026907703,0.1916309019716907
ASN  77,98.80816000000003,1.4509162534042304,0.2051905443431821,-2.9043399999999995,0.5719183721476362,0.080881471846153,-96.89076000000001,2.160966196495671,0.30560677029139804,-1.20162,0.7663504391595276,0.10837831845899813,0.04099535999999999,0.012022974107133455,0.0017003053042368686,-2.1475646400000015,1.3612898600568455,0.19251545824133634
SER  78,64.43566000000001,1.9398645995014776,0.27433828257824416,-2.9990599999999996,0.30475789801087344,0.04309927526072937,-60.48616000000002,1.915876001832329,0.27094578256164203,-4.190199999999999,1.0468432547425632,0.14804599285357256,0.089766,0.034133230482730426,0.004827167747628411,-3.149994000000001,1.517050390002649,0.21454332363451395
ASN  79,92.49276,3.646449498128441,0.5156858334761807,-2.2636600000000002,0.415627699269427,0.05877863292047498,-87.20998,3.544936340697582,0.5013297050763771,-4.01808,1.0852178922225693,0.1534729861311101,0.14199926399999993,0.06070507895042006,0.008584994595661354,-0.8569607359999999,1.4065098538486147,0.19891053109241105
THR  80,62.816860000000005,1.4807485135558458,0.2094094630334478,-2.8739000000000003,0.5329397057829326,0.07536905598453503,-60.470679999999994,1.9646496424559063,0.27784341696725945,-1.8208599999999993,1.2416207957343508,0.17559169686519932,0.041379264,0.048801898295364535,0.006901630643885695,-2.307200736,1.3085260585282479,0.18505352986892584
LEU  81,71.00382,1.582439265058797,0.22379070702778636,-3.2881999999999993,0.6229514908883375,0.08809864471148264,-67.15041999999998,1.8435730101086207,0.2607205954120602,-0.21269999999999992,0.5653460975367212,0.07995201185711337,0.0016673760000000001,0.0031724112128511963,0.00044864669626386414,0.35416737599999976,1.6918414586718524,0.23926251362388137
ASN  82,91.07074000000003,1.8848310142795932,0.2665553583175637,-3.7267400000000004,0.3825523655658096,0.05410107437010782,-87.85164,1.6070712835467482,0.2272742004892149,-0.5456199999999999,0.6756764873813502,0.09555508522313189,0.0008354880000000001,0.0014937992262201772,0.00021125511251830097,-1.0524245119999998,1.7589313044965385,0.24875045061016046
ASN  83,86.11307999999997,1.5843287138744118,0.22405791544183157,-3.40166,0.5298594383419015,0.07493344038545079,-82.15922,1.0076499052753487,0.14250321621643627,-1.0666600000000002,0.46511764576287534,0.06577756827369032,0.00047779199999999994,0.0008596809165824261,0.00012157724115442003,-0.5139822080000013,1.6194049417474048,0.22901844315931918
ASP  84,95.98634000000001,1.3829962344128255,0.1955852031417538,-4.22598,0.46334490350061863,0.06552686465870278,-99.60796,1.5393291260802193,0.217694012705857,5.53996,0.661918392553048,0.09360939679327186,0.00021527999999999996,0.00045911447984135724,6.492859240735163e-05,-2.3074247199999975,1.3123033191242433,0.18558771518527326
ILE  85,73.77148,1.419315373552322,0.20072150505623296,-3.518180000000001,0.5784121606605419,0.08179983222476639,-73.55305999999997,1.0308815336426835,0.1457886646077459,1.8659799999999997,0.34014317514835335,0.04810350914434484,8.1072e-05,0.000431146701269997,6.097335123084511e-05,-1.4336989280000016,1.2543491229955845,0.17739175416911532
MET  86,72.50786000000001,1.4081879989545771,0.19914785664925927,-3.399999999999999,0.6792552392142491,0.0960611971609772,-73.29958,1.0887420831396142,0.15397138199023783,1.2032199999999997,0.35220915888148185,0.04980989692822119,0.00011289599999999998,0.0003918584769837192,5.5417157268124096e-05,-2.988387103999999,1.4513716994901997,0.20525495414635284
LEU  87,85.60859999999998,1.7180070314180755,0.24296288440837824,-3.0309399999999997,0.7643798639420079,0.10809963703916886,-86.09394,1.51608342000011,0.21440657342531408,2.254420000000001,0.5957084216292355,0.08424589290879349,6.6672e-05,0.0002652330288934619,3.750961466504288e-05,-1.2617933280000002,1.4108507886351414,0.1995244319772594
ILE  88,82.87582000000002,2.013597980629489,0.28476575733733,-2.74232,0.915271532169552,0.1294389414048183,-79.58717999999998,1.521526426850601,0.21517633083611948,0.8141399999999998,0.34523429783264614,0.04882350261912806,0.0,0.0,0.0,1.3604600000000007,1.3954016082834362,0.19733958793916642
LYS  89,80.76054000000002,2.062941891667154,0.2917440401583297,-3.3470599999999995,0.9282755929140885,0.13127799331190299,-70.9775,2.1418849105397366,0.3029082689527579,-8.18276,0.9888153833754753,0.13983961258527486,2.4624e-05,0.000172368,2.4376516331912564e-05,-1.746755375999998,1.5746927241326052,0.2226951807038565
LEU  90,90.5623,2.072527599333995,0.29309966393706877,-3.073159999999999,0.7601686749662921,0.10750408498285154,-91.22377999999999,2.2628772153171126,0.3200191647886523,3.096280000000001,1.0221529638953242,0.1445542584360624,0.004065984,0.010943306413390058,0.0015476172347020692,-0.6342940159999992,1.7019582450553044,0.2406932432749923
LYS  91,85.40542,1.5090296099148974,0.2134090140364229,-2.0692999999999997,0.4957007665921058,0.07010267469932961,-73.4678,1.8046830746699678,0.25522072799834455,-14.123140000000003,1.1531357597437724,0.16307802306870456,0.14393951999999996,0.029031399054237978,0.004105659827716879,-4.110880479999997,1.2577177738935914,0.17786815334780148
SER  92,65.91172000000002,2.138403937893281,0.30241598508007117,-3.2325800000000005,0.47077396232161867,0.06657749223273535,-69.47046,1.8533817006755102,0.26210775373494183,-0.00121999999999999,0.6641854045370162,0.0939300007026509,0.042180479999999985,0.017033564249445875,0.0024089097577119846,-6.750359519999996,1.1652950436475042,0.16479760548924482
ALA  93,71.09396,1.7503543293857857,0.24753748315758417,-2.3973400000000007,0.295289255476721,0.04176020699182326,-66.52397999999998,1.8036780809231334,0.2550786004196572,-3.1164799999999984,0.9066689856833142,0.12822235761364004,0.16905225600000004,0.022173006151987012,0.00313573660187221,-0.7747877440000012,1.2714720321044788,0.1798132991980233
ALA  94,89.60546000000001,1.8381050156078014,0.2599473042138562,-2.2728200000000007,0.5142233246362852,0.07272215997892173,-87.91133999999998,1.9801921786544505,0.28004146351582504,0.5683599999999996,0.9612487869433182,0.1359411071309926,0.057421440000000004,0.020697474912423464,0.002927064972802615,0.047081439999999516,1.1517004559167945,0.16287504045488077
SER  95,71.44511999999999,4.386785482058688,0.6203851523948791,-2.0395599999999994,0.7621410672572391,0.10778302337566927,-70.58643999999998,6.18521168323304,0.8747210248576684,-0.9027599999999998,1.3319479953812012,0.18836589194437514,0.08658460799999998,0.029969335275136504,0.004238304040140446,-1.997055391999998,2.0562750729245995,0.29080120960996936
LEU  96,71.72724000000001,1.7561460253631982,0.24835655265762402,-1.751440000000001,0.29314386638644885,0.04145680315702024,-65.82882000000001,1.4985944973876018,0.2119332662703238,-3.2207,0.47985648896311117,0.06786195546843672,0.24149275199999998,0.022421993707413723,0.003170948759646868,1.1677727519999999,1.3936173926026794,0.19708726173777394
ASN  97,98.44979999999998,2.299691022725831,0.3252254233606524,-1.8908,0.49940656783826964,0.070626754137508,-93.91932000000001,2.7721613693285314,0.39204282055911793,-3.1298399999999997,0.9373320726402128,0.1325587729575072,0.1905166079999999,0.03939383149196798,0.0055711290769781445,-0.299643391999999,1.347379050765662,0.19054817272501862
SER  98,79.02029999999999,2.172881398052031,0.3072918342553394,-1.7436600000000002,0.299134659309147,0.04230402921708509,-69.32408000000001,2.262488955464489,0.3199642565537218,-4.3638200000000005,0.8868296948118022,0.12541665819180434,0.270344736,0.06332866886030623,0.008956026238927977,3.859084736000001,1.5715396175299978,0.22224926409175494
ARG  99,87.70576,1.3776082543308545,0.19482322769118185,-2.64374,0.564301402089342,0.07980426961009006,-78.65770000000002,1.701142642460288,0.2405778996498544,-5.2769,1.1454793101579737,0.16199523758431833,0.0056155680000000005,0.010272896559265842,0.0014528069638969658,1.133035567999999,1.639401741177127,0.23184641765507594
VAL 100,57.26182,1.8895170461256174,0.2672180632965997,-3.0875199999999996,0.41046287237703105,0.05804821609662141,-63.417440000000006,1.804117758462557,0.25514078021358955,1.0005600000000003,0.7994174919277157,0.11305470590824597,0.0038646719999999996,0.011138569741848186,0.001575231639436029,-8.238715327999998,1.3135158027657903,0.18575918626627638
ALA 101,80.52808,1.9076149489872223,0.269777493264339,-3.02554,0.6344552690300537,0.08972552461813725,-76.34267999999999,1.47483997016708,0.20857386881402154,-1.2336799999999997,0.5837689419624863,0.08255739550155403,0.00805824,0.008718738854857392,0.0012330158735328592,-0.06576175999999899,1.3942661814735446,0.19717901433980337
SER 102,76.34576000000001,3.1804397341244584,0.44978210063090895,-2.2871199999999994,0.4070105964222583,0.057559990548991996,-73.69017999999998,3.024743028358506,0.42776326133980663,-1.4697999999999996,0.8236474002872841,0.11648133240996186,0.16679232,0.031150825220375697,0.0044053919505769165,-0.93454768,1.2093151898564376,0.17102299426787684
ILE 103,73.37858000000001,1.7740668881408335,0.2508909453765799,-2.6380199999999996,0.4570692503330386,0.06463935327646864,-69.68252000000001,1.6124057087462194,0.22802860213567058,-1.6350000000000002,0.7206839529224991,0.10192010204076514,0.044375327999999985,0.023054008766399334,0.0032603291864510163,-0.5325846720000006,1.1710988598465808,0.16561838904747028
SER 104,64.21497999999998,2.0320779462417256,0.2873792191374313,-3.05096,0.4202090413115867,0.05942653252546421,-62.513359999999984,2.433232169440965,0.34411099344259216,-1.0530000000000002,0.8025116323144478,0.11349228343812626,0.07481894400000001,0.023332164394519034,0.003299666332624745,-2.327521056,1.148347763664499,0.1624008981695148
LEU 105,86.15548000000001,1.8047369031515914,0.2552283404952199,-2.3745999999999996,0.38286927272895804,0.05414589181092158,-73.74815999999998,1.9099448720842982,0.2701069941486561,1.9060400000000004,1.3706234779836506,0.193835431147146,0.10307592,0.030479755713981697,0.004310488390853176,12.041835920000004,1.2457578328446983,0.17617676226414875
PRO 106,67.44085999999999,1.4937911501953973,0.21125397039592358,-2.7851799999999995,0.2908741095388263,0.041135811065300544,-72.96672000000001,1.8941845743216674,0.267878151464361,6.43286,1.5098831876671805,0.21352972815980478,0.03886704,0.02027258839998485,0.0028669769459666056,-1.8393129599999998,1.4508123504763926,0.20517585025021023
THR 107,62.31861999999999,2.230341820349601,0.3154179651066302,-1.47442,0.23127093116083589,0.03270664874303086,-58.72721999999997,1.6123195252814582,0.22801641395319883,-6.435880000000001,0.7483440289064872,0.10583182750004777,0.2815352640000002,0.026939484270917524,0.003809818401926823,-4.037364736,1.4248314543102927,0.2015015966781397
SER 108,58.96001999999999,2.351293401428397,0.33252310174184047,-2.041120000000001,0.5375353249787337,0.07601897468395542,-62.936879999999974,2.465096806537965,0.34861733363685954,1.5114400000000006,0.8558127636346624,0.12103020171841394,0.089476848,0.01766702347704602,0.0024984944208002358,-4.417063152,1.3103119716259866,0.18530609612133003
CYX 109,70.96982,1.9941722161336988,0.28201853937638877,-2.0403000000000002,0.31970563022880744,0.04521320382366172,-67.27073999999999,1.439984247275394,0.20364452521004747,-1.5267000000000002,0.9003675749381476,0.12733120355985023,0.12462364799999998,0.028682577469078832,0.0040563290060588245,0.25670364799999884,1.6597361584259689,0.2347221385207025
ALA 110,87.03608,1.5962353189925056,0.2257417636858145,-2.441159999999999,0.2994407026441193,0.04234731028058426,-82.35962,1.7471354142140658,0.2470822598083867,-1.4090600000000006,1.0532768564817128,0.1489558415370138,0.15225623999999993,0.0443926437570912,0.0062780678870875675,0.9784962399999997,1.0649927565051995,0.15061272000787604
SER 111,66.49064,3.2305373531968464,0.4568669738643862,-1.6458999999999997,0.8139725855334448,0.11511310698612917,-69.33341999999999,2.646129294573734,0.3742191936178925,-0.63248,0.7199931455229278,0.10182240712141899,0.09792014400000003,0.023704554674409354,0.0033523302710564253,-5.023239856000001,1.6394437066683287,0.23185235247175687
ALA 112,76.73877999999999,1.5600759121279586,0.2206280513262936,-1.66228,0.3758815792240945,0.05315768271849314,-70.4222,1.7025054478617667,0.24077062943801908,-3.0614200000000005,1.0276040110859819,0.14532515292267878,0.20685283200000004,0.02490983699946199,0.003522782932114227,1.7997328319999986,1.2172629692367292,0.1721469800069126
GLY 113,85.36421999999999,1.6472660293961245,0.23295859596084767,-1.9510800000000001,0.4810678471899774,0.06803326739176936,-84.89706,1.2926458975291102,0.18280773596316097,-3.891759999999999,0.7983810258266445,0.11290812746653849,0.40262630400000005,0.049498009774004904,0.007000075673287375,-4.973053696000001,1.4950560675322593,0.2114328567212307
THR 114,65.13866,1.7703940195330434,0.2503715233167848,-2.69794,0.4301154454329654,0.06082750963174446,-67.11996000000002,1.2101386525505546,0.1711394494788897,-0.8574399999999995,0.4583103821647516,0.06481487582337879,0.06500779200000001,0.01245214611446293,0.0017609993915724913,-5.471672208000001,1.1881593132421098,0.16803110150468942
GLN 115,64.77554,1.565927319002969,0.22145556522245388,-2.47454,0.34519427631407795,0.04881784272169347,-63.82563999999999,1.8076743485485467,0.2556437580071304,1.3000199999999995,1.0390117706744244,0.1469384537553055,0.14847278400000002,0.03766542133035747,0.005326694967788839,-0.07614721599999963,1.3030959918809337,0.1842856024792037
CYX 116,79.69490000000002,1.3197301580235936,0.1866380288149754,-2.857160000000001,0.7534752380801901,0.10655749006053016,-79.01367999999998,1.2665501401852355,0.17911723856755046,2.42832,0.5979862352930889,0.08456802440639151,0.020129328000000005,0.01437833198814159,0.0020334032101932743,0.2725093279999986,1.0236431932023382,0.14476500868576492
LEU 117,91.16534,1.8871983108303223,0.2668901446063838,-2.5857199999999994,0.8075035365866851,0.11419824531051287,-89.39777999999998,1.790087252510724,0.25315656703318573,1.06588,0.5984077085064997,0.08462762971984976,0.011197151999999997,0.00771088851270047,0.0010904843112607907,0.25891715199999993,1.1745952191077458,0.1661128489160771
ILE 118,78.37904000000002,2.185686427280113,0.30910273885543316,-2.6706399999999997,0.7351658795129188,0.10396815574011144,-83.07238000000001,1.6860411132586268,0.23844222090889816,4.258359999999999,0.4842692540312758,0.06848601468913318,0.000368208,0.0008510972691390801,0.00012036333009151914,-3.1052517920000016,1.4595282876876619,0.20640846991150716
SER 119,59.85713999999998,2.4370059336003638,0.34464468428813405,-3.27818,0.5200156032274434,0.07354131187298767,-62.26814000000001,2.206395603784183,0.31203145868319654,1.4555600000000002,0.48637290878501727,0.06878351639746237,0.0001296,0.0005026775793687242,7.108934502441276e-05,-4.233490400000001,1.355199437625597,0.19165414244105103
GLY 120,70.82753999999997,1.6421091584923027,0.23222930428368846,-4.602780000000003,0.49158927124173407,0.06952122145071664,-72.60500000000002,1.4868674318843822,0.21027480876217472,0.96544,0.5732778090943343,0.08107372526287417,0.00032500800000000006,0.0010040662774618019,0.00014199641471079473,-5.4144749920000015,1.444402440131515,0.2042693520358781
TRP 121,71.97379999999998,1.2574157625870042,0.1778254424992249,-3.745040000000001,0.4047739102264277,0.05724367535370037,-68.13294,1.1060202423103818,0.15641488269345188,-1.9738599999999993,0.5537907911838201,0.07831784476094851,0.0072012959999999985,0.005812931081131447,0.000822072597207619,-1.8708387040000012,1.1008946870902028,0.15569001972274493
GLY 122,72.29482,1.8358741753179673,0.25963181575451905,-3.491299999999999,0.8767259149814192,0.1239877679450684,-76.11646,1.703704918229704,0.2409402601642192,1.26242,0.5294633543504212,0.07487742565019176,0.000114624,0.0004921827313346132,6.960514938192432e-05,-6.050405375999998,1.5862727281917257,0.22433284058313085
ASN 123,99.15571999999996,1.3077207965038133,0.1849396486213039,-3.8842999999999996,0.8195803377338933,0.11590616290775935,-101.23941999999997,1.7216760681394818,0.243481764557604,-0.02738000000000003,0.6078972903377675,0.08596965925255258,0.0,0.0,0.0,-5.995379999999999,1.5729559801850828,0.22244956801936094
THR 124,71.19326,1.6046869079049213,0.22693699885216853,-2.3882600000000003,0.6338109752915271,0.08963440772381961,-69.30669999999999,1.7277724416142612,0.24434392196253646,1.5864999999999998,1.1997144201850711,0.16966524040003017,0.049825295999999984,0.017757854557180795,0.002511339875341395,1.1346252959999994,1.560509493383771,0.22068936897552965
LYS 125,86.48922,1.9929145419717047,0.28184067739069496,-3.4870599999999983,0.43077643436011603,0.06092098758227994,-66.90506,1.8761606264921584,0.2653291803175613,-14.933019999999999,0.9930108658016265,0.14043294340005094,0.020825136,0.012095954390485431,0.0017106262748870882,1.1849051360000011,1.6267407867939063,0.23005588831494217
SER 126,64.18368,2.019085738050642,0.2855418434345308,-2.4729000000000005,0.40232227131989146,0.056896961254533855,-63.531960000000005,1.9765571072954684,0.2795273867942184,-5.7468200000000005,1.0205260739442146,0.14432418145272763,0.12712118400000003,0.041368466592221355,0.005850384650929773,-7.440878816000001,1.3369520038940015,0.18907356561487837
SER 127,66.87263999999999,3.706357833561321,0.5241581515230183,-1.74142,0.2682124598149761,0.03793096982677879,-65.49396,4.998738244637229,0.7069283420319047,-1.9524800000000004,2.9183546476739246,0.41271767225550193,0.18784396799999997,0.06904684524488408,0.00976469849843913,-2.127376031999999,1.2049743262427584,0.17040910344838914
GLY 128,81.43938,2.333926141847433,0.33006700033777514,-2.02026,0.5691127413790694,0.08048469573776117,-75.6306,2.6132981689815744,0.3695761713098519,-7.005759999999999,1.4686523967229332,0.20769881378573235,0.37819123199999993,0.07222250657099484,0.010213804830128088,-2.839048768,1.7102148126240624,0.24186089825843105
THR 129,65.65700000000001,1.723298256251188,0.24371117660043354,-1.4690000000000003,0.3934044229542925,0.05563578704395218,-65.24197999999997,2.4545134384643617,0.34712061937033195,-2.0817399999999995,1.320377776395832,0.18672961588350154,0.23158670399999995,0.031018761193529084,0.004386715276790108,-2.9041332959999995,1.224372704112494,0.17315244835553098
SER 130,57.51742,3.0120439113001303,0.42596733498239475,-2.2875400000000004,0.8199398077907898,0.11595699965073236,-62.21366000000001,2.870438347081812,0.40594128403989077,2.28184,0.7724983717782211,0.10924776742798936,0.049344048,0.012442979391033955,0.0017597030211129133,-4.652595952000001,2.0802892315143025,0.294197324486623
TYR 131,82.98462,2.342919331858956,0.3313388294661046,-1.99798,0.38654285609748107,0.05466541495314893,-66.8827,1.70006227238871,0.24042511224909366,-4.189780000000002,0.8703451795695695,0.12308539568933319,0.19561248000000003,0.024710793940915462,0.0034946339928249547,10.109772479999998,1.4830386952684815,0.2097333436372786
PRO 132,54.675239999999995,1.3831958727532414,0.19561343626661237,-2.7560599999999997,0.28472902275672707,0.0402667645583801,-51.42406,1.4001673815656155,0.19801357006025178,-0.46174,1.0030381609889027,0.14185101708482742,0.09277142399999998,0.01674002185330199,0.0023673965939361667,0.12615142399999985,1.4406989840828672,0.20374560425871305
ASP 133,83.5065,2.059922117459292,0.2913169795943234,-3.1997800000000005,0.5246360372677416,0.07419473992137166,-78.44744000000003,1.9985656172356123,0.2826398601187159,-1.8691800000000003,0.9032346913178215,0.12773667504675393,0.047072304,0.013559637847567474,0.0019176223744897442,0.03717230400000053,1.6709798442224726,0.23631223581515023
VAL 134,69.6518,1.8920245981486554,0.2675726847045333,-3.5127800000000002,0.433920835637101,0.06136567307542548,-70.35961999999999,1.4648878440351651,0.20716642563900137,3.7705199999999994,0.8523405244384459,0.12053915294210465,0.006504048000000002,0.005848201426703426,0.0008270605773133668,-0.44357595199999783,1.6002840663218543,0.22631434302419318
LEU 135,86.60164,1.462208682233376,0.20678753494341315,-3.5162999999999998,0.5594270729952244,0.07911493537885297,-84.28748,1.615638093633221,0.22848573039027137,3.422640000000001,0.578306588584283,0.08178490207856107,1.9152000000000002e-05,0.000134064,1.895951270259866e-05,2.2205191520000014,1.4673249639330603,0.20751108644027463
LYS 136,79.58527999999998,1.6652434781751058,0.23550099114885795,-3.94236,0.5515650735860658,0.07800308075967284,-70.6098,2.224715999852503,0.314622353941983,-7.336579999999999,1.08080788468627,0.15284931688430992,0.0,0.0,0.0,-2.3034599999999994,1.8331605844551666,0.2592480560544286
CYX 137,75.44731999999999,2.013951175575481,0.28481570664560835,-3.256939999999999,0.6057764079262291,0.08566972118549296,-79.64860000000002,1.532801891961187,0.21677092240426502,2.582420000000001,0.5828918626983869,0.08243335776249747,0.000805104,0.0032668918204899287,0.0004620082719342588,-4.874994896000003,1.1074985893970954,0.15662395254344438
LEU 138,99.11864000000001,1.9275130791763453,0.27259151382227126,-3.03948,0.672529263006451,0.09511000048365052,-89.39684,1.8280793457612603,0.2585294603869709,-0.85518,0.6463266570396116,0.09140439241086827,0.0025919999999999997,0.007223670403112257,0.0010215812654194476,5.829732,1.5618667653055704,0.22088131621149334
LYS 139,76.74470000000001,1.6070103453301305,0.22726558252397416,-2.513219999999999,0.5692104106567301,0.08049850825947065,-62.97394000000002,2.243090059805805,0.3172208384201646,-11.943900000000001,1.0666514754126601,0.1508472982853856,0.038289888,0.01510056581616251,0.002135542497672457,-0.6480701120000008,1.684942266490853,0.23828682050870262
ALA 140,86.76646000000002,1.505526900588544,0.21291365613298494,-3.0859199999999998,0.8738910650647472,0.12358685962512343,-83.25794000000002,1.8558187563432929,0.2624524054527055,2.6831400000000003,0.44167748459707645,0.06246262889120193,0.00018086399999999998,0.0010287463605301358,0.00014548670553036797,3.1059208639999993,1.361172183871072,0.1924988163155474
PRO 141,64.34120000000003,1.349632587038412,0.1908668708810409,-3.5181000000000004,0.44996560979701294,0.06363474679764157,-68.20616000000001,1.5454242053228315,0.2185559870787211,6.621079999999998,0.7145738545454977,0.10105600364154621,0.0,0.0,0.0,-0.7619800000000011,1.4931664272946932,0.2111656212360335
ILE 142,67.74225999999997,1.8466315367187143,0.2611531363933476,-2.9082600000000007,0.5332592543969563,0.07541424698291402,-68.03728000000001,1.2536178850024113,0.1772883415003885,1.7183400000000006,0.4879529325662447,0.06900696550349075,0.009178848,0.006771802119088836,0.0009576774398522297,-1.4757611519999991,1.5358720674594546,0.21720511078711657
LEU 143,85.62907999999997,2.0223973876575707,0.2860101814133254,-2.83834,0.40602357616276274,0.057420404805260436,-82.69458000000003,1.5646318044807626,0.2212723518016983,-1.4584799999999998,0.6169651931835378,0.08725205437122957,0.068051952,0.018645752108469547,0.0026369075512444368,-1.2942680480000015,1.51357736230725,0.21405216334758087
SER 144,68.17117999999999,3.809503010577843,0.5387450823460321,-2.6324600000000005,0.5691232980646612,0.08048618867855493,-70.89415999999999,3.8696667265284805,0.5472535166520476,-1.0902600000000002,0.8139844669279628,0.1151147872690559,0.042795936,0.018726953390210174,0.002648391146636404,-6.402904064,1.609683362251614,0.22764360420225563
ASP 145,84.79610000000001,3.081751691813878,0.43582550384294166,-2.4656000000000002,0.8338992744930297,0.11793116636411269,-93.23342000000002,2.014551951079084,0.28490066913212203,7.875720000000005,1.2692251343240517,0.17949553986658873,0.07216588800000003,0.024503834456514224,0.003465365501854757,-2.9550341120000008,1.3503996585197533,0.19097535117026312
SER 146,76.21928000000003,2.38067980240828,0.33667896642334894,-2.57276,0.6745657732200772,0.09539800652005266,-77.78050000000002,3.164709024538717,0.4475574423467182,-0.75342,1.0705565111660382,0.1513995537377835,0.075390336,0.03609004195432171,0.005103902679841576,-4.812009663999999,1.550674659408958,0.21929851341644283
SER 147,62.489480000000015,2.6552768611949973,0.3755128548957427,-3.3420199999999993,0.48361627309262906,0.06839366923919266,-62.12496,2.433253426669594,0.3441139996686947,-0.9606000000000003,0.8042272067021852,0.11373490229476607,0.04767134399999999,0.020039649242880087,0.0028340343744480746,-3.890428655999999,1.563922021719298,0.2211719733609381
CYX 148,84.3401,1.4795470692064494,0.2092395531441125,-4.363380000000001,0.4167690434761074,0.058940043366117315,-75.32226,1.134139705856929,0.16039157536487014,0.4717600000000002,0.45525762201197706,0.0643831503423062,0.0018986399999999998,0.0032047458817197967,0.0004532195089887459,5.128118639999999,1.4833349507763167,0.20977524049298943
LYS 149,90.92214000000001,1.4545676747392722,0.20570693330057754,-3.4213400000000003,0.6272309179241716,0.08870384708680891,-78.88382,1.6122036681502,0.22800002928056656,-11.521700000000001,1.0733297396420132,0.1517917474700118,0.029730816000000004,0.019526507630145844,0.0027614651916333974,-2.8749891840000017,1.6526952341757586,0.2337264014640736
SER 150,59.393600000000006,2.6630412163538186,0.37661090053261137,-2.6778800000000005,0.2761200927132977,0.0390492779958862,-64.25572000000003,3.3513914068036454,0.4739583180322362,-1.7368399999999997,0.8973028108726742,0.1268977804691636,0.19069300800000005,0.03349661511880723,0.004737136739460884,-9.086146992,1.3951081943726975,0.19729809294597087
ALA 151,73.7865,1.4889497808851042,0.21056929738201624,-3.2715199999999998,0.4996265501351997,0.07065786433228805,-72.55796000000001,1.750755619267645,0.24759423411692102,1.57922,1.1636842576919224,0.16456980595479842,0.037681919999999994,0.018754195463287698,0.002652243757557743,-0.42607808000000147,1.2359633741037297,0.17479161662539058
TYR 152,90.69851999999999,1.4367657740914292,0.20318936436735777,-3.142759999999999,0.42961189741440703,0.06075629718802932,-80.47623999999998,1.1620330900648466,0.16433629558960222,1.0569400000000002,0.6178878671733244,0.08738254017823009,0.010678752,0.007629936086815931,0.0010790359094014989,8.147138751999996,1.2127833686594316,0.17151346881786972
PRO 153,59.62489999999998,1.2475829471429007,0.17643487240348862,-1.64822,0.3280401371783644,0.04639188110003735,-57.95337999999998,1.4568309152411087,0.20602700384183847,0.7716000000000003,1.2624177755402526,0.1785328339549899,0.13079663999999996,0.02444845858836937,0.0034575341714788935,0.9256966400000008,1.1002390734414704,0.15559730195137353
GLY 154,67.54065999999997,1.4269793496763514,0.20180535495386354,-1.6144000000000005,0.2670885246505338,0.03777202139150056,-62.35793999999998,1.744530291053688,0.24671383975788083,-7.818079999999998,1.0721211095767171,0.15162082136698846,0.6546438720000001,0.03647147902075393,0.005157846027095601,-3.5951161279999986,1.2898404343155812,0.18241098355062982
GLN 155,78.32359999999998,1.6058074106193483,0.2270954618657104,-2.1586399999999997,0.46556201563272087,0.06584041166335487,-74.433,1.9395566606822467,0.27429473345279043,-1.0066200000000003,0.9872891550098175,0.1396237712998757,0.10448222400000001,0.04300011588755799,0.00608113470717993,0.8298222240000004,1.7572481211775477,0.24851241254239279
ILE 156,80.93168,1.5492936640936552,0.21910321118599532,-2.02802,0.39547963234533245,0.05592926597050945,-79.67948000000001,1.8798947762039058,0.26585726883418975,-0.94588,1.4176677275017582,0.20048849271716315,0.133590384,0.0350096181214668,0.004951107676088123,-1.588109615999999,1.2313375336481098,0.17413742399441942
THR 157,65.53694,3.3417313321692306,0.4725921771760836,-2.3462799999999993,0.5048332413777887,0.07139420166932392,-63.66978,2.5637507857823967,0.3625691131798145,-2.4044399999999997,0.6540442235812506,0.09249582113803854,0.08620848,0.02305074992716721,0.00325986831698705,-2.797351519999999,1.63320328732764,0.23096982390510712
SER 158,52.12342,2.7334655811992863,0.38657040972120854,-1.8025400000000003,0.6624421547576813,0.09368346795459696,-56.00642,3.284531407004603,0.4645028861826294,1.7119,1.0378293549519593,0.14677123492019817,0.13287096,0.03434722744835156,0.0048574314887372206,-3.84076904,1.3803365273664951,0.19520906376406783
ASN 159,80.9094,1.4762997663072395,0.20878031516399287,-2.9989999999999997,0.7370875931665165,0.10423992709130299,-78.66993999999998,1.4943616216972926,0.21133464724941634,0.2323,0.6514821332930012,0.09213348685467188,0.000168192,0.0006680121974455257,9.447119094581162e-05,-0.5270718079999984,1.4824786808141488,0.20965414563363438
MET 160,80.81893999999998,1.5842430420870872,0.22404579962147686,-3.5640000000000005,0.531374293695135,0.07514767328400841,-81.66774000000002,1.5715029978959594,0.2222440852934443,3.0769399999999996,0.9391889780017649,0.13282137903214222,0.033373440000000004,0.01533928501155121,0.002169302490044206,-1.302486560000001,1.214276855757972,0.17172467978886824
PHE 161,74.75924000000002,1.5043868991712148,0.21275243558643378,-3.2974000000000006,0.5515138801517098,0.07799584091475577,-76.03868,1.2408293265397623,0.17547976621828057,-0.23207999999999998,0.4184607432006018,0.0591792858355016,0.020697120000000003,0.011260689881814527,0.0015925020352539588,-4.78822288,1.0806627312447725,0.15282878908775083
CYX 162,72.93926,1.8259770952562222,0.2582321572693978,-3.48798,0.48240702689741727,0.06822265600224099,-73.0787,1.490504964768993,0.2107892335960742,2.4779999999999998,0.40874857797917546,0.05780577825788665,0.005837184000000003,0.006750973107200472,0.0009547317727418941,-1.1435828159999986,1.204580508947598,0.17035340927239784
ALA 163,84.07116000000002,2.4148056349104596,0.34150508793853446,-3.879899999999999,0.4672584830690739,0.06608032838901635,-80.13747999999998,1.748384948918327,0.2472589707009289,0.8297600000000002,0.6556653585480935,0.09272508424369319,0.000278496,0.0006805694112902814,9.624704915829888e-05,0.8838184960000005,1.3232746199814476,0.18713929143218666
GLY 164,78.24976,2.493858797606869,0.35268489342190934,-3.8514800000000013,0.4678930322199581,0.06617006719053363,-75.17295999999999,2.323877474911645,0.32864590423133905,-1.8356599999999998,0.6986844383554004,0.09880890085412358,0.004006656,0.004615012018886191,0.000652661258762369,-2.606333343999999,1.3525226313160228,0.19127558486236648
TYR 165,75.03685999999999,1.8095240701362523,0.25590534814272514,-3.3481600000000005,0.5508680190390411,0.07790450236026122,-72.56631999999999,1.5315911652925112,0.2165996997967482,0.47282000000000013,0.5129011869746452,0.07253518147768018,0.009005184000000001,0.008594430432026543,0.0012154360077843995,-0.39579481599999944,1.4155285559651754,0.20018596817723536
LEU 166,80.02482000000003,1.5904864122636428,0.22492874549933695,-2.5663000000000005,0.4767826024510499,0.06742724226898145,-82.23564,1.285336263551211,0.18177399761240812,1.22148,0.593218888438324,0.08389381974853699,0.034654319999999995,0.012413444997163375,0.0017555262270760891,-3.5209856800000012,1.1458815780953524,0.16205212686159323
GLU 167,80.65990000000001,1.1916442464087247,0.16852394547950847,-1.4951199999999998,0.7316749179792896,0.10347445922545333,-90.97344,3.1354174086396647,0.44341498229989185,5.033659999999999,2.390014774933413,0.33799913089829126,0.15781132799999997,0.044019648846028166,0.00622531844089542,-6.6171886719999975,1.4789037508683767,0.20914857419224991
GLY 168,76.72534,1.3802356119164212,0.19519479216425306,-3.1362200000000007,0.45594720264521343,0.06448067177069347,-75.15604,1.8410185980591582,0.26035934699563634,-2.76056,1.092890226143505,0.15455801799971436,0.049697568,0.024802390038618775,0.0035075876371882023,-4.277782431999998,1.4247988996152898,0.20149699274902047
GLY 169,77.21734000000001,1.1084619002920089,0.15676018527668123,-2.368899999999999,0.4415358309356133,0.06244259603828183,-69.69999999999999,1.1439578663573182,0.16178007293859079,-2.6828799999999995,0.8583940969042146,0.12139525737029451,0.3423307679999999,0.045377509041539865,0.006417348871325342,2.807890768000001,1.12033638475355,0.1584394909738512
LYS 170,77.38072,1.6663142205484336,0.23565241698747474,-2.8831399999999996,0.4676867759515964,0.06614089814932947,-66.82323999999998,1.426185087007051,0.2016930292499624,-7.513799999999999,0.811093854002126,0.11470599286872696,2.376e-05,0.00016632000000000002,2.3521199969389318e-05,0.16056376,1.7324310647877283,0.24500275076992675
ASP 171,92.99779999999997,1.9178512768220537,0.27122512862963055,-3.9273200000000004,0.6803075316355031,0.09621001378234918,-109.76286,1.7757705596152562,0.2511318809070756,7.115159999999998,0.5480995661374165,0.07751298399623435,0.0005351039999999999,0.0010493643106109529,0.00014840252399363026,-13.576684896,1.3620872930217174,0.19262823229273687
SER 172,67.93914000000001,1.8522892323821603,0.26195325538725006,-3.0581600000000004,0.6001959799931984,0.08488052949881919,-69.39196000000001,1.518690830419022,0.2147753169430239,1.8664600000000002,0.6047445149813253,0.08552378948573296,0.006575328000000002,0.012581751823955833,0.0017793284067850765,-2.6379446720000006,1.5318719039097495,0.21663940223274622
CYX 173,76.13252,1.5737376559010234,0.22256011365924702,-3.0638599999999996,0.8244443464540225,0.11659403761771013,-76.04282,1.6621849799584179,0.23506845418300457,1.0217800000000004,0.5184107363857346,0.07331434942765293,0.01724328,0.03305075142271957,0.004674082090863188,-1.9351367199999994,1.6135076454452897,0.22818443951814077
GLN 174,79.67092,1.4483756949090325,0.20483125511519099,-2.60426,0.73544747766241,0.10400797973232641,-79.76358,1.398148977612955,0.19772812463583178,0.76182,0.6444724568203053,0.09114216890111845,0.004691664000000001,0.010015284773300456,0.0014163751557430253,-1.9304083360000022,1.1806590588742751,0.16697040535986543
GLY 175,69.42146,1.2769662518641196,0.18059029920789754,-4.019480000000001,0.5809951545408967,0.08216512272247883,-70.80770000000001,1.2332887780235244,0.17441337162034096,-0.29133999999999993,0.7390881844543314,0.10452285342450232,0.03750710399999999,0.018850474674649027,0.002665859694205921,-5.659552896000001,1.3635009741514428,0.19282815699538972
ASP 176,85.57546,1.8650949167263278,0.2637642526347491,-3.109679999999999,0.766926187843397,0.10845974161872278,-90.72936,1.2759696040264457,0.18044935191900272,3.1044799999999997,0.5814143527640195,0.08222440630372514,0.00017683200000000003,0.0006022078622668422,8.51650526185477e-05,-5.158923168,1.5233485376697906,0.21543401621938396
SER 177,78.10222,2.338794033599347,0.33075542419134724,-3.05336,0.7040024363594228,0.09956097934431975,-78.78542000000002,2.001377926228884,0.2830375806707027,1.07732,0.40224278439768163,0.05688572010619181,7.632e-05,0.0003738901143384243,5.287604705346268e-05,-2.6591636799999985,1.6186156507668579,0.22890682055838435
GLY 178,68.69412,1.404180553062929,0.19858111821621477,-4.74456,0.5887496296389466,0.0832617711077535,-69.47892,1.0382425312036188,0.1468296668660729,1.2186200000000003,0.38038117145831396,0.053794021154771325,0.00023774400000000002,0.0008899415414868551,0.0001258567397689929,-4.310502256000001,1.3071561837336336,0.1848598003175962
GLY 179,83.39944,1.2598449136313579,0.1781689763344227,-3.6096200000000005,0.7442243180654622,0.10524921240560446,-77.18183999999998,1.1992217369624059,0.16959556447048546,0.3373799999999999,0.490161560712384,0.06931931269134166,0.000130896,0.00040795403317530764,5.769341265413236e-05,2.945490896,1.2986208722507806,0.18365272499178323
PRO 180,65.35402,1.2980745354563756,0.18357546130135613,-4.045260000000001,0.265294463568294,0.037518302840077636,-66.22996,1.3951230907701249,0.1973001996146981,5.0774599999999985,0.7517347460374635,0.10631134731532751,0.0009267840000000003,0.0014938402312643744,0.0002112609115072639,0.15718678399999822,1.3301200532459285,0.18810738188848153
VAL 181,73.17719999999998,1.5416801094923953,0.21802649196849835,-2.972040000000001,0.7361428654819616,0.1041063224208783,-76.53022000000001,1.3849993399271292,0.19586848504027304,1.8771600000000004,0.5821256345497927,0.08232499673853608,0.0,0.0,0.0,-4.447900000000001,1.3026065599404948,0.18421638635040097
VAL 182,54.37177999999998,1.8493340670638139,0.26153533190002404,-2.07934,0.7984881116209552,0.11292327168480366,-59.79380000000001,1.4495835125991212,0.20500206633101076,1.7515000000000003,0.5436245487466493,0.07688012096764651,0.014718959999999998,0.009789429289023951,0.0013844343668430077,-5.735141039999998,1.1820963928821673,0.16717367508462755
CYX 183,81.99960000000002,1.7945421588805384,0.25378658593391507,-2.82964,0.5343266326882853,0.07556519706849202,-81.64662000000003,1.8227853619109786,0.2577807780109656,0.96764,0.7635484466620309,0.10798205687983539,0.007964928000000003,0.0061261456397653435,0.000866367824882895,-1.501055072,1.3272077542214424,0.18769552061067013
SER 184,71.51347999999999,1.2058868975163362,0.1705381605155617,-1.3934399999999996,0.4069266843056628,0.05754812358365832,-70.37132,2.642857782325905,0.3737565319188576,-1.88372,1.981775043136833,0.28026531435766344,0.3214971359999999,0.038348480753708815,0.0054232941578298615,-1.813502864000001,1.199103725671853,0.1695788751537242
GLY 185,78.08901999999999,1.4636136305735192,0.20698622464311955,-2.3270799999999996,0.33572040986511453,0.04747803567966992,-67.94652,1.255889409780482,0.1776095836152299,-5.123920000000001,0.8745620353068069,0.12368174914675038,0.389233872,0.03600020242915921,0.00509119745234938,3.080733871999999,1.334051913478236,0.18866343089507
LYS 186,83.5226,1.7000202822320865,0.24041917394419535,-3.64624,0.4543807020550035,0.06425913513267945,-68.81446,1.9693765633825655,0.27851190453553415,-11.63974,1.0597366429448465,0.14986939329963359,0.0,0.0,0.0,-0.577840000000001,1.4457957858563566,0.20446640087799264
LEU 187,81.01902,1.3410429447258456,0.18965211201560436,-3.5351399999999997,0.7125545034592089,0.10077042427220397,-84.6926,1.2794026418607438,0.18093485678554316,4.583699999999999,0.6413044908621836,0.09069415085880725,0.0,0.0,0.0,-2.6250199999999997,1.3005292382718643,0.1839226087026821
GLN 188,74.41253999999999,1.3075743835063631,0.18491894269663373,-3.4928200000000005,0.575761050784087,0.08142490867050402,-75.82006000000003,1.2377888092873957,0.17504977214478792,3.174939999999999,0.6563023818332555,0.09281517294063556,0.005377680000000001,0.0061832255644444995,0.0008744401452449446,-1.7200223199999989,1.5174254388873223,0.2145963635564397
GLY 189,80.82768000000002,1.5885277641886368,0.22465175083217798,-4.139079999999999,0.560959671990786,0.07933167760737324,-80.34403999999999,1.5645832027731323,0.2212654784822898,0.5508,0.4440010360348273,0.0627912286868158,0.0,0.0,0.0,-3.104639999999999,1.2921182416481833,0.1827331141528537
ILE 190,79.01227999999999,1.988511544246526,0.2812179994808904,-3.4444399999999997,0.6759517189859067,0.09559400884992764,-80.98973999999997,1.6428064013772443,0.23232790931810374,2.6778799999999996,0.44591916935696113,0.06306249370267594,0.0,0.0,0.0,-2.7440200000000017,1.2484636556984743,0.17655942340186764
VAL 191,66.43313999999998,1.7093461441156412,0.2417380499798495,-3.13238,0.6073272887002541,0.08588904884791795,-69.99070000000002,1.1614278668937645,0.16425070410792156,0.5464199999999999,0.36842481403944566,0.05210313687293695,1.9152000000000002e-05,0.000134064,1.895951270259866e-05,-6.143500847999997,1.4776771637902744,0.20897510858412152
SER 192,55.169880000000006,1.5485634845234215,0.21899994820087612,-3.3767999999999994,0.5361227098342379,0.07581920073437948,-53.066359999999996,1.6160503180285706,0.2285440277233358,-0.3444999999999998,1.1951120826098278,0.1690143715782773,0.018643823999999996,0.03580618980993403,0.005063759924611402,-1.5991361760000005,0.9437416033608688,0.13346521748486706
TRP 193,72.86086,1.3853778980477842,0.19592202124311073,-3.6935000000000002,0.743337991764177,0.10512386693800792,-72.13771999999999,1.3298599932333957,0.18807060384880606,-0.41447999999999985,0.6501539583821665,0.09194565455746126,0.03416543999999999,0.06372932363516187,0.009012687380571016,-3.350674559999998,1.290259828861691,0.1824702948961392
GLY 194,80.96712,1.7865406979972247,0.2526550084839171,-3.5224399999999996,0.6552363897098502,0.09266441888880528,-78.3217,1.4010710938418993,0.19814137427601214,-3.27552,0.6574550095633885,0.0929781791174677,0.08032708799999996,0.07701861263037305,0.010892076653703332,-4.072212911999999,1.4511775957127204,0.20522750372689094
SER 195,59.068660000000015,1.405991886319954,0.19883727942202098,-1.6949599999999998,0.6268262585437854,0.08864661960842053,-58.17149999999999,1.4009476114408423,0.1981239112273832,-3.4264600000000014,0.9873894917407162,0.1396379610564398,0.260262576,0.02696477178627364,0.0038133945966443566,-3.963997424,1.3857782443843603,0.19597863876499397
GLY 196,74.06436000000002,1.6579945326799814,0.23447583544564715,-2.9155399999999996,0.5315046645138675,0.07516611050200732,-70.42921999999999,1.5494164358238576,0.21912057373058816,-2.6379200000000007,0.7644808915859159,0.1081139245055878,0.12615595200000004,0.034693778426606744,0.0049064411980874354,-1.7921640480000007,1.4271339353174934,0.20182721666488865
CYX 197,72.40189999999998,1.683319568591282,0.23805733637098184,-1.8514199999999996,0.7913713942265045,0.11191681585892278,-74.55774000000001,1.8357263282959282,0.25961090702814665,3.53678,0.7246778122724639,0.10248491904665821,0.037483632,0.02014072442897165,0.0028483285643470815,-0.4329963679999992,1.8166281439312888,0.25691001589362916
ALA 198,81.4353,1.3284321623640298,0.18786867807078284,-2.9077200000000003,0.7543774397475043,0.10668508064392128,-82.64224,1.423735713676703,0.2013466355516531,3.2046400000000004,0.8148783654018543,0.1152412036035721,0.026787167999999993,0.01123614820260824,0.0015890313176962648,-0.8832328320000005,1.5575615035410795,0.2202724602538024
GLN 199,93.76838000000002,1.6244054037075288,0.22972561527153298,-3.3710999999999998,0.4590286374508678,0.06491645246006597,-85.39507999999998,1.8403865663501686,0.26026996421416604,-1.7879799999999997,0.81956140685125,0.11590348567666117,0.02713622399999999,0.011998768857421342,0.0016968821649945187,3.2413562240000005,1.2877985071475824,0.18212221144119362
LYS 200,76.95194,1.4413340682859566,0.20383541872803884,-2.3321799999999997,0.48832688600977303,0.06905985050664414,-62.32181999999998,1.3169090126517886,0.18623905861035212,-11.03722,0.9061669888050468,0.12815136453428858,0.10742731200000004,0.027030270233385553,0.003822657475866361,1.3681473119999987,1.4425769780901172,0.20401119271822388
ASN 201,89.2675,1.3219576430413968,0.1869530427671914,-2.2219199999999995,0.6625511856453067,0.09369888725059669,-84.69662000000004,1.4654093883937167,0.20724018314952564,0.14276,0.67552481997333,0.09553363621259267,0.011795615999999998,0.008319456408765179,0.001176548808484748,2.503515616,1.1076991845026807,0.15665232097533083
LYS 202,95.90991999999999,1.382903884440522,0.19557214288342215,-2.50892,0.5723987714871501,0.08094941057228257,-75.29304,1.4015296494898488,0.19820622383765543,-7.377320000000001,0.6706872129390653,0.0948494952648638,8.1072e-05,0.000431146701269997,6.097335123084511e-05,10.730721072,1.474262085824401,0.20849214362653157
PRO 203,62.74802,1.4286855845848248,0.20204665300867927,-2.705580000000001,0.5623616306256989,0.07952994449891122,-72.24964,1.2711881018948088,0.17977314540269504,6.093020000000001,0.5837935076720087,0.0825608696175116,0.00022636799999999998,0.0005872537514362935,8.305022198356848e-05,-6.113953632,1.2641308979972896,0.17877510605626465
GLY 204,79.44250000000001,1.6757628740367563,0.2369886583784097,-4.017900000000001,0.7871971100048535,0.1113264829229769,-81.7755,1.2233385181542875,0.1730061923747198,0.34934,0.4086395776231176,0.0577903632797026,0.005069519999999999,0.009715259350609224,0.0013739451535603592,-5.996490480000002,1.7256471088048817,0.24404335451417836
VAL 205,63.051399999999994,1.535491621598655,0.21715130761750742,-3.283859999999999,0.5883749828128373,0.08320878804549511,-65.14457999999999,1.3369690211822367,0.1890759722228601,0.4395800000000001,0.36043335528222126,0.05097297393717575,0.0008720640000000003,0.0015944146900678002,0.0002254842878740778,-4.9365879360000005,1.1624345636125446,0.1643930725232111
TYR 206,81.69666000000001,1.6925620651539042,0.23936442276988654,-3.2314200000000004,0.7487524581595653,0.10588958811894505,-85.58569999999997,1.5152974262508914,0.21429541712330552,2.5372,0.3301572352682871,0.04669128398320164,0.00040766399999999986,0.001418399919593906,0.00020059204031586095,-4.582852335999998,1.0391706421505689,0.14696092157492927
THR 207,76.01039999999999,1.943841989463438,0.2749007704609493,-3.45404,0.7134849671857133,0.10090201171433584,-74.41272000000001,1.608033159359027,0.22741023027111923,1.83328,0.46790456462829966,0.06617169811936197,0.00033076800000000006,0.0007887236508283495,0.00011154236839658732,-0.02274923199999969,1.2456797135057949,0.17616571452129265
LYS 208,88.87439999999998,1.651227458590261,0.23351882665012053,-3.44376,0.5688274451887824,0.08044434876360143,-72.05444000000001,2.3234148072173224,0.32858047313852073,-8.02162,1.218756200230373,0.17235815475920926,0.000267408,0.000855333345039231,0.00012096240169044265,5.354847407999997,1.6158717196441894,0.2285187700975948
VAL 209,58.91880000000001,1.3599017611572508,0.19231915141236414,-2.9621999999999997,0.6597557426805777,0.09330355191524067,-65.27981999999999,2.008425171023627,0.2840342115873116,2.1842,1.0415076379940753,0.14729142269663892,0.000267552,0.0008338997105743592,0.00011793122803532574,-7.138752448000002,1.6209282072475533,0.22923386543225968
CYX 210,66.86249999999998,1.4873566653639558,0.21034399682437274,-3.1571600000000006,0.31496776723975356,0.04454316881408317,-64.48854,1.1503689705482052,0.16268673998824473,-0.92012,0.8314340777235438,0.11758253489358017,0.13653691199999995,0.017750145161329434,0.0025102496021243256,-1.5667830880000013,1.486524414280818,0.21022629874746543
ASN 211,85.11239999999998,1.4157082609081397,0.20021138229399194,-2.1659800000000002,0.5451385324850925,0.07709423060125838,-79.38878,1.5985357210899127,0.22606708967032096,-3.2923600000000017,0.7530371507435685,0.10649553515523473,0.25744665600000005,0.0312746704326944,0.004422906308466525,0.5227266559999989,1.3223569949583633,0.1870095196569048
TYR 212,89.27037999999999,1.3905490554460034,0.1966533333356835,-2.46148,0.7588389352161624,0.10731603138394553,-89.21940000000001,1.0878994990345923,0.15385222260336162,1.38012,0.4071098937633431,0.05757403331363897,0.012354912000000003,0.010663199218257903,0.001508004095274651,-1.018025088,1.3410716737052812,0.18965617490683948
VAL 213,71.69782000000001,1.2555148854548301,0.17755661787715238,-2.7853999999999997,0.6486628091697579,0.09173477421349024,-74.2562,1.17529250827145,0.16621146049529775,1.28898,0.6454955147791498,0.09128685114516762,0.003971808,0.0060270304633655205,0.0008523508222127318,-4.050828192000001,1.3525039880832161,0.1912729483110983
SER 214,63.23322,2.7427885101842024,0.38788887098235947,-2.8929199999999993,0.2998530866941405,0.04240563019222889,-64.1321,2.643615291603496,0.3738636599082569,-1.1390599999999997,0.9358007781574026,0.13234221521494946,0.086618016,0.024797627569744355,0.003506914122380944,-4.844241984000001,1.2779289365252617,0.18072644337830512
TRP 215,75.13568000000001,1.4995785733333395,0.21207243562521055,-3.0136200000000004,0.6859973437266363,0.0970146747250127,-74.73858,1.4851116603141614,0.2100265051654712,-0.6910599999999999,0.5757256086018757,0.08141989638902769,0.035088048000000004,0.015184019526571212,0.002147344634581491,-3.2724919519999993,1.3709945952193479,0.19388791504994132
ILE 216,81.49372,1.4422249206003632,0.20396140427054937,-3.334920000000001,0.6743332956335389,0.09536512922446966,-75.67022,1.0803196987929635,0.15278027697318258,0.28544,0.4021616669947546,0.05687424837305542,0.0,0.0,0.0,2.774020000000001,1.2011325736986753,0.16986579759327677
LYS 217,80.56370000000001,1.7253218627261846,0.24399735777261816,-3.327840000000001,0.42976176470224864,0.06077749162313149,-66.45566,1.2734246206199917,0.18008943691406054,-14.83376,0.8940191398398566,0.12643339925826538,0.039141936,0.016492032694677236,0.0023323256307913047,-4.014418064,1.3588491439916095,0.1921702888652005
GLN 218,84.13544,1.547528909713964,0.21885363722819368,-2.58328,0.7792008737161423,0.11019564434223338,-90.12287999999998,1.6957704401254061,0.23981815550967417,-0.17714,0.6999003074724286,0.09898085071366078,0.020864016000000006,0.01300765719940927,0.001839560522610462,-8.726995983999998,1.2726711765689267,0.17998288383451
THR 219,70.24534,1.66625876273725,0.2356445740686032,-3.4191800000000008,0.6177109255954548,0.087357516860313,-71.12813999999999,1.3922138342959487,0.19688876861847793,-1.0239599999999998,0.6452391482233549,0.09125059543915323,0.012569184000000002,0.0075273302847519525,0.0010645252577157942,-5.313370816,1.372729308972149,0.194133240621546
ILE 220,57.76247999999999,1.3128998322798124,0.18567207488474724,-2.77584,0.5217724929507102,0.07378977360041145,-53.935159999999996,1.271557711785129,0.17982541613466285,-3.1424800000000004,0.7675618083255525,0.10854963192936144,0.07933939200000001,0.01835235024220967,0.002595414261395407,-2.0116606079999997,1.11694278614055,0.15795956365547573
ALA 221,80.17797999999999,1.1395525523643895,0.1611570674590596,-2.0512599999999996,0.3389178549442329,0.04793022269925314,-76.42494,1.1403668779821063,0.1612722304923359,-3.5882199999999993,0.8967829010412756,0.1268242541156861,0.31692729599999997,0.026499616635604198,0.0037476117243759144,-1.5695127040000008,1.1261543417659547,0.15926227434507587
SER 222,74.44209999999997,1.7274038468189896,0.24429179478668714,-1.7796,0.2789035675641305,0.039442920784343416,-66.28216,2.114795265362237,0.2990772145917684,-3.09462,0.9423171629552335,0.1332637711908229,0.30044764800000007,0.026632012771235503,0.0037663353654374724,3.586167648,1.3399209344446898,0.1894934357999311
ASN 223,116.62208000000004,3.337314727980294,0.4719675750217208,-1.28288,1.0012723633457583,0.14160129558729329,-204.41959999999995,15.133699025685175,2.140228241099647,25.959860000000003,13.28659853538142,1.8790087846542904,0.253492416,0.09804266888042437,0.013865327202195073,-62.86704758400001,2.4851468138282846,0.3514528328604245
UNK 224,0.0,0.0,0.0,0.0,0.0,0.0,0.0,0.0,0.0,0.0,0.0,0.0,0.0,0.0,0.0,0.0,0.0,0.0

Receptor:
Total Energy Decomposition:
Residue,Internal,,,van der Waals,,,Electrostatic,,,Polar Solvation,,,Non-Polar Solv.,,,TOTAL,,
,Avg.,Std. Dev.,Std. Err. of Mean,Avg.,Std. Dev.,Std. Err. of Mean,Avg.,Std. Dev.,Std. Err. of Mean,Avg.,Std. Dev.,Std. Err. of Mean,Avg.,Std. Dev.,Std. Err. of Mean,Avg.,Std. Dev.,Std. Err. of Mean
ILE   1,61.92056,3.524481035046151,0.498436888008903,-10.530240000000003,1.2836561620620937,0.18153639538120084,-69.39859999999997,4.446567395194086,0.6288395916289482,-23.105040000000002,2.8754980296289463,0.40665683120783674,0.008752752,0.009586762403110655,0.0013557729409727573,-41.104567247999995,3.8364606063609537,0.5425574621025768
VAL   2,45.28128000000002,3.030154108555925,0.4285285036400345,-9.50448,1.061819273511269,0.15016392173887835,-46.19097999999999,1.588018469540051,0.22457972569225057,0.04492000000000001,0.6040964439557645,0.08543213840236004,0.06160939200000002,0.021045592610823106,0.002976296249840503,-10.307650608,2.7123674163114755,0.3835866786286559
GLY   3,68.54058,1.6836500953586009,0.2381040799146888,-3.33638,0.405834887115442,0.057393720144281214,-65.70612000000003,1.9622280768548162,0.2775009558757357,-3.5790600000000006,1.41862236567735,0.20062349894267126,0.33240096,0.04235832114429451,0.005990371224161633,-3.748579040000001,1.82700913743631,0.2583781100742
GLY   4,75.88817999999999,1.694426967325729,0.2396281597642759,-3.669020000000001,0.40555569235309114,0.0573542360423352,-71.26128000000001,3.6859677483122035,0.5212745580132937,-3.4189800000000004,2.0533154408419567,0.29038265442687855,0.18919612800000002,0.05794090010172457,0.008194080673996353,-2.2719038719999998,1.4878017874038865,0.21040694658695083
TYR   5,96.41332,3.360175194480335,0.4752005331983742,-9.762839999999997,0.9138315897363453,0.12923530279301054,-93.47782,2.2178906707954935,0.3136571066499748,-7.87716,1.1200454162220363,0.15839834180950219,0.8154846720000001,0.15265076918692366,0.021588078809083238,-13.889015328000001,3.2209423385446376,0.45551003387915395
THR   6,41.090900000000005,3.0000497079214847,0.4242710984736006,-5.349059999999998,0.7264814219235225,0.10273998796963363,-49.34492000000001,3.431772881995308,0.4853259752701967,-6.655059999999999,2.391402136069968,0.33819533339181385,0.578523456,0.06437818685952652,0.009104450497773179,-19.679616544,2.470905795414895,0.34943884872220243
CYX   7,85.73238,2.5256480981326286,0.3571805794160977,-6.784380000000002,0.480235562614807,0.06791556457837337,-65.2728,1.4651079960187732,0.20719755983110155,-5.122559999999998,1.1174444444356149,0.15803050885193148,0.16462411199999993,0.0321641797614222,0.004548701924120949,8.717264112,2.0778754131998336,0.29385595902688033
GLY   8,76.30002000000002,2.168099015174083,0.3066155031826939,-3.443540000000001,0.8552441104152625,0.1209497820088977,-79.51073999999998,1.62180258737095,0.2293575214551774,2.7842599999999993,0.8585527545818037,0.12141769495423661,0.029023919999999998,0.01792435846872071,0.002534887084330187,-3.8409760800000017,2.417273815540664,0.34185414139069664
ALA   9,80.96958000000002,2.218897600971409,0.3137995080810891,-2.9516599999999995,0.7016358203512701,0.09922628929875386,-69.76163999999999,1.4546188608706105,0.20571417211269197,0.017640000000000055,0.9148557648066715,0.12938014302048054,0.5475558239999999,0.03125694460668036,0.004420399498111193,8.821475824,2.0642806801358136,0.29193337343928244
ASN  10,33.287420000000004,2.9446550703944743,0.41643711370625663,-7.911760000000002,0.7448393802693042,0.10533619533664211,-91.66686,2.930576933028506,0.4144461644266662,-2.39984,1.7838022240147582,0.25226772977929607,0.16966713599999994,0.04863499471058183,0.006878026912564856,-68.521372864,2.7902372420854644,0.39459913499957644
THR  11,50.64596,2.4104266589962524,0.34088580722581674,-4.777080000000001,0.891774227929914,0.12611592077132802,-63.11743999999999,2.0553772126791428,0.2906742329963453,0.7743200000000001,0.7489072957315875,0.10591148545837693,0.6402034080000001,0.04063935099601548,0.0057472721344605645,-15.834036592,2.437912908217419,0.34477294986855084
VAL  12,60.15374000000001,3.156087240935683,0.44633813801639244,-7.2230799999999995,0.990921810033475,0.1401375063000636,-46.06373999999998,1.43849667097336,0.20343415015190733,-0.5586599999999998,0.5412584081564,0.07654549815632532,0.04568111999999999,0.017664305208232808,0.0024981099995380535,6.353941119999998,2.633579670700721,0.3724444087895029
PRO  13,76.10899999999998,2.2142081835284313,0.31313632430634025,-9.12712,0.701023099191443,0.09913963744133582,-53.47413999999999,1.0165494185727622,0.14376179745680845,-2.2270799999999995,0.5482161559093287,0.07752947227990158,0.21393633599999998,0.03525153311283802,0.004985319622261977,11.494596336000003,2.296726538215478,0.32480618194065375
TYR  14,84.25064000000002,3.4789915709006287,0.4920037062949348,-13.520760000000003,0.8644801110493463,0.12225594974477848,-80.20523999999999,1.4512956082070005,0.20524419321388498,-7.714459999999999,0.8659487100285039,0.12246364100417968,0.24982358399999996,0.041125608976594466,0.005816039397555259,-16.939996415999996,3.669494634442121,0.5189449079083349
GLN  15,46.57422,3.13752305036967,0.44371276500909906,-12.055320000000002,0.983637787806047,0.13910738999779804,-86.86156,2.185759915086691,0.30911313160070625,0.5734000000000001,1.2708555071289578,0.17972610939983097,0.00134496,0.005229991585155754,0.0007396325030824429,-51.767915040000005,2.7323206464567558,0.38640849149711665
VAL  16,63.30885999999996,2.436029449822879,0.34450658862797845,-10.06972,0.9432385072715993,0.1333940689536049,-63.41763999999999,1.5514030908830143,0.2194015291834298,2.074,0.607577188511881,0.08592439001820168,0.000275616,0.0005994466619675181,8.477455992737443e-05,-8.104224384,2.3823574194029558,0.33691621729398274
SER  17,58.177159999999986,3.1454382547432473,0.44483214394650583,-8.813460000000003,0.790183173953968,0.11174877613647201,-54.37928,2.6419137990477943,0.37362303252340184,-0.84548,0.7148899283106458,0.10110070322208449,0.00023774399999999997,0.0012124872598357477,0.0001714715927064305,-5.860822255999999,2.6060574799091945,0.36855218324114325
LEU  18,60.96912000000001,3.1684549839943545,0.44808720101334437,-12.71558,0.9314099653750894,0.13172126051629063,-61.4079,1.5060355407496437,0.21298558871440443,0.47352000000000005,0.3788853251314964,0.05358247653851019,0.0,0.0,0.0,-12.680839999999996,2.8273682841823327,0.3998502573314202
ASN  19,40.68936000000001,2.634792354323136,0.37261590815207163,-10.93916,1.1265397704475304,0.15931678219195705,-102.08843999999995,2.3292893350563335,0.3294112568327675,-0.6754399999999999,1.2391817648755163,0.1752467658132383,0.045890928,0.03773837967535458,0.00533701283588716,-72.967789072,2.0878920594096426,0.2952725267188208
SER  20,76.18922000000002,2.7943808279471183,0.39518512653181725,-4.939720000000001,0.8303738926531705,0.11743260208306543,-69.98348,2.429476208897537,0.3435798204085667,-2.9693600000000004,1.4881231234007473,0.21045239035943478,0.26096544,0.04550763141206106,0.006435750953441263,-1.4423745599999998,2.3322555626225725,0.32983074475809354
GLY  21,71.77097999999997,2.1327742073659253,0.3016198209536419,-2.5000600000000004,0.2405298659210522,0.03401605985413341,-65.38827999999998,1.4967620791569163,0.2116741231989463,-6.03072,0.7918279116070598,0.11198137716602682,0.5797434239999998,0.03636193863999598,0.0051423546778860615,-1.568336576000001,1.7309659229347922,0.24479554842200446
TYR  22,95.15973999999999,3.8176017121226087,0.5398904117022542,-8.495359999999998,0.7019422130061918,0.09926961976355403,-91.26007999999997,2.4573504661732737,0.3475218356766091,-4.82874,1.0713224129084589,0.15150786860094115,1.053371664,0.06386821603943903,0.00903232973275495,-8.371068336000002,3.3204927716548878,0.46958859114361706
HIE  23,110.70051999999998,2.678020031590871,0.3787292248982634,-11.489099999999999,0.8302531722312098,0.11741552963726619,-89.27914000000001,1.9440798235665766,0.2749344052823746,-3.7574600000000014,0.6789003523345627,0.09601100857714112,0.186404544,0.04216114328360727,0.0059624860636832725,6.361224544000001,2.4391423546170445,0.34494681984580694
PHE  24,88.04882000000002,2.8719853668838766,0.4061600656784247,-13.251799999999996,0.7938212141282672,0.11226327271196722,-66.74736,1.019644600044948,0.14419952221840554,-2.5897600000000005,0.7298498355141263,0.10321635358798499,0.2499217919999999,0.03115639126833501,0.004406179108628204,5.709821791999998,2.8277451235985316,0.39990355047274273
CYX  25,96.13787999999998,2.6236258775985575,0.3710367298692894,-9.020080000000004,0.6463070737659736,0.09140162291775082,-83.98851999999997,1.584198652191096,0.22403952194218255,1.5969799999999998,0.354167615120298,0.05008686446564598,0.018066816000000006,0.007710802011914444,0.0010904720782023154,4.744326815999998,2.3119738690589378,0.32696248014753476
GLY  26,79.77498,1.6166578795771038,0.228629949901527,-5.45242,0.7091753546197146,0.10029254046039494,-81.58661999999998,1.4407820638817292,0.20375735351654403,1.92368,0.47350102175180053,0.06696315667589142,0.0007246080000000001,0.0016364678260008658,0.00023143149939176385,-5.339655391999997,1.325865315962762,0.1875056711714627
GLY  27,81.90314,2.4120819141158587,0.3411198956497502,-6.078880000000001,0.6116649291891736,0.08650248384873081,-80.32776000000001,1.5928660277616797,0.22526527395039264,-0.14402000000000006,0.5361672310016717,0.07582549697825923,0.00062208,0.0014192768863051353,0.00020071606213753796,-4.64689792,1.783045174489438,0.2521606668086865
SER  28,68.56052,8.305126829230321,1.174522299912618,-7.811719999999999,0.9003928484833732,0.12733477777889296,-62.052340000000015,7.799961270698609,1.1030811015006852,-1.00246,1.53238555474789,0.2167120434309085,0.0006904799999999999,0.0019104937816177261,0.000270184621679325,-2.3053095200000002,3.001623570019815,0.424493676186077
LEU  29,73.84268000000002,2.228040326743803,0.31509248475952684,-11.895119999999999,1.2474773527403316,0.17641993909986622,-76.38181999999999,1.721234832206444,0.24341936437353315,1.9795399999999992,0.6070812535402507,0.0858542542219082,0.000581472,0.0011731595777284523,0.00016590981856514703,-12.454138527999996,2.271480981306964,0.32123592104368554
ILE  30,82.6921,2.704059268951354,0.38241172916116817,-10.78484,0.8831922409079481,0.1249022445274706,-62.53149999999999,1.1923682359083003,0.16862633305644004,-0.9791799999999998,0.8040816796818595,0.11371432166618244,0.11005559999999996,0.02595146714927697,0.0036700916805987335,8.506635600000001,2.7117278487560608,0.3834962301175638
ASN  31,46.18524,4.779445279778817,0.6759156335283274,-7.212860000000001,0.997362522055041,0.1410483605292874,-98.89386000000002,4.307775045240585,0.6092113892631608,-8.076279999999999,1.3714656107974477,0.1939545267118051,0.4404131999999999,0.06845710507393692,0.00968129664363616,-67.55734680000002,2.80276448931965,0.396370755293355
SER  32,72.26793999999998,2.8990328967439023,0.4099851640340987,-5.28046,0.7719343808899866,0.10916800707166975,-60.899260000000005,2.9887140967981347,0.4226680009747577,-9.34666,1.617829603017584,0.22879565661961476,0.3113848799999999,0.07497120263409958,0.010602529155256514,-2.94705512,2.5012554533975138,0.3537309385154429
GLN  33,28.660320000000002,2.9625172974346783,0.418963214079701,-8.467199999999998,0.9760609202298794,0.13803585910914593,-68.28078000000002,1.585176940154359,0.22417787275273784,-6.851480000000001,1.1277230730990568,0.15948412645777513,0.39687839999999996,0.06672080258625199,0.009435746390989543,-54.54226160000001,2.660873103904278,0.37630428312952235
TRP  34,133.32621999999995,2.9432823805428208,0.4162429860457426,-18.83768,1.0101953561564554,0.1428631973322778,-101.08639999999997,1.6434555302792502,0.23241971000779824,-2.0350600000000005,0.7766043113452293,0.1098284349701841,0.05953550399999999,0.026735826834096327,0.0037810168910037555,11.426615503999999,3.129813069475521,0.44262240905448474
VAL  35,61.542199999999994,3.064987849894358,0.43345473858293526,-9.632559999999998,1.2507141505556107,0.17687769143676899,-65.0431,1.6654619209100117,0.23553188361668853,2.7034000000000002,0.4409716544178289,0.062362809429979515,8.582400000000001e-05,0.00046201528743538347,6.533882855148231e-05,-10.429974176000004,2.9011490207400508,0.41028442915960034
VAL  36,48.59438,2.9463054620320808,0.41667051432996965,-9.23118,0.8696048686616116,0.12298069991669251,-53.07750000000003,2.169162909971644,0.30676596062785877,1.4786000000000001,0.39662122989068355,0.056090712243650184,0.0010255679999999997,0.001850268411819215,0.0002616674682025261,-12.234674431999997,2.360343427407218,0.33380296868974824
SER  37,57.49678,2.484934456197986,0.3514228009563403,-7.8911399999999965,0.8522180943866593,0.12052183871813679,-57.4431,2.1100908345376324,0.2984119076042282,-1.5436600000000005,0.7475868808372697,0.10572475059322656,5.4143999999999995e-05,0.00027682193855256483,3.914853398634487e-05,-9.381065856,2.2582748297709356,0.319368289182785
ALA  38,81.09698,1.8199435979174452,0.25737889189289376,-8.075060000000002,0.6692097551589951,0.09464055118182291,-70.27552,1.7507999684717814,0.24760050604151804,0.82706,0.3218085399736923,0.045510600171827995,0.0,0.0,0.0,3.5734600000000016,1.9475060997080291,0.2754189539011424
ALA  39,90.69843999999998,2.4252211788631635,0.34297806829027516,-7.313839999999999,0.803083441741894,0.11357314950286498,-78.57604,1.6771943472357893,0.23719109925963433,-0.41856000000000004,0.5302951691275342,0.0749950620241093,0.014051520000000005,0.0083413421653832,0.001179643921867948,4.404051520000001,2.3498113318045615,0.33231350544559957
HID  40,100.17653999999997,1.9633921280283213,0.2776655775714224,-9.3474,0.7464132099581271,0.10555876846572199,-78.9706,1.2014233725046253,0.1699069227548064,-2.8876799999999996,0.6597057659290277,0.09329648413525615,0.5357764799999999,0.03630648203626634,0.0051345119297743,9.50663648,2.2852025402655727,0.3231764425213022
CYX  41,90.91593999999999,2.060009120465476,0.2913292836774547,-8.226100000000002,0.618358286109223,0.08744906746214458,-79.77303999999998,1.2414558543910061,0.1755683706367239,1.4882000000000002,0.32982292218704096,0.04664400497384393,0.021183696000000002,0.013168720456490219,0.0018623383068668482,4.4261836960000025,2.140863449993588,0.30276381261697866
TYR  42,99.17448000000002,2.707639165323998,0.38291800296137646,-8.578759999999999,0.7123150864610533,0.10073656559561854,-83.37982,1.486872095239734,0.2102754682602132,-12.00858,0.9839812821390151,0.13915596743222622,0.9356569919999999,0.07650341354054377,0.010819216499687447,-3.857023008000001,3.0091137315562646,0.4255529449889982
LYS  43,134.79765999999998,3.082484956071519,0.4359292030687376,-8.000080000000002,0.8340862267175654,0.11795760540125812,-71.75532,3.907177454070994,0.552558334614558,-63.13507999999998,3.4380254440017923,0.48621022106911166,0.505605024,0.05292589440165775,0.007484851766355065,-7.587214975999997,3.26574841545542,0.46184657004355
SER  44,71.84789999999998,7.910296649936844,1.1186848804735143,-3.0201800000000003,0.3639396482935061,0.05146883865019706,-61.323,7.180768229096302,1.0155139817845822,-12.736559999999999,1.1933604511630176,0.1687666534834415,0.7960006079999999,0.05437907537068886,0.007690362589853693,-4.435839392000001,2.3058975551215637,0.3261031595895877
GLY  45,75.83027999999999,1.8920520081649899,0.26757656106621786,-2.3834,0.3087569918236694,0.04366483253145521,-66.67253999999998,1.254823417219853,0.17745882950156686,-6.095059999999998,0.5904777188006466,0.0835061598207001,0.5127471359999999,0.03612735207916478,0.005109179128298266,1.1920271359999992,1.8576725068978381,0.26271456537025495
ILE  46,82.5114,3.082875125593098,0.4359843813716418,-8.880139999999997,1.207897462701222,0.1708224973708118,-66.06118,1.5251079265420473,0.2156828313798473,0.36676000000000003,0.598131408972978,0.08458855506509139,0.04390531199999998,0.026042874115186635,0.0036830185776872155,7.9807453120000025,2.8917664294392753,0.4089575303728243
GLN  47,42.39266,2.8665226432735045,0.40538751989669636,-9.176859999999994,0.984359162298065,0.1392094077568142,-83.2175,2.376834905920141,0.33613521594740425,-4.251860000000001,0.9790120123879955,0.13845320656452798,0.4305195359999999,0.03629490491134973,0.005132874677067264,-53.823040464,3.1950315229725437,0.4518456911997336
VAL  48,66.84831999999999,2.630463597467338,0.3720037294867031,-9.25346,1.0703136402008488,0.15136520659649574,-63.179719999999996,1.9381584459482863,0.2740969960288028,2.1014799999999996,0.47728608779221665,0.06749844584877485,1.9152000000000002e-05,0.000134064,1.895951270259866e-05,-3.4833608479999985,2.3040891347829158,0.32584741033264897
ARG  49,-196.10418000000004,3.7279932333078025,0.527217859097902,-13.338719999999999,1.1509939537634513,0.1627751259621704,65.12527999999999,8.949064690882567,1.2655888656400316,-26.697839999999992,7.127239601304302,1.0079438906447153,0.23593262400000004,0.05030472176690583,0.007114161977416327,-170.779527376,3.3501606838382405,0.4737842675213162
LEU  50,68.26845999999999,3.0814364715829394,0.4357809249703689,-10.826199999999998,0.8861950349669157,0.12532690373579114,-69.23018,2.4832934557958155,0.35119072845387944,-1.9491800000000001,1.025691682524529,0.14505470882394678,0.016014672000000004,0.011888609896182808,0.001681303335294472,-13.721085328000001,2.995520638977415,0.423630591401038
GLY  51,76.84005999999998,1.7747193289089243,0.2509832144348678,-4.30536,0.8580343760013379,0.12134438515234278,-79.25773999999998,1.6985377806812432,0.24020951656425116,-2.045140000000001,0.8289594202372008,0.11723256547563872,0.0015514560000000005,0.0035341757916753373,0.0004998079336397932,-8.766628543999998,1.8797509885840527,0.26583693419398
GLU  52,102.23182000000003,3.252485921198327,0.45997097011862237,-10.614259999999996,1.2207204071367381,0.17263593556383813,-118.68197999999997,3.6048619362754994,0.5098044640763347,-19.673339999999993,3.412661082557159,0.48262315867351824,0.07730812799999999,0.04128904365225741,0.005839152551043718,-46.66045187200001,3.052432248133924,0.4316791083535992
ASP  53,104.63085999999997,2.992190836227825,0.4231596861801883,-7.762839999999998,1.1452935407134892,0.1619689658175319,-131.22318000000004,5.1145129296529,0.7233013550047682,-19.1951,4.214331582825444,0.5959964880769015,0.308085696,0.05471585160898399,0.007737989942221889,-53.24217430400001,2.4991176036360376,0.3534286009027433
ASN  54,44.5012,3.251318489474642,0.4598058703409444,-9.009380000000004,1.010623448965992,0.14292373879799794,-99.51812000000001,2.8767014696696322,0.4068270233305408,-6.206339999999998,1.7361795945120524,0.24553287292743653,0.170380368,0.04428353145121758,0.0062626370768087405,-70.06225963199999,2.557430286445452,0.3616752595914867
ILE  55,85.62452000000002,2.6525080602324516,0.37512128730846833,-9.604439999999999,1.4105571404236021,0.19948290384892683,-65.37899999999999,1.2844354868973769,0.181646608556356,-0.67128,1.0634636061473843,0.15039646549038305,0.17231630400000003,0.07529969195978675,0.010648984561204672,10.142116303999998,2.825188074043011,0.399541929056635
ASN  56,37.07404000000001,7.213355640643195,1.0201225377218073,-4.805899999999999,0.7946928526166642,0.11238654100914497,-94.38630000000003,6.017464230885914,0.8509979526413846,-7.981219999999999,2.653622635492852,0.37527891205342273,0.7553940480000001,0.052794739527563056,0.00746630366618346,-69.343985952,2.4102313690863357,0.34085818906189685
VAL  57,66.87546,2.7866513969996367,0.3940920199242818,-4.8472800000000005,0.6576574804561981,0.0930068128257274,-63.29498,2.041277643927738,0.28868025286116045,-3.8197599999999983,0.7675681744314403,0.10855053223269004,0.6139805759999997,0.08262682367228548,0.011685197465315642,-4.472579423999999,2.421035605381156,0.34238613881181873
VAL  58,43.600240000000014,3.4259813458918336,0.48450692837974607,-4.088819999999999,0.8817814171323883,0.1247027239157191,-42.15842000000001,3.4101072715678304,0.48226199525983365,-5.35418,1.048932651603527,0.14834147819136806,0.5786832959999999,0.09621883149253752,0.013607397645243801,-7.422496704000001,2.580468975565548,0.36493342225278047
GLU  59,91.36093999999997,2.724028571143358,0.38523581496027404,-3.175739999999999,0.6819216908120765,0.0964382903622831,-71.81306000000001,3.8745529879456577,0.5479445383685948,-65.23232000000002,3.4995076078781757,0.4949051120689143,1.2372232319999998,0.08087215829062733,0.01143705030729889,-47.622956767999995,2.4246631354970334,0.3428991490405978
GLY  60,74.34591999999999,1.9803636518580303,0.2800657134888337,-2.6134999999999997,0.4716408485277753,0.06670008845571344,-69.70743999999999,2.272580807452522,0.32139145994881557,-3.22162,1.2561549249993007,0.1776471331375769,0.24846091200000003,0.05113516340942921,0.007231604160777922,-0.9481790879999994,1.6692967115693578,0.23607420491261943
ASN  61,21.110120000000002,5.221684914431352,0.7384577624427812,-4.265599999999998,0.8263885526796791,0.1168689898989475,-78.4966,5.706874100591288,0.8070738751811958,-9.988140000000003,2.305438804306018,0.3260382824270782,0.9010346400000002,0.1071368800342869,0.015151442877482778,-70.73918535999998,2.164869129447733,0.3061587283627819
GLU  62,109.49406,2.8211824004125847,0.39897544125917606,-6.36726,1.801028803878492,0.2547039360669556,-110.62613999999998,5.116927378847709,0.7236428096844643,-38.203900000000004,4.071890692295089,0.5758523041544485,0.4931156160000001,0.14194668318485118,0.02007429244938935,-45.21012438400001,2.8299976033929184,0.40022209922016205
GLN  63,34.007439999999995,3.170251618783681,0.4483412835419141,-8.4951,0.9814951706452731,0.13880437817302405,-75.75294000000004,2.6660269496752607,0.37703314698829266,-2.1548999999999996,1.2478247352893759,0.17646906641108526,0.25861435200000005,0.04470285793169882,0.006321938796384615,-52.136885648,3.088288461351316,0.43674994265633693
PHE  64,104.75334,3.28515393618085,0.4645909251030315,-8.995039999999996,1.2051787578612791,0.17043801444513812,-76.76352000000001,1.6402829175470464,0.2319710348123942,-4.436060000000001,0.6968459631798034,0.09854890120138203,0.4739872319999999,0.10183839624703793,0.014402124114288635,15.032707232,2.9819722390914616,0.42171455831432103
ILE  65,90.02536000000002,3.3821351821587626,0.47830614443881203,-7.832179999999998,1.1789407396472642,0.1667273983243329,-72.42162000000003,1.6171521621653255,0.2286998520155178,-2.391159999999999,0.5444400558371927,0.0769954510864123,0.174298176,0.04609873549260352,0.006519345694188986,7.554698176,3.2067970962830254,0.4535095945342114
SER  66,65.31058,5.536230364029267,0.7829412065231927,-5.31424,0.65807785436071,0.09306626267343024,-57.04872000000001,5.126695528466506,0.7250242346514835,-6.7340399999999985,1.7421374453239962,0.24637544026952116,0.3902623199999999,0.06828565874491761,0.009657050471264342,-3.3961576799999995,2.451773456680497,0.3467331274303923
ALA  67,91.15154000000001,2.649699569460811,0.37472410673456297,-5.84108,0.41332117487494324,0.05845244111241264,-76.61374000000002,1.8342554545091931,0.25940289406237266,-2.58088,1.023365089105546,0.1447256788272214,0.15637175999999997,0.04039014007910349,0.005712028388601727,6.27221176,2.304351386512653,0.32588449832794397
SER  68,84.1424,4.101627691538932,0.5800577509179407,-5.134459999999999,0.5878622699238414,0.08313627949337296,-63.48677999999999,4.260357033348557,0.6025054697113134,-11.005980000000001,1.7821241538119599,0.25203041481535493,0.4512735360000001,0.06292056403069979,0.008898311500438037,4.966453536,2.271541757043655,0.3212445160307947
LYS  69,130.49545999999998,3.4615025073514905,0.4895303792084952,-6.583100000000001,0.9833315870040987,0.13906408666510556,-57.33815999999999,6.552935361683449,0.9267250061846977,-77.85341999999999,5.471257186753454,0.7737526116738,0.7923456000000002,0.10079620408852588,0.01425473588577197,-10.486874400000001,3.956499708927403,0.5595335547890335
SER  70,75.89734,6.960381525778427,0.9843465953046987,-5.872000000000002,0.6088344602599007,0.08610219509396548,-66.63457999999999,5.410591831177252,0.7651732348115948,-6.03488,1.7048555673722077,0.2411029865265054,0.20400134399999992,0.05556943471581559,0.007858704822851269,-2.4401186560000006,2.466752314570152,0.34885145782803323
ILE  71,89.27823999999998,2.909852817996806,0.41151533197206525,-7.112139999999998,1.2079246004614823,0.17082633522967303,-71.5416,1.526934916753057,0.2159412068133206,-0.09068000000000001,0.41606761181327234,0.05884084594905139,0.28549641600000003,0.040621945283126557,0.005744810594937535,10.819316416,2.6121292624333083,0.3694108629604814
VAL  72,51.55982000000001,2.8843198483523,0.4079044247761731,-7.650659999999999,0.7510722098440321,0.10621765054829614,-53.26452000000001,1.466269910213868,0.20736187931240327,-1.2591400000000004,0.5245132604615437,0.07417737665892467,0.31288060799999995,0.0359001855391072,0.005077052928111586,-10.301619392,2.630266382794286,0.3719758391201702
HID  73,102.37308000000002,2.7885074275673807,0.39435450228439006,-10.4825,0.9323790484561514,0.13185830955992103,-62.417639999999984,1.7148686102448167,0.24251904462961207,-5.770539999999999,1.0232228146401101,0.1447055581793615,0.23369975999999998,0.032311997166129994,0.004569606461970205,23.93609976,2.635325775986117,0.37269134536709675
PRO  74,85.17913999999999,2.601487067122302,0.3679058292662566,-4.545979999999999,0.4382434250505139,0.06197697953272737,-57.69812000000001,1.0381431623809896,0.14681561399240897,-7.009980000000002,0.8567140594153738,0.12115766419009312,0.8308575359999998,0.04398846270495335,0.006220908054528811,16.755917536,2.5221227440096534,0.35668201905480973
SER  75,70.33117999999999,8.089238697652641,1.1439911075493638,-3.715139999999999,0.6467240836709341,0.09146059702407473,-59.056979999999996,6.196391438539106,0.8763020810154535,-8.119600000000002,1.0849980460811757,0.1534418951916307,0.559527696,0.04431484353249234,0.00626706527380923,-0.0010123040000010342,2.783831794106279,0.3936932678590525
TYR  76,79.57619999999997,3.2890488898775816,0.4651417547373048,-12.065980000000003,1.1078064720879217,0.15666749373114303,-73.71038000000001,2.6267961008799343,0.37148506714531676,-5.803180000000001,1.6918691874964817,0.23926643507186732,0.48932582400000013,0.0547832669972071,0.007747523917855666,-11.514014176000003,3.085661213162454,0.436378393654296
ASN  77,42.591460000000005,1.881844724837768,0.26613303321458365,-6.603840000000002,0.8144994624921342,0.11518761864019722,-98.92054,2.9299551273693223,0.41435822782702847,-8.50256,1.140170849653664,0.16124450790026668,0.508604112,0.05801479524198818,0.00820453102495178,-70.926875888,2.51212745903369,0.3552684722975306
SER  78,70.15302000000003,3.217896322070893,0.4550792620983158,-5.05518,0.46638313391459746,0.06595653532440911,-54.10739999999999,3.555227379507579,0.5027850777419777,-12.409299999999996,1.809891214962951,0.2559572702620524,0.587910096,0.06473141150379712,0.009154404006022366,-0.8309499039999997,2.401200396799982,0.33958101671301916
ASN  79,32.518240000000006,7.474848866860094,1.0571032644202705,-4.236659999999999,0.4857064796767819,0.06868926908913969,-81.16605999999999,6.67177647830016,0.9435316780733891,-16.345020000000005,2.121408385860647,0.30001245106161434,1.035368208,0.037135272476390264,0.0052517205978531425,-68.194131792,2.3670962932906767,0.3347579681414756
THR  80,40.65018,2.692984431369895,0.38084551061029026,-6.158040000000001,0.8426644399759518,0.11917074795435198,-44.3147,2.5526169179882126,0.36099454649619406,-6.6534,2.093315045567672,0.2960394527761455,0.4749867359999998,0.10913481782231398,0.015433993949143339,-16.000973264,2.4847036529136273,0.3513901604428423
LEU  81,57.12891999999999,3.5137381566646564,0.4969176155782996,-9.21288,0.8905547179146194,0.12594345601102006,-58.38039999999998,2.0019443348906583,0.2831176829518354,-0.9124199999999999,0.5762199958349244,0.08148981330203185,0.277667712,0.04088842522706198,0.005782496550018925,-11.099112287999999,3.457130917852581,0.4889121430926466
ASN  82,35.00402,3.516613896861625,0.49732430665714106,-8.160180000000004,0.7626421622228442,0.10785388890530884,-93.57816000000001,2.1734486086402014,0.3073720499459906,-5.27384,1.1680492859464442,0.16518711417056708,0.285128928,0.0559869854544038,0.007917755414600306,-71.72303107200001,2.937546903014577,0.41543186703502977
ASN  83,24.056800000000003,2.8657791331503524,0.405282371686704,-8.674179999999998,0.8794001521491857,0.12436596219223416,-80.03921999999999,1.7936808778605016,0.25366478240396,-5.040919999999999,1.1433440049259072,0.16169325982241886,0.127657728,0.028071590527585337,0.003969922404149529,-69.569862272,2.621007302764392,0.37066640746483276
ASP  84,117.83514000000001,2.4873172617102677,0.35175978054353696,-8.781839999999997,1.3084176758207045,0.18503820223943238,-189.1362,3.693281180737664,0.5223088335456523,22.11836,3.0003465783805714,0.42431308229655146,0.00021527999999999996,0.00045911447984135724,6.492859240735163e-05,-57.96432472000001,2.9005645085561604,0.4102017666538173
ILE  85,88.02736,2.6085006479580506,0.3688976993801281,-11.626019999999999,0.9273047501226404,0.1311406954076432,-69.87440000000001,1.4494606583141307,0.20498469211140782,0.57818,0.364310400071148,0.051521270869418566,0.000544896,0.0021999224750849744,0.0003111160200434558,7.105664896,2.6875819100306253,0.3800814787153898
MET  86,87.19714000000003,2.729654403105438,0.38603142774631455,-12.816340000000002,1.1194679202192253,0.15831667154156304,-71.38279999999999,1.3771707955086154,0.1947613616712428,0.5617000000000001,0.7688098659616692,0.1087261339329234,0.000198,0.00059309516538242,8.387632266617321e-05,3.5598980000000013,2.676709932893342,0.3785439489636541
LEU  87,72.84822,3.63956501955933,0.5147122211799503,-11.115699999999999,1.0815592864008976,0.1529555811338716,-76.88202,1.9313620115348533,0.27313583505647715,1.3394400000000002,0.62836881399382,0.0888647698922357,8.582400000000001e-05,0.0002928615908991823,4.1416883374778455e-05,-13.809974176000008,3.2543760642511246,0.4602382767126315
ILE  88,96.67628000000002,3.321672416358615,0.4697554180974963,-10.27434,1.3867991002304423,0.19612300958326967,-75.20633999999998,1.8952957828267476,0.26803530007821186,-0.25871999999999995,0.377993811589555,0.053456397484304904,0.00049104,0.0014443874759911205,0.00020426723578684857,10.93737104,2.7508290205435886,0.389025970862224
LYS  89,122.94099999999999,3.4654194897598765,0.4900843241730468,-10.644280000000002,1.1276605347355073,0.1594752821975851,-63.812999999999995,8.74437782806757,1.2366417718967746,-64.16433999999998,7.248100533546861,1.0250362075985637,0.33538075199999995,0.0455756224729772,0.006445366341488038,-15.345239247999999,3.402221209726436,0.4811467376988524
LEU  90,77.03922000000003,3.2914319636894316,0.4654787722677903,-11.880079999999998,0.9990355517198053,0.14128496265350363,-81.17658000000002,2.3446353924643186,0.3315815170843004,2.9366799999999995,1.0619329816895258,0.1501800025036627,0.0040932,0.010934849355999378,0.0015464212261761022,-13.076666799999996,3.5172985946630324,0.4974211375488288
LYS  91,128.01955999999996,3.0502913838541406,0.4313763444236322,-5.689640000000001,0.771140421972549,0.10905572432476901,-44.30215999999999,3.3395917676267874,0.472289597056734,-91.22977999999995,2.8663933316296233,0.40536923246864137,1.177623072,0.054002019448189297,0.0076370388299164945,-12.024396927999996,3.101607216974371,0.4386334991399426
SER  92,73.01034,3.2293157269613624,0.4566942098253489,-5.587460000000002,0.5867255648086105,0.08297552511433512,-65.28542000000002,2.8747403297685374,0.4065496762659569,-6.93352,1.8358497459214878,0.25962836091613684,0.464047776,0.05138934597033268,0.007267551003272763,-4.332012223999999,2.141197370483246,0.3028110361055015
ALA  93,80.68402,2.274865609129384,0.3217145797006907,-4.60268,0.41404678189788524,0.05855505744169242,-66.02012,1.8473333823647329,0.2612523923564768,-4.41264,0.9027979344238639,0.12767490829446443,0.424344528,0.04013644733850316,0.005676150817158468,6.072924527999999,2.0396395104195513,0.2884485857987349
ALA  94,99.28240000000004,2.0810984022841184,0.29431175851431796,-5.27274,0.6411412577583874,0.09067106621188557,-87.45732,2.0427772315157275,0.2888923265716506,-0.51372,0.9809372057374518,0.13872547001902713,0.05853816,0.021208147344490027,0.0029992849607384737,6.097158159999999,1.7756435746859192,0.25111392252614706
SER  95,77.28463999999997,8.99047867860258,1.271445687950591,-3.810119999999999,0.8478600271271219,0.1199055149357196,-64.09536,9.633769442455986,1.3624207402296744,-9.065679999999999,1.6991837857041925,0.24030087547073278,0.607647456,0.06959725729905182,0.009842538517628896,0.9211274560000007,2.8837814678802887,0.4078282862796496
LEU  96,58.11828,3.238937634719197,0.45805495307005223,-6.56572,0.8051842531992348,0.113870249108361,-55.77118,1.6770890935191438,0.2371762141362773,-4.515760000000001,0.4647059956574524,0.06571935215748617,0.679155552,0.09094020852619636,0.012860887626278426,-8.055224448,3.111189420838643,0.43998862740617034
ASN  97,39.492459999999994,3.776012336897269,0.5340087858528242,-5.665159999999999,0.9238372878380746,0.13065032218865819,-95.93462,4.4829544003479604,0.6339854912472231,-5.8064399999999985,2.243378533908183,0.31726163481896225,0.5113402560000001,0.08705302910224719,0.01231115744020577,-67.402419744,3.325298993444081,0.47026829354742206
SER  98,85.91856000000001,4.035220128617104,0.5706663033051214,-3.275920000000001,0.33491406897888404,0.0473640018579496,-63.80488,4.559489978670921,0.6448092565340631,-12.529900000000003,1.361246535349112,0.1925093312024101,0.8338726080000001,0.05320575444428303,0.007524429953139763,7.141732608000001,2.034915653008794,0.2877805314770339
ARG  99,-186.40541999999994,3.5714408750030175,0.50507801226429,-9.773680000000002,1.113770756304887,0.15751097089409105,62.48323999999999,7.881865831286488,1.114664155541044,-31.407159999999994,8.086460007592965,1.143598141432561,0.618459408,0.1525851200075341,0.021578794613098102,-164.484560592,3.3419100293137896,0.4726174487686229
VAL 100,45.72218,2.939292647491906,0.4156787525866574,-9.397479999999998,0.7052788736379735,0.09974149483540425,-52.75422000000001,1.876160134849403,0.2653291107887761,0.8598000000000002,0.9251263697463172,0.13083262590042283,0.0129888,0.012903108569829208,0.0018247751136224975,-15.5567312,2.669464644905935,0.37751931051014515
ALA 101,89.64316000000001,2.6241251293333243,0.3711073347267239,-5.504,0.7148623084203041,0.10109679717973323,-75.38870000000001,1.503999019280974,0.21269758108629874,-2.46352,0.567743647784809,0.08029107666484504,0.21026851199999996,0.03980552073204259,0.005629350727657804,6.497208512000003,2.351944901036189,0.3326152376999625
SER 102,82.03685999999999,6.22295367815014,0.8800585489659464,-5.7925,0.7433795329439716,0.10512974174799417,-67.17586,4.888753080326302,0.6913740909290702,-8.3118,2.573313404931475,0.36392147174905803,0.36057772800000015,0.04182725247838638,0.005915266773173767,1.1172777280000006,2.2712966751119703,0.32120985621162657
ILE 103,88.35540000000003,2.689477109028921,0.38034950032806836,-9.757159999999997,1.0674134224376646,0.1509550538670427,-65.78126000000002,1.9260474636930467,0.2723842444929008,-2.9558199999999992,0.7702733200624344,0.10893309759664466,0.10797609599999998,0.04125688531255346,0.005834604675028446,9.969136095999996,2.4549824905076187,0.34718695334643523
SER 104,69.91894,4.017233756753477,0.5681226462023786,-5.228160000000002,0.5963986371547014,0.08434350412450092,-58.19651999999999,3.0957247115333995,0.4378015872424071,-7.2655600000000025,1.42336664510588,0.20129444137382274,0.43186032,0.05129330181450201,0.007253968308496522,-0.33943967999999985,1.9106813716355315,0.2702111509140597
LEU 105,73.14220000000002,2.678433616873653,0.37878771468987427,-8.310599999999999,0.6762154094665581,0.09563130031532822,-62.75508,1.995574101255409,0.28221679587158993,0.5683400000000001,1.3515868097906254,0.1911432397130487,0.2555907839999999,0.06149077453479808,0.008696108730793758,2.9004507840000007,2.3755501505706835,0.33595352410345086
PRO 106,91.14680000000004,2.4986650275677347,0.35336459698136335,-8.27732,0.6793861476362597,0.09607971040756083,-65.65827999999999,1.6554974967066387,0.23412270123172366,-4.1370000000000005,1.1805515829475632,0.166955205968547,0.042831935999999994,0.02105024909722221,0.002976954776462365,13.117031936,2.4306190134475227,0.3437414373779399
THR 107,42.82194,3.633061796391572,0.5137925265396521,-3.1661400000000004,0.3887938790670431,0.05498375767442573,-44.40514000000001,3.4649849581779795,0.49002287212740697,-11.970660000000002,1.8951556306540898,0.26801547956787497,1.0338721919999998,0.04797806659642937,0.006785123247710997,-15.686127808000004,2.551900170228113,0.36089318305588075
SER 108,60.34132,3.77023877461343,0.5331922808443231,-3.538220000000001,0.5402572827829301,0.07640391764824561,-52.908820000000006,3.823357805332839,0.5407044462106733,-7.473259999999998,1.1130379833590627,0.15740734115027857,0.6248551679999998,0.02574089101871789,0.0036403117186238633,-2.9541248320000006,2.2151856386641073,0.3132745573372887
CYX 109,82.71348,2.9104290834169375,0.4115968282093329,-4.848239999999999,0.41032419182886154,0.05802860370541555,-66.38081999999997,1.5459231764880854,0.2186265522576346,-3.9413,0.8114744666346585,0.11475981962342076,0.40889980800000003,0.04573072113626794,0.006467300604801208,7.952019807999999,2.6519439344763134,0.37504150787894686
ALA 110,96.78262000000001,2.187109086349831,0.3093039332305359,-5.13812,0.45080060514600456,0.06375283297234781,-81.17047999999998,1.8017100903311494,0.25480028452107656,-3.306099999999999,1.090685165389171,0.15424617531725077,0.168184224,0.054699390795944124,0.007735662031717022,7.3361042240000005,1.9477255734084502,0.2754499921695143
SER 111,70.75712,5.767646028112368,0.8156683235923824,-3.3374599999999996,0.8235837591890721,0.11647233219954028,-60.83452000000001,4.927736316971311,0.6968871531259272,-9.415299999999997,1.2462569598602218,0.17624734948361875,0.6215876639999999,0.039737636435510974,0.005619750438375087,-2.2085723359999996,2.3389011516885376,0.3307705729767981
ALA 112,86.1773,2.5087737582331893,0.35479418738190965,-3.7850399999999995,0.4553007779479486,0.06438925351330099,-69.41418,1.7502233422056883,0.2475189587729251,-4.713740000000001,1.0431827799575615,0.14752832354500514,0.442124928,0.03869988277873314,0.0054729899087933385,8.706464928,2.274681238185263,0.3216885057117223
GLY 113,88.39922,1.8517090515521903,0.2618712054274128,-2.6288799999999997,0.4824772177004841,0.06823258248080609,-86.11516000000002,1.2998794307164407,0.18383071203690085,-2.8407,0.7929872445380203,0.11214533160145383,0.42484363199999997,0.04860396227922846,0.006873638264035521,-2.7606763679999995,1.8454139551392033,0.26098094435504354
THR 114,46.153600000000004,2.4609116928486943,0.34802546918291555,-6.113080000000001,0.80615717673416,0.11400784127418531,-56.11079999999999,2.0207793249141446,0.285781352785673,-2.37094,1.2302511680140762,0.17398378869308478,0.28219449599999996,0.05495479687012964,0.007771781905119585,-18.159025504,2.0237288845844263,0.2861984835145472
GLN 115,21.88804,2.726809446661086,0.3856290901475183,-7.77322,0.6057531276023219,0.08566642885051237,-57.248380000000004,3.6765510081595605,0.5199428298495726,-9.071120000000002,2.5543956439048223,0.36124609632769544,0.7367637600000002,0.06641807780632993,0.009392934642046324,-51.467916239999994,2.699345942295914,0.38174516411316634
CYX 116,91.22552,1.8410718860486925,0.2603668830553874,-7.681660000000002,0.868933590327815,0.12288576682431428,-78.20195999999999,1.2602383419029295,0.17822461549417043,0.7222200000000001,0.5984590976833755,0.08463489724693944,0.020866032,0.01483411667762446,0.002097860899132143,6.084986031999997,1.7752257363079071,0.2510548312560406
LEU 117,82.46506000000001,3.774397278559652,0.533780382112316,-8.7627,1.143858334760042,0.16176599704511552,-82.25034000000001,2.122959006763408,0.30023174197269265,-0.41720000000000007,0.6696940794123836,0.09470904497459573,0.252163008,0.051477830221887955,0.007280064566133354,-8.713016992000002,3.0921045644323213,0.437289621129594
ILE 118,91.61161999999999,4.021453940504936,0.5687194703120806,-10.126959999999999,1.0771739127921904,0.15233539565052093,-78.61054,1.85554322191662,0.2624134390003953,3.105979999999999,0.4843965520108577,0.06850401734205193,0.001971936,0.002754506829598358,0.00038954609160673137,5.9820719360000005,3.140543900222488,0.44413997769227387
SER 119,60.771099999999976,3.920578438190193,0.5544535199636098,-7.607660000000002,0.7930451338984296,0.11215351839331462,-54.659699999999994,3.3151393892264434,0.4688315085401295,-4.308160000000002,1.5675285561673125,0.2216820143538929,0.00250416,0.0035142736075610276,0.0004969933397702629,-5.80191584,2.115781912261611,0.2992167475344052
GLY 120,73.64097999999998,1.756576687651552,0.24841745750252328,-6.094499999999999,0.5098625010726019,0.07210544639623404,-73.6997,1.4740474246100497,0.20846178594646644,1.56802,0.5668215059434498,0.08016066611499686,0.00037944,0.001164403847468738,0.00016467157131697018,-4.584820559999996,1.6414952033985137,0.23214247792165602
TRP 121,118.60413999999999,3.2969068049310004,0.46625303174135685,-19.38818,0.8584518784416235,0.12140342891368035,-85.93467999999999,1.708128185355032,0.24156580460008303,-3.4223600000000003,0.6394416551961538,0.0904307061124701,0.008410464,0.006419820984599492,0.0009078997904427997,9.867330464,3.2613183597704296,0.4612200655603718
GLY 122,75.34728000000001,1.8933209769073236,0.2677560203467814,-4.80424,0.9830721755802077,0.13902740034971542,-77.15528000000002,1.7003340147156056,0.2404635424175103,1.8099399999999997,0.5331706447283083,0.07540171568339807,0.000114624,0.0004921827313346132,6.960514938192432e-05,-4.802185376,1.8196761781092352,0.257341073020932
ASN 123,43.35026,2.7047482456599616,0.38250916518171535,-10.171720000000002,1.209433702854332,0.1710397545367708,-113.66246000000002,3.161457228618894,0.44709756895752983,0.85088,1.1404753331834934,0.16128756837400707,0.024788016000000003,0.02233906949825224,0.003159221505522345,-79.60825198399999,3.1778037721896495,0.44940931931909833
THR 124,50.68357999999999,2.5857209678540967,0.3656761661251749,-7.031600000000001,0.9484910120818106,0.13413688530750797,-54.59189999999999,3.0388189761817155,0.4297539009712905,-0.9886000000000001,3.0674360759435553,0.4338009700311883,0.26896132799999994,0.04923102633411196,0.006962318513124812,-11.659558671999998,2.5640355928713494,0.36260939098460016
LYS 125,130.05026,3.617120317654803,0.51153806099627,-8.866520000000001,0.8282809001781707,0.11713660824865646,-36.049459999999996,3.6567207069176444,0.5171384017533465,-93.90166,3.8266935838135914,0.5411761965275285,0.8536273920000004,0.062160813433139325,0.00879086654052893,-7.913752607999999,3.2919424183652732,0.46555096146034547
SER 126,66.68064,3.6615050990542977,0.5178150169780831,-4.328319999999999,0.8300223476509598,0.11738288611207434,-56.81606,3.224323733188172,0.45598823529561616,-9.673359999999999,2.1275284887399324,0.3008779643111147,0.36943776,0.06383052781999553,0.009026999813647083,-3.767662239999999,2.4898439415726017,0.3521171070364457
SER 127,71.49598,7.182398932083908,1.0157445980127096,-3.00948,0.32972201867633905,0.04662973506251136,-57.72447999999999,7.2144699825836645,1.0202801294703405,-11.152400000000002,3.0374227232968387,0.429556440994661,0.797814288,0.06960447290491996,0.009843558958396842,0.4074342880000006,2.0797983206270856,0.2941278992031611
GLY 128,84.35972000000004,2.644770893970543,0.3740270867622757,-2.50314,0.6081480086294802,0.08600511617340008,-77.21754,2.56544128141689,0.3628081853651578,-5.61562,1.4196591688148261,0.20077012504852423,0.39691252799999993,0.07309909055602562,0.010337772526147046,-0.5796674719999992,1.9975975819620424,0.28250295925744207
THR 129,46.18730000000001,2.855342103846581,0.4038063528474761,-4.5555200000000005,0.6607237316761024,0.09344044623181058,-50.49867999999999,3.3195441219543484,0.4694544318163727,-8.241219999999998,1.6725311272439767,0.23653162036395925,0.675185472,0.08049856455741629,0.011384216174866426,-16.432934528000004,3.2054176115197373,0.45331450592807854
SER 130,59.080079999999995,5.313358368640307,0.7514223466679705,-4.723000000000001,0.880201226993002,0.12447925128309426,-50.93736000000002,5.1001560319658354,0.7212709830625033,-6.861540000000002,1.5622870313741823,0.22094075080889697,0.401356656,0.04081633602956572,0.0057723015979389445,-3.040463344000001,2.746896877268369,0.38846988182732306
TYR 131,94.32456,3.7213016172302282,0.526271521676792,-9.361619999999997,0.6262309762380496,0.08856243397739931,-72.22204,1.9463473889312926,0.2752550874516095,-11.990159999999998,1.10397089381923,0.1561250610504303,0.910888128,0.07205238409266222,0.010189745878515837,1.6616281279999994,3.37768191055937,0.47767635672953285
PRO 132,78.26776000000001,2.728334858920549,0.3858448160180725,-7.875660000000003,0.633984119990361,0.08965889408195402,-49.08446,1.4159807796718413,0.20024992226715474,-6.4032599999999995,1.0272218418628014,0.14527110603282445,0.117297216,0.02825244293499134,0.0039954987968836685,15.021677216000002,2.5839227674602734,0.365421862186694
ASP 133,95.36887999999998,3.6806108603877976,0.520516979657813,-6.733420000000001,0.7093250338173688,0.10031370829552771,-112.92877999999997,4.980244790329577,0.7043129726422038,-28.077419999999996,3.890153246801495,0.5501507481336404,0.4859087040000001,0.05742720887253585,0.008121433763677273,-51.88483129600002,2.7867099371407607,0.3941002987504339
VAL 134,56.09785999999999,3.308098928448482,0.46783583702837456,-7.671040000000001,0.7374276360430079,0.10428801641607523,-57.73697999999999,1.9436684335553265,0.27487622594904115,3.4114999999999998,0.9160443711960692,0.12954823734810147,0.318274704,0.034504799496562565,0.004879715541500312,-5.5803852959999976,2.7021707204345167,0.38214464806859705
LEU 135,77.05841999999998,2.588859981459541,0.3661200896865042,-12.363840000000003,0.8816805852461127,0.12468846413361002,-78.77,1.8199999890117993,0.25738686679793704,3.6471000000000005,0.5590013327354376,0.07905472661390911,0.000652176,0.0014823966608920843,0.00020964254626501755,-10.427667824,2.7759575755455,0.39257968519087816
LYS 136,122.56335999999999,3.531711130656703,0.4994593779358727,-11.94494,0.9768459942078683,0.13814688533585973,-48.48821999999999,4.7057805571022,0.6654978685405549,-71.32626,4.870291169159972,0.688763182413195,0.301018896,0.0509667020948894,0.0072077801332021815,-8.895041104000002,4.128570777376342,0.5838680786582855
CYX 137,84.9002,2.26898826792904,0.3208833981370686,-8.25552,0.7329143262346354,0.10364973802185604,-76.77798000000001,1.5870141838047345,0.22443769824151233,-0.28098,0.6831270596309299,0.0966087552554115,0.015518160000000001,0.024677230853659412,0.0034898874555056927,-0.39876183999999965,1.8956331593354778,0.2680830123216391
LEU 138,89.52100000000002,3.4269583073038654,0.4846450915876271,-11.01504,0.8937274967236788,0.12639215469323825,-82.875,2.1038916607096634,0.297535212033926,-1.08822,0.6971579531210982,0.09859302324201234,0.02178144,0.018644250118725617,0.0026366951378177955,-5.435478559999999,2.9605085555929884,0.41867913508411864
LYS 139,119.65227999999999,3.527500939986126,0.49886396706122205,-7.25428,0.7752898307084874,0.10964253933578838,-21.5306,3.80802304614875,0.5385357837692869,-99.97893999999998,2.809612211036128,0.39733916938563507,0.9350959679999997,0.07436057987904834,0.010516174057087805,-8.176444031999997,3.8813227312282814,0.5489019246450019
ALA 140,93.11363999999999,2.0613904022288345,0.2915246264177747,-6.39818,0.9533980635600284,0.13483084718268382,-78.79190000000001,1.8246696166699268,0.2580472518744727,1.0920800000000002,0.44938223551893924,0.06355224521604243,0.0006115679999999999,0.0014377290645236328,0.0002033255942067304,9.016251568,2.01925773045093,0.28556616683304203
PRO 141,88.26765999999998,2.612375551945679,0.3694456935573479,-8.45956,0.5787142355256363,0.08184255206187324,-64.82497999999998,1.4607972000252192,0.20658792121523079,-1.40536,0.5418477557395625,0.07662884449083132,0.23466225599999999,0.030786287643768756,0.004353838552093701,13.812422256000005,2.57974353516889,0.3648308294880158
ILE 142,80.13843999999999,2.862959379104695,0.40488359824531145,-10.06046,1.051120206446416,0.1486508451640929,-63.008039999999994,1.3928582980335757,0.19697990955429892,0.2878,0.5188131455543508,0.07337125867804095,0.041766623999999995,0.02377966997465323,0.003362953178691087,7.399506623999997,2.590826239411018,0.36639816055271446
LEU 143,73.26193999999998,3.5623388519907015,0.5037907918253851,-9.95604,1.0138467923705288,0.14337958839388612,-73.36919999999999,1.8336212913250962,0.2593132098448019,-2.15524,0.6941550420475238,0.0981683474853274,0.126546912,0.03454042803681871,0.004884754177984092,-12.091993087999995,2.8638813109725727,0.40501397910042514
SER 144,73.37147999999999,7.430853084915961,1.0508813212690105,-4.99716,0.7680512576644862,0.10861885051868289,-64.57130000000001,6.407862583576409,0.9062086171516858,-8.835419999999997,1.4188196938300663,0.20065140535765222,0.3925860479999999,0.04724981594537007,0.006682133052957487,-4.639813952,2.6727106792126336,0.3779783690841913
ASP 145,104.61602,6.010566364295448,0.8500224469930168,-4.751140000000001,1.1129630184332244,0.1573967395087963,-183.02853999999996,12.068607737780702,1.7067588741730346,28.2309,7.724966017400984,1.0924751710679745,0.65149776,0.0756215024232444,0.01069449543339821,-54.28126224,2.903201120661325,0.41057463991360144
SER 146,82.64094000000001,4.459531152082771,0.6306729437100769,-4.547540000000001,0.6692041903634465,0.09463976420088925,-72.88594000000002,4.95991785581138,0.7014383099944934,-8.218499999999999,1.5254895640416684,0.21573680307263474,0.5968147680000001,0.03476358132775824,0.004916312819037579,-2.4142252319999993,2.091889682580842,0.2958378760094176
SER 147,69.73854000000001,4.8897621095917305,0.6915167892162701,-6.369459999999998,0.7530364190396225,0.10649543167667032,-57.817800000000005,4.011762121561796,0.5673488401327353,-7.435459999999999,1.6569063366406656,0.23432194128591502,0.233890992,0.05990686418170063,0.008472109980500402,-1.6502890080000001,2.540265785835255,0.35924783263605653
CYX 148,92.86823999999999,2.1482414069193996,0.30380721329168736,-9.1684,0.524453963661226,0.07416899082500321,-71.76393999999999,1.321181068741981,0.18684321857654898,-1.4549800000000008,0.5584823538841648,0.07898133192090362,0.011623392,0.009829086824478457,0.001390042789292013,10.492543392,2.1913127474029124,0.3098984206778247
LYS 149,133.66178000000002,3.075725438265603,0.4349732628931148,-8.07806,0.9880616460525058,0.13973301803081384,-65.41695999999999,8.370021715527486,1.183699822745629,-72.36661999999997,7.222249247679349,1.0213802836907018,0.7957442880000003,0.05599222638473794,0.007918496594076105,-11.404115711999996,3.5424094327616786,0.5009723463289948
SER 150,64.67124,5.332674756855197,0.7541540964869267,-4.8212600000000005,0.5011602861360812,0.0708747673576427,-57.55516000000001,6.418875020936255,0.9077660109785937,-9.223900000000002,2.2109811419367578,0.3126799517078116,0.647186688,0.04366342972460525,0.006174941449626127,-6.2818933119999985,2.4947700396993304,0.35281376251448576
ALA 151,83.24606000000001,2.0262618923520828,0.2865567049084088,-6.44122,0.6369235837995084,0.09007459704045413,-72.19900000000001,1.7732815456087723,0.250779881170585,0.37529999999999997,1.1368648512466202,0.16077696912182415,0.04685515199999999,0.025884437468303153,0.0036606122522072617,5.027995152000003,2.0939585412372628,0.2961304568064719
TYR 152,100.44163999999999,2.832012696017205,0.4005070763520324,-12.753580000000005,1.0358562272824912,0.14649219252915263,-91.8601,1.4052495756972745,0.19873230084701227,-0.7854399999999999,0.7474065335545309,0.10569924563590793,0.066096144,0.030993468623825626,0.004383138367279918,-4.891383856000003,2.996156432349212,0.4237205061619642
PRO 153,83.40526,2.530542912578656,0.35787281071358484,-4.09098,0.48120762629035213,0.06805303514171798,-55.65557999999999,1.225671066640758,0.17333606454516576,-6.574040000000001,1.03581926917778,0.14648696586386042,0.7880313599999996,0.06071907309206036,0.008586973666151501,17.87269136,2.386765566055022,0.33753962337201093
GLY 154,70.84946,1.8667677328476517,0.26400082455936236,-2.0023,0.28679583330306674,0.04055905570892903,-63.53851999999999,1.7475802612756635,0.247145170683156,-6.814619999999999,1.0697304125806677,0.15128272575545468,0.6767532000000002,0.03469516651477092,0.0049066375033981905,-0.8292267999999997,1.8442073464736786,0.2608103041211174
GLN 155,37.231759999999994,2.9977413134558697,0.42394464219754263,-6.567240000000001,0.97829640825262,0.13835200485717414,-72.59026,2.0139557076559966,0.28481634757858143,-8.802760000000001,1.4276554844919709,0.2019009748564877,0.6528147840000003,0.13967150424666921,0.019752533558269093,-50.07568521600002,2.945704466261518,0.41658552069300375
ILE 156,94.16252000000004,2.756312654542742,0.3898014738194933,-8.84486,1.155057228192606,0.16334975974270582,-74.41280000000003,1.9281575558016573,0.27268265658068613,-2.4104200000000007,1.428887666543453,0.20207523171333955,0.174045456,0.046049878123392174,0.00651243621877293,8.668485456,3.26465379388043,0.46169176717584826
THR 157,41.60372,5.52577674916386,0.7814628421313443,-6.42724,0.9053894976196772,0.12804141067639105,-47.074660000000016,4.095811692985716,0.5792352445146707,-6.28428,1.9145510914049813,0.27075841193211353,0.31559889599999996,0.08770959115990243,0.012404009336853334,-17.866861104,2.8829238910726964,0.40770700660444226
SER 158,57.74866,5.240829032166511,0.7411651495368541,-3.6384,0.6023210439624386,0.08518105892744018,-48.82407999999999,5.343296378978224,0.7556562206930054,-7.195360000000004,1.729723743954492,0.24461987778592093,0.656672832,0.043712763316307364,0.006181918273072698,-1.252507168000001,2.0625531686975402,0.29168906642876635
ASN 159,16.66838,3.1884887510543334,0.4509204035215089,-8.146880000000001,0.9903431251844038,0.14005566790387397,-75.20004000000002,3.4036923889206587,0.48135479385576746,-4.72312,1.5108847294218057,0.21367136755307217,0.189063792,0.04202179618872005,0.005942779408536592,-71.21259620800001,3.3520012740939995,0.47404456629156283
MET 160,95.37620000000001,2.7853641054623095,0.3939099694092002,-12.470260000000003,0.8153510117734012,0.1153080458944569,-80.00898000000001,1.9939007045485662,0.28198014183978515,1.56318,1.1439097812327683,0.1617732726750621,0.039833999999999994,0.0165943012909372,0.0023467885943748747,4.499974000000002,3.1216797147720516,0.44147217900156105
PHE 161,95.53062000000004,2.6297695023693413,0.3719055696165867,-13.0146,0.9394001277410875,0.13285124011464639,-74.03641999999999,1.4622867036267633,0.2067985688346815,-3.3069,0.5650632973393341,0.07991201786965471,0.13461235199999996,0.027563245243434363,0.0038980315246280577,5.307312351999998,2.499888178531903,0.353537576649599
CYX 162,84.15781999999999,2.4419827901936846,0.3453485180973601,-8.333680000000001,0.5805128918465043,0.08209692047817521,-72.36788,1.5541228090464014,0.21978615541467927,1.2090400000000001,0.4699915726904044,0.06646684562998302,0.00716688,0.006619753142950267,0.0009361744674322189,4.672466879999999,1.8922341625062356,0.2676023215802013
ALA 163,93.83794000000002,3.020670974534241,0.4271873859653077,-7.3388800000000005,0.633600146464605,0.08960459202518238,-79.23657999999999,1.7864055876537688,0.25263590099590383,-0.6505399999999999,0.6354925085317686,0.0898722124352127,0.0008644319999999999,0.0014223864945140615,0.00020115582714781097,6.612804432000001,2.0143088346217346,0.28486628727300006
GLY 164,81.22354,2.5941210936273023,0.3668641233045856,-5.162559999999998,0.48552508318315735,0.06866361575099462,-76.36511999999999,2.312541551108026,0.3270427625128284,-0.90884,0.693146719244923,0.09802574910705861,0.004577327999999999,0.0052190246435532385,0.0007380815433272398,-1.208402671999999,1.6009899164220582,0.22641416530266426
TYR 165,85.58404,3.367488933671354,0.476234852113934,-12.01218,0.9976297447449872,0.14108615152451698,-80.95854,2.640397971594506,0.37340866214913604,-4.981239999999999,1.7712458616465458,0.25049199198377636,0.34034904,0.07405306030354188,0.010472684221650158,-12.027570960000002,3.4498769688842224,0.4878862797914651
LEU 166,67.70988000000001,3.0494153907920816,0.43125246029674136,-7.1525000000000025,0.7018434654536277,0.09925565475074531,-73.81447999999999,2.0569782229284264,0.2909006500371488,0.07917999999999997,0.664455677679106,0.09396822309695974,0.514401696,0.07164802591417865,0.010132560996509042,-12.663518304000002,2.5717310030751723,0.3636976863324272
GLU 167,103.96576000000003,2.655112099779302,0.37548955411287954,-4.471,1.3350056179657066,0.1887983050771377,-158.62030000000001,7.700616277286228,1.0890315977969198,8.408679999999999,7.415660098575178,1.048732708535402,0.9139571999999998,0.0687724262015785,0.009725889785157512,-49.802902799999984,3.1648701860138573,0.4475802340211057
GLY 168,79.52069999999998,1.5353012635971044,0.21712438693075753,-4.251099999999999,0.5497559185675007,0.07774722760330383,-76.38736000000002,1.8578737067942839,0.2627430193324851,-1.8087400000000002,1.1038230077326703,0.1561041467995004,0.049697568,0.024802390038618775,0.0035075876371882023,-2.8768024319999994,1.734570018145025,0.245305244454644
GLY 169,80.87894000000001,1.5398092532517058,0.217761912941615,-3.0088199999999996,0.44564010995421066,0.0630230287434682,-71.3329,1.124705245831302,0.1590573412326793,-1.4281400000000002,0.8175773727299454,0.11562290088040517,0.3615098400000001,0.04481569023134609,0.006337895693228107,5.47058984,1.692631479344669,0.2393742394188866
LYS 170,119.65888,3.146576683572768,0.44499314209555635,-8.67454,1.0461853604404872,0.14795295254911217,-39.677800000000005,5.020282191271671,0.7099751161836517,-80.80717999999999,5.4889517020650365,0.7762549940271258,0.6319755359999999,0.07348478029891678,0.010392317292673533,-8.868664464000002,3.447920852250184,0.48760964312412103
ASP 171,113.296,3.135749103483081,0.4434618910345047,-8.78702,1.095080243452494,0.15486773321773475,-194.05658000000003,3.570016443041112,0.5048765671643697,26.12228,2.712787695637077,0.383646115100881,0.009101808,0.004588740252916483,0.0006489458699881837,-63.41621819200002,2.9634653299562745,0.41909728612466224
SER 172,76.88354000000002,2.3352426786946467,0.33025318676424453,-6.8082,0.789165787398316,0.1116048959499541,-69.48714000000001,1.8716122783305669,0.26468594675190954,-1.5380999999999994,0.7355593585836573,0.10402380208394628,0.047027952000000005,0.009908339858729898,0.0014012508608817738,-0.9028720480000006,2.0613748118050603,0.29152242159890024
CYX 173,85.83517999999998,1.9312640595224257,0.27312198255003345,-6.596219999999999,0.8332820720500349,0.1178438807575514,-73.47426,1.577342217909895,0.22306987570718315,-0.31758000000000003,0.36967791873467365,0.05228035263844343,0.08159486399999999,0.01517629225493182,0.002146251833346234,5.528714863999999,2.4388524884082816,0.3449058265734363
GLN 174,38.355500000000006,2.767734873502036,0.3914168195159562,-6.188679999999998,1.1996104941188257,0.16965054303479332,-78.30502000000001,2.2613299758328598,0.31980035208236535,-6.50516,1.7249830185830795,0.24394943797434715,0.7239955680000003,0.1161229489154671,0.016422264925901164,-51.919364432,2.569465167149364,0.36337724874278815
GLY 175,72.64176,1.4244513969947437,0.20144784845712682,-5.2477,0.6202350280337269,0.08771447885041533,-72.0573,1.2307032989313447,0.1740477296606017,0.4995599999999999,0.7295288934648169,0.10317096552809808,0.04592635199999999,0.021326256077785814,0.0030159880579846343,-4.117753647999999,1.6014500565615586,0.22647923894525163
ASP 176,97.15856,3.2215160726592282,0.45559117213575895,-7.768319999999999,1.229847997762329,0.17392677180928814,-185.39960000000002,3.551003734153811,0.5021877640877824,25.101779999999994,2.404359093729639,0.3400277239167539,0.000195984,0.0006114360903185222,8.647012114528348e-05,-70.90738401600002,3.2885229622978844,0.4650673773457014
SER 177,89.0417,3.99648013256629,0.5651876405229872,-6.8851200000000015,0.7612843001139529,0.10766185820428617,-81.42826,3.3847414306562964,0.4786747236360247,-4.053579999999999,1.097352834597882,0.15518912613968844,0.11421057599999995,0.025769156440384904,0.0036443090528906316,-3.2110494239999996,2.471367412042808,0.34950413117178364
GLY 178,71.84069999999997,1.6708663052447017,0.23629617897892807,-6.4486599999999985,0.6141690845361893,0.08685662489413469,-70.54038,0.9989643615272377,0.14127489483991992,1.7679600000000009,0.35620426499411334,0.050374890252981495,0.00023774400000000002,0.0008899415414868551,0.0001258567397689929,-3.3801422560000005,1.638178204252939,0.23167338340385085
GLY 179,87.17040000000001,1.5751945784556836,0.22276615362285979,-5.053859999999999,0.7710135150566482,0.10903777697660644,-78.29152,1.168144173293055,0.16520053326781456,0.7852800000000002,0.4595410771628576,0.06498892237912542,0.000130896,0.00040795403317530764,5.769341265413236e-05,4.610430895999998,1.8032608306068425,0.25501959231403687
PRO 180,89.564,2.557985715363108,0.361753809102315,-10.111120000000005,0.5718787158129706,0.0808758635935212,-63.419279999999986,1.1547558190378564,0.1633071340512588,-0.81878,0.4533774273163589,0.06411725065846169,0.005087232,0.004930262688232342,0.0006972444359760212,15.219907231999999,2.7695652435481164,0.391675672930289
VAL 181,60.26752,2.4385533764100287,0.34486352574897655,-9.646440000000002,0.956722868128456,0.13530104555397485,-63.65694000000002,1.649635310120708,0.23329366285422518,1.8148999999999995,0.5608844889992973,0.07932104512675092,0.00047995199999999996,0.001327543809934723,0.00018774304606541356,-11.220480047999999,2.4160121404348254,0.34167571358609805
VAL 182,41.39772,3.621443640538947,0.5121494711819974,-8.182960000000001,1.0646365005953833,0.15056233781394227,-46.91947999999999,1.5771490384869562,0.223042556011194,1.1543600000000003,0.5637341132129569,0.07972404284781334,0.066038976,0.025345508225849887,0.003584396147823575,-12.484321024000002,3.2066666500255216,0.4534911466475592
CYX 183,94.69232000000004,2.5151335108886177,0.35569359222777414,-7.188199999999999,0.5833231694352627,0.08249435374618073,-79.73711999999999,1.8347410786269183,0.25947157168372287,-2.31284,0.8070140856267638,0.11412902649194916,0.020414592000000013,0.01441819937012717,0.002039041309423306,5.474574592,2.2887500685910744,0.3236781387883849
SER 184,81.9136,2.243229698448401,0.31724058630638363,-2.7798399999999996,0.46457724266261696,0.06570114373433693,-67.77707999999998,2.519313397257686,0.3562847174270057,-10.782020000000003,1.6995904387822207,0.2403583849005456,0.8094496319999999,0.0771491514694323,0.010910537633364735,1.384109632,1.931752531495226,0.27319106291891077
GLY 185,81.6148,1.8031874444988738,0.255009213951119,-2.9627000000000008,0.35221653851004164,0.04981094056530064,-70.01812,1.2326634681041047,0.17432493944346797,-3.4032799999999996,0.8599682561583332,0.12161787710694547,0.4060347839999999,0.03267011430454081,0.004620251873376086,5.636734784000001,1.7553840168735348,0.2482487883835515
LYS 186,127.65657999999999,3.463214472654834,0.48977248766352527,-9.42298,0.8647353465656209,0.12229204549764996,-33.561299999999996,4.878869283963269,0.6899763110426366,-93.62028000000001,3.848372669271977,0.5442420821950379,0.584546544,0.06381555779627454,0.009024882732589555,-8.363433456000001,3.8881130012533127,0.5498622138411593
LEU 187,71.08107999999999,2.2264938701020225,0.314873782763884,-11.71602,0.8510942718641381,0.12036290621283181,-77.94131999999999,1.426596795734533,0.20175125365657764,4.07086,0.6769490087148363,0.0957350469159544,0.0004367519999999999,0.0013676358664849353,0.00019341291907708748,-14.504963247999997,2.3819908976126505,0.33686438328530727
GLN 188,32.330600000000004,2.4419397699369836,0.34534243411431176,-11.30612,1.056815303447113,0.14945625350583452,-75.64348000000001,1.8756348390879405,0.2652548227497643,-1.4419799999999998,1.1859503950840447,0.16771871330295862,0.07814808000000001,0.026206094788991337,0.003706101466742644,-55.98283192000002,3.1049488317210416,0.43910607482943936
GLY 189,84.07894,1.7214817734730423,0.24345428714236644,-5.49162,0.6055422327137832,0.0856366038093517,-81.9136,1.558511520649985,0.2204068129617925,1.4794200000000004,0.426598035157218,0.06033007270010521,0.0,0.0,0.0,-1.8468600000000013,1.6737637827363816,0.23670594417546853
ILE 190,92.29611999999999,3.5870653779381545,0.507287650659911,-11.78242,1.1689834915857396,0.16531923079908076,-76.381,1.794707307613165,0.253809941491664,1.6611799999999999,0.44196944193009563,0.06250391789320092,0.001069056,0.0022482173756254087,0.00031794595037722996,5.7949490560000045,2.876164139696968,0.4067510333970597
VAL 191,53.62731999999999,2.999942635718356,0.42425595617741885,-9.52098,0.824221365653663,0.11656250337050841,-57.57124000000001,1.2799349914736677,0.18101014238979526,0.54972,0.4016207683872934,0.05679775375840139,0.049185503999999984,0.012035887010053951,0.0017021314644808457,-12.865994495999999,2.936533991929539,0.41528861977563586
SER 192,56.73972,2.691707569852317,0.3806649351227472,-6.2692000000000005,1.0413365258166953,0.1472672237804451,-47.980480000000014,1.9095367316703664,0.2700492743777826,-3.5917800000000004,0.5527146565814902,0.07816565634599311,0.083678112,0.014544132804462961,0.0020568509865026958,-1.0180618879999996,1.899840367432167,0.2686780013966455
TRP 193,118.94913999999999,3.5557162879510495,0.5028542198371292,-13.373880000000002,0.9645368554907707,0.1364061102443746,-84.92979999999997,1.558233050607638,0.2203674313507323,-3.4887199999999994,0.5264875702236516,0.07445658622311453,0.39929184,0.061876199583775195,0.008750616063947933,17.556031840000003,3.387948919412982,0.4791283310461111
GLY 194,83.81112000000002,1.9840784928010142,0.28059107133319633,-3.8031800000000002,0.5065222083976169,0.0716330576759081,-79.13246000000002,1.4614965783045042,0.2066868282400102,-3.3134,0.5661703277283265,0.08006857560866193,0.22156056,0.02943004970858208,0.004162037543919113,-2.216359440000003,1.6720957315154668,0.23647004610953345
SER 195,60.55643999999998,2.0766425995831264,0.29368161285321775,-3.6801599999999985,0.8470377644473729,0.11978922943236617,-50.92818000000001,3.482018435849818,0.49243176964119634,-7.378980000000001,3.250047171903811,0.45962607888586915,0.4012764479999999,0.0557514465162168,0.007884445178515205,-1.0296035519999993,2.3715691574384095,0.3353905266555132
GLY 196,77.17869999999999,1.9811623482190224,0.28017866621142695,-3.58318,0.5448669081528067,0.07705581711979947,-70.66221999999998,1.591985908104274,0.22514080623479119,-2.792159999999999,0.5812640831842317,0.08220315497595033,0.17850657599999997,0.03203220904398941,0.004530038446277993,0.31964657599999957,1.8424143025538415,0.2605567294181809
CYX 197,84.42298,2.6742432386754618,0.37819510572193876,-5.470739999999999,0.7088838215109782,0.10025131145276937,-74.79708000000004,1.89234029539987,0.26761733103796054,2.4669799999999995,0.7224391321073375,0.10216832186152447,0.13434264000000007,0.04305373709973131,0.00608871789172857,6.756482640000001,2.7872744687760997,0.3941801355799424
ALA 198,91.99582000000001,1.9871679615965638,0.2810279882003158,-5.6599400000000015,0.9088465747308448,0.12853031521006933,-81.81698,1.486452050891992,0.21021606501887571,2.08338,0.7631216650049992,0.10792170083908076,0.027419759999999998,0.012188188688529578,0.0017236701744080874,6.629699760000001,1.930216358297141,0.27297381522182224
GLN 199,51.785779999999995,3.0298908646353215,0.4284912753277615,-8.069939999999999,0.8233625546501531,0.11644104915364051,-85.56331999999999,2.5248096121494794,0.35706199959117474,-8.92016,1.843042553605315,0.26064557753393786,0.566719776,0.06911053725986085,0.009773705909578633,-50.200920223999994,3.0742650293182985,0.43476672987912585
LYS 200,118.79017999999995,2.535805266106128,0.3586170198864402,-5.924999999999996,0.736124527508792,0.10410372903984201,-32.083180000000006,3.7721681176214608,0.5334651311491658,-88.01134,3.904477181954157,0.5521764584695852,1.1899837440000003,0.0694145150256121,0.009816694857477163,-6.039356256000001,2.3322816353747133,0.32983443200206214
ASN 201,23.650359999999996,3.028555423035914,0.4283024153655976,-5.460279999999999,0.8411297174633676,0.1189537054151744,-73.259,2.3526481249857807,0.3327146885846523,-9.939059999999998,1.578239885568733,0.22319682508494637,0.6722681759999997,0.08080729756151427,0.011427877615021181,-64.33571182400001,2.591987444657967,0.3665623797736079
LYS 202,142.64288,2.7304333622342,0.38614158920275754,-8.179520000000002,0.8057258153987278,0.11394683756910015,-59.237019999999994,3.740777857558436,0.5290258779984109,-70.98020000000001,3.5523176828652776,0.5023735844965842,0.6624426239999999,0.04874738696312344,0.006893921577349857,4.908582624000002,3.2365067178711358,0.45771116951249924
PRO 203,86.62953999999998,2.2563955079731786,0.3191025129453398,-8.834700000000002,0.7659049614671468,0.10831531839956818,-70.59342000000001,1.3170650567070625,0.18626112657228172,0.35229999999999995,0.43712575993642844,0.06181891781647428,0.003548159999999999,0.004435994733991464,0.0006273443915426358,7.557268159999999,2.3610972832195842,0.33390958000114046
GLY 204,82.80969999999998,1.9147035514681665,0.27077997304102125,-5.097760000000001,0.7204840750495354,0.10189183504088878,-82.57408,1.2139638518515854,0.17168041435191947,1.06578,0.42313223890410423,0.05983993509354767,0.026108927999999993,0.009743817598765702,0.00137798389974641,-3.770251072000001,2.0373628531711168,0.2881266178429738
VAL 205,49.63565999999999,3.0259042589615155,0.4279274841465885,-10.633860000000002,0.8023910271182981,0.1134752272877175,-52.948060000000005,1.7909177022968445,0.25327401036822583,-0.0011600000000000022,0.4244285268452157,0.060023257892253726,0.0025044480000000007,0.002648757920100664,0.000374590937404951,-13.944915552,2.6969220227019566,0.3814023701167787
TYR 206,91.55446000000003,3.247375483123748,0.4592482450351486,-14.3488,1.20191157744652,0.16997596535981094,-96.87380000000002,2.2951342618673545,0.3245810000599975,-0.64142,0.8644333424851218,0.12224933567099658,0.002292336,0.0030050657138744902,0.00042498046883836905,-20.307267664000005,3.0810691671269095,0.4357289802760451
THR 207,57.86244,3.1849248415621343,0.4504163906076151,-9.996280000000002,0.9377410951856431,0.1326166174806136,-62.48458000000001,2.1751957069648182,0.30761912696053784,0.27270000000000005,0.7707770170418937,0.10900433110661242,0.0030978719999999998,0.004629463345790308,0.0006547049850125779,-14.342622127999999,2.391965949992286,0.33827506872137353
LYS 208,132.20553999999998,3.5381729534336896,0.5003732176767594,-11.370239999999997,0.9143275684349141,0.12930544477322697,-50.97402000000002,4.70422122987412,0.6652773463691422,-73.75992000000001,4.325102754108771,0.611661897351785,0.336154464,0.06749796147664854,0.009545653255281306,-3.5624855359999974,4.1681276649399095,0.589462267346052
VAL 209,48.35766,3.0695173275939043,0.4340953034622518,-9.47808,0.9739888056851539,0.13774281785995177,-54.015339999999995,2.1861543459693222,0.3091689125510699,2.0384200000000003,1.0653035265125141,0.15065666952378834,0.00037123199999999993,0.0008807294280174814,0.00012455395018834208,-13.096968768000002,2.9935763338953003,0.42335562513938624
CYX 210,78.53832,2.334747005052565,0.33018308792553025,-7.27494,0.5133231890339596,0.07259486158124336,-62.17816,1.2923027410009933,0.18275920630155298,-3.1456,0.7598214000671472,0.10745497289562728,0.17472988800000003,0.02385964940443693,0.003374263978122184,6.1143498880000005,2.373131100783216,0.3356114188017016
ASN 211,22.537360000000003,3.69119413068449,0.5220136800965972,-6.97422,1.0063335687534185,0.1423170581202402,-79.43759999999999,2.9405306187832503,0.4158538281656622,-4.861439999999999,1.5325303541529016,0.2167325211591476,0.4684449600000001,0.05276721039603199,0.007462410459066301,-68.26745504000002,3.0527463126117715,0.4317235237780023
TYR 212,99.02082000000006,3.1094572561119445,0.4397436623212942,-12.281860000000002,1.1423598033894389,0.16155407270632066,-98.59193999999998,1.196500453993383,0.16921071694230078,-2.1058600000000003,0.6141906547644631,0.08685967538507151,0.06233918400000001,0.026336373384711564,0.003724525642438091,-13.896500816,2.9621441700754865,0.41891044590251486
VAL 213,59.02522,3.1873637212593144,0.45076130028208994,-7.470020000000001,0.9566179486085221,0.13528620769317004,-61.12798,1.527186111644949,0.21597673113561186,0.33587999999999985,0.6875187747254617,0.09722983756028807,0.21680107199999998,0.06250647943160788,0.008839751094837476,-9.020098928,3.259661987884712,0.4609858192018603
SER 214,69.52364000000001,5.553843414285052,0.7854320679778416,-4.650560000000001,0.38406062854709,0.05431437496648301,-57.891119999999994,5.768661476079146,0.8158119296210325,-9.94834,1.575946237788579,0.2228724543051463,0.6927412319999999,0.04522790293187612,0.006396191372395307,-2.2736387679999996,2.4123712039725427,0.3411608074136282
TRP 215,119.48179999999998,2.71431804326702,0.38386253893822214,-15.679839999999999,1.1559933799118407,0.1634821515884839,-86.29147999999999,1.4327860027232577,0.20262653970295652,-4.185840000000002,0.671988939194681,0.09503358715738269,0.356578272,0.059679566989391385,0.008439965303295095,13.681218271999999,2.6952311311648014,0.381163241942344
ILE 216,95.22828000000003,2.8746260837885274,0.4065335194445192,-10.73722,1.0423270175909074,0.14740730047049608,-70.59696,1.178088128452628,0.16660682089284432,-1.2497599999999998,0.46219275459487774,0.06536392619786557,0.003258864,0.0072260627488490575,0.0010219195941981345,12.647598863999999,2.74040053333001,0.3875511600569763
LYS 217,123.71887999999996,3.352715786584545,0.4741456136170243,-7.575759999999999,0.8982184491536654,0.1270272712766842,-25.632559999999998,4.027672787901223,0.5695989481450964,-101.79347999999999,3.6030405784008135,0.5095468851755031,1.0438279200000002,0.10224150576496545,0.014459132409026111,-10.23909208,2.8663380397395364,0.40536141301455636
GLN 218,40.808400000000006,2.5788461295702754,0.36470391717116474,-6.332539999999999,1.0734306537452762,0.15180601887935874,-85.44312000000002,2.272375731607002,0.3213624578446106,-10.60434,1.648530625860495,0.23313743690793184,0.893557728,0.04422199792728917,0.0062539349224007236,-60.67804227199999,2.7697949443361534,0.39170815752726196
THR 219,51.36166000000001,2.5735385181496895,0.36395330756568484,-8.821400000000002,0.8847591988784121,0.1251238458488205,-59.58420000000001,1.6567390983489394,0.2342982902198843,-2.64904,0.6636904989526369,0.09386001048369855,0.055065024000000004,0.02228476162089741,0.003151541211852455,-19.637914976,2.227620701017015,0.3150331407201324
ILE 220,69.96256,2.917180352052627,0.41255160177611455,-8.81396,0.8881260487115523,0.12559999031847052,-48.2999,1.4293509750934221,0.20214075343683255,-4.805360000000001,0.7757521449535162,0.10970792044332817,0.31522190399999994,0.05238143474864748,0.007407853543809858,8.358561904,2.644128000372827,0.3739361678777704
ALA 221,90.33257999999998,1.9341930523107458,0.273536204682567,-3.8463599999999984,0.47072054384742473,0.06656993771966672,-75.78572,1.2989138545727796,0.1836941589491139,-4.9025,0.8993241517940037,0.127183641243676,0.6157965599999999,0.0379893214365931,0.005372501360098091,6.4137965600000015,2.0663273198753394,0.29222281200697536
SER 222,80.91715999999998,2.8211832933015097,0.39897556753273883,-3.767279999999999,0.6750337188615165,0.09546418402731036,-65.24106,3.7848418112782243,0.5352574620946415,-6.0236,1.7068862176489712,0.24139016384268897,0.5342014079999999,0.041346820597768064,0.005847323445037083,6.419421408000002,2.262904844576992,0.3200230721560563
ASN 223,96.26879999999996,4.812426311125096,0.6805798557114234,-5.070420000000001,1.1662128980593491,0.16492740970499634,-249.57441999999995,15.584226356275645,2.203942427213726,28.273680000000002,13.405857368240197,1.8958745305404572,0.5265267840000001,0.08455915050051775,0.011958469746057989,-129.575833216,3.626857015626218,0.5129150380286606
Sidechain Energy Decomposition:
Residue,Internal,,,van der Waals,,,Electrostatic,,,Polar Solvation,,,Non-Polar Solv.,,,TOTAL,,
,Avg.,Std. Dev.,Std. Err. of Mean,Avg.,Std. Dev.,Std. Err. of Mean,Avg.,Std. Dev.,Std. Err. of Mean,Avg.,Std. Dev.,Std. Err. of Mean,Avg.,Std. Dev.,Std. Err. of Mean,Avg.,Std. Dev.,Std. Err. of Mean
ILE   1,5.012020000000001,2.353841409186269,0.33288344445466195,-8.57608,0.8865784757143744,0.1253811304463334,13.892320000000007,0.5594527125680638,0.07911856136201727,-3.4612600000000002,0.39559089018833843,0.05594500020555939,0.0008023679999999999,0.0019611410488223433,0.0002773472268971154,6.867802368000001,2.317353649114911,0.32772329593930893
VAL   2,-13.043120000000002,1.9867011414905724,0.2809619698678077,-6.768379999999997,0.53267209012679,0.075331209415493,12.20512,0.5812075925174403,0.08219516598923794,-0.032519999999999986,0.1729448744542607,0.02445809869961277,0.06160939200000002,0.021045592610823106,0.002976296249840503,-7.577290608000003,1.8857903968452832,0.26669103550115403
GLY   3,3.4014599999999984,0.7003473483922235,0.09904407184683174,-0.8035599999999999,0.06351162413290878,0.008981900021710195,-1.7172600000000002,0.11817576908994121,0.016712577539086605,1.3871399999999994,0.11264652857501976,0.015930624846504135,0.008858304000000001,0.00532527097590198,0.0007531070437432387,2.2766383039999996,0.7094641247510197,0.10033337872400495
GLY   4,2.862439999999999,0.49350777744631885,0.06979253920011871,-1.03804,0.09993917350068299,0.014133533457702371,-1.6978599999999997,0.12039933720748303,0.01702703755795541,1.38762,0.1113405388885827,0.015745930013816266,0.000163152,0.0005185392013107591,7.333251711157881e-05,1.5143231520000002,0.5132405949671777,0.07258318101630191
TYR   5,9.816999999999998,2.754291829127773,0.38951568594858954,-7.276220000000002,0.7832007990291894,0.11076131920485244,-5.13128,1.0981120897249064,0.15529650102948236,-7.416959999999997,1.1255523436962158,0.15917713896160116,0.7586549280000002,0.15790849404232823,0.022331633388857165,-9.248805072000001,2.8055247557575487,0.39676111591657903
THR   6,-19.219980000000003,2.183711780340945,0.30882348160720613,-3.01642,0.6066978519823489,0.08580003305360624,9.1632,2.3716973162695054,0.33540865105122064,-3.2896399999999995,1.5223359781598813,0.2152908186802216,0.405060624,0.05544556807116184,0.007841187433971773,-15.957779375999998,2.3194490491396933,0.32801963025267333
CYX   7,12.39966,1.520333892406543,0.21500768099768108,-4.2293,0.36469698380984894,0.05157594206604494,1.10948,0.6821543590713172,0.09647119462305828,-2.21748,0.2590547617782752,0.0366358757504168,0.032751504,0.015661362921546258,0.0022148511848897835,7.095111504,1.4467333496030543,0.20459899241460958
GLY   8,3.35804,0.7773967059359064,0.10994049648787275,-1.24624,0.13860844995886692,0.019602194979134208,-0.44248,0.11140704466056008,0.015755335350286916,0.3101399999999999,0.0946217755064871,0.013381539821709637,0.0,0.0,0.0,1.9794599999999998,0.8562694484798581,0.12109478670859454
ALA   9,10.118960000000001,1.1907680203969084,0.168400028408547,-1.5983399999999996,0.2040586788156811,0.02885825511010716,-0.21257999999999996,0.2426660330577809,0.034318159507759155,-0.3936399999999999,0.11338796408790505,0.016035479662298877,0.3851493120000001,0.022533726523737356,0.0031867501660675706,8.299549312,1.1687238280335772,0.16528250882736856
ASN  10,-64.44528000000001,2.065149215335013,0.29205620286509304,-4.944560000000001,0.626622315593682,0.08861777771982188,1.873560000000001,2.2897468695032632,0.3238191077252852,-2.043479999999999,1.4860855458552868,0.21016423337951706,0.14151067199999998,0.04484260416933456,0.006341701898840123,-69.41824932800004,2.168918844358078,0.30673144453777734
THR  11,-22.077239999999993,1.9304566357212962,0.27300779558101945,-3.1279199999999996,0.5735312664537158,0.08110956954638622,12.040000000000004,1.2718521926701642,0.1798670620208105,0.4665600000000001,0.5237007603584322,0.07406247179239969,0.416148624,0.04139951583385642,0.005854775676791944,-12.282451376,2.0075493147188257,0.2839103468008176
VAL  12,-8.66552,2.36602436369535,0.3346063744043137,-5.07472,0.5682682831198654,0.08036527130545874,9.632060000000001,0.5188658944274163,0.07337871849520985,-0.21412000000000006,0.18439204321228167,0.026076972830449453,0.040807583999999994,0.016282306246663717,0.002302665832074399,-4.281492415999999,2.227687567964394,0.3150425971345182
PRO  13,23.542600000000004,1.6290657568066031,0.23038468872734882,-5.144320000000001,0.5062521284893433,0.0715948626089876,1.6688600000000002,0.7329276092493707,0.10365161652381484,-5.831860000000002,0.6198692123343303,0.08766274469807378,0.21338452799999996,0.035281929717967946,0.004989618351384462,14.448664528000004,1.6975980647576379,0.2400766206638571
TYR  14,10.777340000000002,3.1207543742499135,0.44134131608993893,-10.378880000000002,0.651610885114695,0.09215169511191383,-5.28856,0.7188856142669636,0.10166577854912533,-8.7865,0.7249200300722907,0.10251917381641454,0.24922151999999995,0.04125319470043516,0.005834082743657329,-13.42737848,3.2402295047791005,0.4582376510860061
GLN  15,-41.615560000000016,2.097893869193275,0.29668699622324973,-8.635079999999999,0.7522767799154819,0.10638800248148345,-0.5299400000000001,1.1206071998697849,0.15847779001487874,-0.8274999999999999,1.1509235291712476,0.16276516642082847,0.0010160640000000001,0.004104565007001838,0.0005804731500544016,-51.607063935999996,2.1009588618629826,0.2971204516434572
VAL  16,-10.18274,1.969648555555029,0.2785503700374498,-7.010720000000003,0.602975291036022,0.08527358343590064,11.303099999999997,0.5324193929601584,0.07529547263947063,0.0637,0.12797878730477172,0.018098933670246984,0.000275616,0.0005994466619675181,8.477455992737443e-05,-5.826384384000001,2.1448091649182737,0.30332182097295346
SER  17,0.46306,1.522450293572831,0.21530698532095977,-4.47974,0.5244118156563637,0.0741630301969929,5.263800000000001,1.306975776363129,0.1848342868625842,-1.9771199999999995,0.5978589679849279,0.0845500260910667,0.00023774399999999997,0.0012124872598357477,0.0001714715927064305,-0.7297622560000002,1.9337197373800978,0.2734692678431474
LEU  18,-12.65546,2.4212665050340982,0.34241879295389255,-8.740219999999999,0.5801448195063212,0.08204486718863307,9.74492,0.43396565947090743,0.061372012122794146,-0.3599400000000001,0.14439645563517095,0.02042074259178637,0.0,0.0,0.0,-12.0107,2.293195144334655,0.32430676742861964
ASN  19,-57.38062,1.5986802168041743,0.2260875244502023,-7.621460000000001,0.6549093131113548,0.09261816327265257,-3.926040000000001,1.3139507442822922,0.185820696285424,-1.3507399999999998,1.0597207332122935,0.1498671433236786,0.045181008,0.03717650203226677,0.0052575513375622595,-70.233678992,1.3677443616371836,0.1934282626086636
SER  20,5.6734800000000005,1.6540079472602314,0.2339120471288302,-2.9335600000000004,0.60339937553829,0.0853335580413706,-0.21462,1.1521063299886865,0.16293243971658927,-2.4501399999999993,1.0468250285506178,0.1480434152807886,0.09682271999999996,0.030914816230720295,0.004372015239175652,0.17198271999999978,1.6009678041685218,0.2264110381577797
GLY  21,3.16372,0.7577571389304082,0.10716304228604169,-0.55046,0.04372423126825665,0.00618354008639063,-0.9336800000000001,0.08416185359175413,0.011902283478391746,0.7966200000000001,0.08067933812321319,0.011409781417713278,0.022376016000000002,0.007048041611663767,0.0009967436035384827,2.498576016,0.7541309172101093,0.10665021709233982
TYR  22,9.936680000000003,2.821758880131319,0.3990569678028428,-5.400440000000001,0.5460103354333105,0.07721752215656705,-7.11276,1.7927294559971927,0.25353023103369704,-6.725060000000002,1.05136980002279,0.14868614302617184,0.9916643519999999,0.0692779602218257,0.00979738309192497,-8.309915647999999,2.875776301415122,0.4066961847812403
HIE  23,31.696360000000006,1.7310306266498905,0.24480469890914727,-8.6537,0.6606420286357784,0.09342889167703923,-12.291559999999999,1.0680160328384694,0.15104027584720722,-1.1045600000000002,0.5843718049324413,0.08264265320039033,0.06965452800000001,0.02269024584842602,0.0032088853412423892,9.716194528,2.1440702472891204,0.303217322239691
PHE  24,20.719319999999996,2.293565673269479,0.32435916813310756,-10.232400000000002,0.6913522112497633,0.09777196735260443,-1.08622,0.6060858780733965,0.08571348687342034,-1.8064800000000005,0.34607283857592425,0.04894209018830269,0.13935470399999997,0.03349820097851816,0.004737361013892006,7.7335747040000005,2.4020718989553655,0.3397042657297973
CYX  25,11.912059999999999,1.6587240326226766,0.23457900231691814,-5.11768,0.3508823985326143,0.049622264680282455,0.4881399999999999,0.3856337646005598,0.05453685000071052,-0.7791000000000002,0.18993348835842347,0.02686065151853148,0.018066816000000006,0.007710802011914444,0.0010904720782023154,6.521486815999998,1.8051675118919728,0.2552892377672923
GLY  26,2.8585,0.5502453361910487,0.07781644170739242,-1.5713200000000003,0.07163503053673798,0.010130723172606566,-0.8183799999999999,0.0791269587435288,0.011190241820443479,0.4885400000000001,0.0672601546236691,0.009512022287610429,0.000190224,0.000719298507869994,0.00010172417052244759,0.9575302240000003,0.5469611102720402,0.07735198202373653
GLY  27,3.00948,0.5950685083248812,0.0841553955014174,-1.4583399999999995,0.14917715776887971,0.02109683597130206,-0.99276,0.062248714042940426,0.008803297563981089,0.5523799999999999,0.06481447060649445,0.009166150336973678,0.0,0.0,0.0,1.1107600000000004,0.6640956726255631,0.09391731069403543
SER  28,4.68938,4.708568877652742,0.665892196614437,-4.534179999999997,0.5001580826099141,0.07073303437574634,5.193199999999998,4.273260970266152,0.6043303619710003,-3.0625,1.2566600057294746,0.1777185623394474,0.000420048,0.0012622342239441934,0.00017850687583933567,2.286320048,2.065963070774702,0.292171299405155
LEU  29,-9.961699999999999,1.5584565088574183,0.22039903311947864,-8.38974,0.7982672938308373,0.11289204333344385,6.132240000000001,0.5130186569706631,0.07255179424383422,-0.43598000000000003,0.17626099852207777,0.024927069462734645,0.000581472,0.0011731595777284523,0.00016590981856514703,-12.654598528,1.70219906229126,0.24072729997510645
ILE  30,17.83696,2.4019465269651477,0.3396865354529065,-7.868219999999996,0.7091502320383644,0.10028898759086821,2.03006,0.40236900526755204,0.05690357043279434,-1.5691400000000004,0.13149555277650582,0.01859627941282816,0.008374608000000002,0.012086749520823866,0.0017093245097355618,10.438034607999999,2.443339339584135,0.34554036315196046
ASN  31,-56.462779999999974,2.647124124706394,0.37435988384447905,-4.22478,0.6188527866948631,0.08751900040562595,-0.8992399999999998,2.2960522778020547,0.3247108271185303,-6.122199999999998,1.2048869822518722,0.17039675114273883,0.40840631999999993,0.07388503412380112,0.010448921731427847,-67.30059368000002,2.0802645600350913,0.29419383541257255
SER  32,6.179139999999998,2.0071452763564563,0.28385320714763945,-3.00174,0.34020686706766984,0.04811251654195593,6.18208,1.7451957121194184,0.2468079445074653,-7.508679999999998,1.1998638662781806,0.16968637526920208,0.281004768,0.06641307713635122,0.00939222744051584,2.1318047680000003,1.842092490047641,0.26051121825709994
GLN  33,-42.12370000000001,2.2396503767329294,0.31673439377497203,-5.9843399999999995,0.6637251723416919,0.09386491404140405,2.54868,1.1764645585821953,0.16637721343982173,-8.62058,0.9053967547986852,0.12804243699648882,0.39643876799999994,0.0666730597353189,0.00942899453225995,-53.78350123199999,2.3315423539423437,0.32972988181925533
TRP  34,47.05615999999997,2.6049174294789728,0.36839095576312236,-14.554479999999998,0.8705644431057871,0.12311640423599847,-14.769200000000003,0.8779367403178152,0.12415900450630803,-3.3679000000000006,0.6534070171034285,0.09240570653374175,0.05953550399999999,0.026735826834096327,0.0037810168910037555,14.424115504000001,2.80621244434911,0.39685836976986655
VAL  35,-13.47786,1.9275004021789455,0.272589721024106,-6.862680000000001,0.6035449093480914,0.0853541396301311,12.41854,0.5148271247710108,0.0728075502128709,0.05836000000000004,0.10884241085165283,0.015392641358779196,3.816e-05,0.00026712,3.777647267811011e-05,-7.8636018399999985,2.118478066961728,0.2995980413887213
VAL  36,-13.83394,2.153080308859859,0.3044915373668065,-6.3245400000000025,0.4698319789030682,0.06644427566013089,13.672159999999995,0.5885243023021127,0.08322990501018111,-0.34552,0.1558574014925182,0.02204156509869479,0.000801504,0.0015470663573305444,0.00021878822244279967,-6.831038495999998,2.0576007100088853,0.2909886830043075
SER  37,2.4385800000000004,1.487095734510727,0.21030709562922495,-4.05696,0.5063988135847073,0.07161560701411378,3.6642200000000003,0.8198240857647475,0.11594063408486294,-3.664299999999999,0.703388690554526,0.09947418258020628,5.4143999999999995e-05,0.00027682193855256483,3.914853398634487e-05,-1.6184058560000005,1.5563034169861816,0.2200945399469448
ALA  38,9.561759999999998,1.1590346769618323,0.16391225594201422,-4.116359999999999,0.3526667979836068,0.04987461687071092,0.019580000000000004,0.24667874574028462,0.03488564277750948,-0.6712199999999998,0.08938977346430826,0.012641622997068334,0.0,0.0,0.0,4.793760000000001,1.2834297574857765,0.18150437693895974
ALA  39,10.114759999999999,1.6021947891564352,0.22658456003885322,-3.618180000000001,0.5062989113162252,0.07160147869981386,0.025660000000000006,0.22948321158638166,0.03245382701623955,-0.8540200000000003,0.08804737134065763,0.012451778668125817,0.000267696,0.000917172264944814,0.00012970774561174055,5.668487696,1.842265061070946,0.260535623485263
HID  40,22.96382000000001,1.6558522722754485,0.23417287407382462,-6.73126,0.6312421662088099,0.08927112325942704,-2.15152,0.852434026538124,0.12055237613585217,-1.3285799999999997,0.4349597723928047,0.06151260092046189,0.33157958400000004,0.03544608052442008,0.005012832781060371,13.084039583999997,1.8258093781770648,0.2582084384925992
CYX  41,11.113679999999999,1.5937801660204167,0.22539455262273164,-5.10138,0.33512707380933365,0.04739412528995689,0.19965999999999998,0.35784949965034185,0.05060756156939396,-1.3573,0.20810961054213634,0.029431143368887202,0.0,0.0,0.0,4.854660000000001,1.653257978780081,0.2338059855692321
TYR  42,9.947819999999998,2.343877076043039,0.331474274947546,-6.066839999999998,0.5431084002296664,0.07680712654435493,-4.88034,0.6734794313117503,0.09524437457403964,-8.773620000000001,0.5692438454651906,0.08050323665542868,0.8204379839999999,0.07023024066492009,0.009932055883705644,-8.952542015999997,2.4719258458619997,0.34958310563986245
LYS  43,41.13107999999999,2.3633941934431766,0.33423441216011623,-5.3798200000000005,0.7593999654990806,0.10739537304744602,7.932080000000001,2.675297014090207,0.3783441320702616,-50.84786,3.1013060862159145,0.43859091281967694,0.4295486879999999,0.04532558534959604,0.006410005752389798,-6.734971312000002,3.002760097743875,0.42465440547821487
SER  44,5.3579,4.121728822957668,0.5829004801850828,-1.1290800000000005,0.19341353003344655,0.027352803731975604,6.61644,3.5460165152463663,0.5014824648260392,-8.929219999999997,0.6208547427539332,0.08780211974662713,0.6075048959999999,0.037428050923859056,0.0052931257229712324,2.5235448960000006,1.3973108090429542,0.19760958969990677
GLY  45,3.5104800000000007,0.6909123023944458,0.09770975484566462,-0.4547400000000001,0.03581832491895669,0.005065476088187474,-1.4033999999999998,0.07271781074813652,0.010283851418609468,1.19668,0.06532271886564864,0.009238027495088515,0.02027952,0.007185130325331631,0.0010161308753502201,2.86929952,0.7033599312478576,0.09947011540005278
ILE  46,12.433039999999998,2.8221312085727033,0.39910962299598907,-6.450380000000001,1.0493801768663196,0.14840476782098264,5.363080000000002,0.32368903843038027,0.045776542813974974,-1.2525600000000001,0.11474443951669173,0.016227314257140475,0.009199727999999997,0.010256575544050558,0.0014504988237900504,10.102379727999999,2.6992778475406753,0.38173553406052785
GLN  47,-41.71126000000001,2.033008822508861,0.28751086492161876,-5.936760000000003,0.7410164791689741,0.10479555547827231,-1.06182,1.4323389220432432,0.20256331294684138,-5.779540000000002,0.927161996848432,0.13112050704599734,0.42706008000000006,0.0364860234150872,0.005159902915067863,-54.06231992000002,2.3596094685406985,0.3336991712314227
VAL  48,-11.347819999999999,2.1884244349759907,0.30948995161717235,-6.5204200000000005,0.5295323253588979,0.07488717962375159,10.936960000000001,0.6717587948065633,0.09500103982588469,-0.15589999999999996,0.127965972039445,0.018097121318043936,1.9152000000000002e-05,0.000134064,1.895951270259866e-05,-7.087160847999997,2.0519332498431617,0.29018718310124997
ARG  49,-273.21392,3.17469662701898,0.44896990263503606,-9.781799999999997,1.0892476486089202,0.1540428797445738,137.08752,8.211380927078785,1.1612646272886578,-25.358320000000003,6.454239113760809,0.9127672489479441,0.235796832,0.049966439467136026,0.007066321635791805,-171.03072316799998,3.2310357558801948,0.4569374586478176
LEU  50,-12.168159999999995,2.367942755727041,0.33487767600723023,-7.491700000000001,0.7154019359772386,0.10117311204069794,10.094000000000003,0.5389326488532309,0.0762165861213896,-0.29254,0.1541138812696635,0.0217949941041515,0.001984464,0.003386680062465895,0.0004789488875757829,-9.856415536000002,2.473932169247373,0.3498668426140726
GLY  51,3.295979999999999,0.619561505905597,0.08761922843759937,-1.36006,0.07867157301083993,0.011125840552515498,-0.56968,0.10876422941390315,0.015381584833820053,0.17559999999999995,0.1024681413903854,0.014491183526544693,5.4288e-05,0.000380016,5.374237811187741e-05,1.5418942880000004,0.6418977055390667,0.09077804408295194
GLU  52,23.872539999999994,2.393222222945563,0.3384527325462302,-7.10762,1.2621405926441012,0.17849363437389038,-38.93268000000001,3.7673162354120193,0.532778971386803,-21.938979999999997,3.701224697259048,0.5234322164253998,0.07134479999999997,0.0396518233439826,0.005607614634588229,-44.035395199999996,2.3339300888463876,0.3300675585277204
ASP  53,23.754920000000006,2.272609186287812,0.3213954733221907,-4.520240000000002,0.7147008761712709,0.10107396721213452,-47.36556000000002,4.203484607607953,0.5944624941305714,-21.508079999999996,3.7939644428487087,0.5365475970237927,0.307790208,0.05493618874272148,0.007769150318504486,-49.33116979199999,1.9500870538645774,0.27578395593834776
ASN  54,-56.6434,2.105741332642637,0.29779679514728125,-5.695359999999999,0.6919521879436504,0.09785681687036472,-5.377559999999999,1.9981769707410828,0.28258489720436264,-3.205999999999999,1.339903623399835,0.18949098764848984,0.16844097600000002,0.04327089092438253,0.006119428080122864,-70.753879024,2.150538195924166,0.30413202830773234
ILE  55,17.687039999999996,2.0778246120402466,0.29384877465799314,-7.095140000000002,1.0266827165195598,0.1451948621956013,1.5982000000000003,0.4597115182372516,0.06501302638702476,-0.8168800000000002,0.16210634040653554,0.02292529851495922,0.11489601600000002,0.04906499531134327,0.006938838180707397,11.488116016,2.3423640161541726,0.3312602959659942
ASN  56,-58.584779999999995,4.031422137608682,0.5701291862657332,-3.15284,0.47278821305104524,0.06686235030269284,-2.1877800000000005,3.478586225983194,0.49194638186696726,-5.79618,2.6062388738563484,0.368577836219163,0.548758512,0.06330929867211724,0.008953286880643717,-69.17282148800004,1.9444204653067958,0.27498257929926745
VAL  57,-13.232539999999998,2.0275371977845538,0.28673706033228563,-2.6591599999999995,0.4291175298213817,0.0606863830525439,11.603519999999998,0.7013661309188273,0.09918814945345493,0.09996,0.12333936273550307,0.017442819955500316,0.56048328,0.08326764254864862,0.011775822939913385,-3.6277367200000015,2.0960701084140294,0.2964290775003964
VAL  58,-14.559579999999999,2.1644560063905223,0.3061003039397383,-2.84872,0.6626134933730212,0.09370769889395415,13.383260000000002,0.9776653171714371,0.138262755100564,-0.26766,0.15164809395439158,0.021446279117832992,0.38991383999999996,0.10788544645321534,0.015257306155681345,-3.90278616,2.118252520316785,0.2995661442762987
GLU  59,22.727940000000004,2.1342979024494007,0.3018353039788391,-1.9453599999999998,0.4564957287861533,0.06455824508147681,-11.133759999999997,2.8401037907794966,0.40165132994676034,-56.15272,2.9218425833024027,0.4132109408425497,0.9603249119999998,0.08474019976103275,0.011984073978025781,-45.54357508800002,1.962868555234063,0.27759153319676944
GLY  60,2.9898599999999993,0.6584622391603072,0.0931206228931063,-0.5878,0.05196537308631524,0.007349013539244483,0.19538,0.18449519126524677,0.026091560167993015,-0.2915799999999999,0.1619443225309243,0.022902385727255593,0.007304687999999999,0.005819562953784075,0.0008230104856325468,2.3131646879999996,0.6666442429494275,0.09427773296570248
ASN  61,-62.18115999999997,2.7897214940573187,0.3945261972139594,-2.1741,0.5032972580890928,0.07117698082947868,6.645299999999997,3.008227047614602,0.4254275489434144,-10.273419999999998,2.1509773321911294,0.30419413155417935,0.6965660159999999,0.08506790587330963,0.012030418620871234,-67.286813984,1.5656346054367185,0.22141416927292568
GLU  62,23.678859999999997,2.038829850772303,0.28833408263333044,-4.87712,1.2405409890850045,0.1754389891443747,-30.03084,4.47691236170646,0.6331310179481039,-34.32271999999998,3.350192955876099,0.4737888314766787,0.37429920000000005,0.1226612057304899,0.01734691407210952,-45.177520799999996,2.171109082064673,0.3070411909247261
GLN  63,-40.60096,2.061206578293331,0.2914986297875069,-5.637820000000001,0.7089764083521969,0.10026440520942424,-3.54724,1.548559324791917,0.21899935992600514,-2.02728,1.1352865019896965,0.16055375682929385,0.21480681599999996,0.04210148540869982,0.005954049166103625,-51.598493184000006,2.283589458951588,0.3229483183741574
PHE  64,21.274860000000004,2.2405468440538714,0.31686117339932207,-7.320900000000002,0.9227700959610547,0.1304993984660446,0.3956399999999999,0.5703512868399616,0.0806598525166021,-1.90136,0.3748700446821536,0.05301463013169098,0.28682121600000005,0.08559058109529419,0.012104336059635927,12.735061216000004,2.1966580281610657,0.3106543575321119
ILE  65,12.833460000000002,2.366981100135775,0.3347416773692802,-5.55814,0.8478102384378301,0.11989847375175468,4.254980000000001,0.3858253744895441,0.054563947731079164,-0.8023999999999998,0.1191358887993055,0.016848358970535073,0.13185820799999998,0.042050098988268066,0.005946782028833986,10.859758208,2.5547257461486,0.3612927798347075
SER  66,5.331760000000002,2.8989224381483534,0.4099695428297081,-2.6732400000000007,0.2360301302800078,0.033379701137067556,7.2292000000000005,2.8458298403102003,0.40246111563727444,-7.5632600000000005,1.722880724948765,0.24365212875737333,0.349607088,0.06337332765080467,0.008962341945648183,2.6740670879999997,1.508452829292511,0.2133274449385536
ALA  67,9.716540000000002,1.2680218170047346,0.17932536509930705,-3.0793199999999996,0.3005147876561245,0.0424992088396962,1.0451799999999998,0.27360238960944894,0.038693221008337025,-1.5934399999999997,0.10847398950900904,0.015340538712835741,0.034601616,0.020782331254634166,0.0029390654718033896,6.123561616000001,1.3460867761320792,0.19036541749370625
SER  68,6.803119999999998,2.5913030593892357,0.3664655930807151,-3.338380000000001,0.3828279451659708,0.05414004721091394,5.980739999999998,2.3171890195665967,0.3277000138053096,-8.346919999999999,1.1477438188027826,0.16231548746807833,0.177559632,0.043340336657656346,0.006129249189907342,1.2761196319999997,1.576369046113809,0.22293224843192874
LYS  69,41.79744000000001,2.8935967802026377,0.409216381060169,-4.0149799999999995,0.6451128735345486,0.09123273750140379,18.07362000000001,5.651915197134473,0.7993015125170176,-65.28901999999998,5.048981122920181,0.7140337580199458,0.7255621439999999,0.10270493854607114,0.014524671701454907,-8.707377855999999,3.498919315121241,0.494821914909364
SER  70,6.5029999999999974,4.0446959292386895,0.5720063838804603,-3.57688,0.4154266067550336,0.05875019414436029,5.33176,2.967473811577787,0.41966417103202885,-6.08358,1.2672175991517773,0.17921163151983158,0.069233328,0.0340446076887547,0.004814634591910824,2.2435333279999994,1.5765810559016253,0.22296223114365732
ILE  71,13.45422,2.465505467769238,0.34867512706242776,-5.03812,0.8116485850415849,0.11478444368467416,4.82944,0.389757112058268,0.05511997939041728,-1.2621599999999995,0.11060820222750746,0.015642361969984704,0.2576064960000001,0.040756136112250874,0.005763788043986905,12.240986496000003,2.4717111866263344,0.34955274823962584
VAL  72,-13.232079999999998,1.9031353271903668,0.26914397907439747,-4.762899999999999,0.5170351342026912,0.07311980990128392,12.048880000000004,0.4805699383022769,0.06796285244158815,-0.4850800000000001,0.06987613040230448,0.009881977130108995,0.22029969599999993,0.031318560949782054,0.004429113364919018,-6.2108803040000025,1.9562074434309127,0.2766495097315196
HID  73,22.794079999999994,2.192327775128611,0.3100419672754115,-8.35206,0.6512109461610915,0.0920951352026831,3.4642799999999996,0.9296142864650921,0.13146731316947208,-3.2180600000000004,0.6801738721826917,0.09619111148125865,0.207376416,0.027169106230594715,0.0038422918508862402,14.895616416000003,2.1534353921874905,0.30454175373257736
PRO  74,24.001859999999997,1.9240681693744324,0.27210433000596956,-2.774360000000001,0.37145873310503447,0.052532197821906754,3.5525,0.4747194645261492,0.06713547050553736,-8.24656,0.4237653671549546,0.05992947294945509,0.514219104,0.04003206216961956,0.005661388525003889,17.047659103999997,1.8864769493651639,0.2667881286896437
SER  75,5.1029599999999995,4.379297879614953,0.6193262455023204,-1.9274799999999999,0.22534118487307248,0.0318680559808722,7.681579999999997,3.0498351371180763,0.43131182139143914,-8.54174,1.0333382565259115,0.14613609768979124,0.5038786080000001,0.04422071006628306,0.006253752791350595,2.8191986079999993,1.8551779077408317,0.26236177577420267
TYR  76,10.803040000000001,2.6966106649644384,0.38135833748326387,-9.91134,0.9844186428547724,0.1392178195778135,-9.140160000000002,2.3294990307789356,0.32944091228625505,-3.5049000000000006,1.741612428182573,0.24630119163333325,0.253379376,0.047432905461363355,0.0067080258206220905,-11.499980623999997,2.7009053212830936,0.38196569360442123
ASN  77,-56.21653999999999,1.5095565469373635,0.2134835341847917,-3.7267799999999993,0.5490400819612404,0.07764599301960219,-2.07932,2.5171324672333,0.35597628734509834,-7.2757200000000015,1.195328340498955,0.1690449550622547,0.46760774399999994,0.05441888804437031,0.007695992952161157,-68.83075225600001,1.9892086527759363,0.2813165855145642
SER  78,5.71734,1.9143608605484999,0.2707315092263918,-2.2802200000000004,0.23531887217135258,0.03327911405070675,6.343559999999999,1.9271257785624687,0.2725367412441853,-7.852319999999999,0.9695038409413387,0.1371085480632049,0.46659355200000013,0.05154574516577611,0.007289669189606798,2.3949535519999996,1.4757009518107844,0.20869563000576966
ASN  79,-59.97454,4.260139228757514,0.6024746674906534,-2.3512599999999986,0.26515820258857803,0.03749903262752398,6.0729999999999995,3.45294551940803,0.4883202383682247,-11.666919999999996,1.6843780079305573,0.23820702229783705,0.786475296,0.04087984488789107,0.0057812831068163985,-67.13324470399999,1.9672683610412467,0.27821375970120216
THR  80,-22.16662000000001,1.845171947434549,0.26094671929723146,-3.6463799999999997,0.6054520258451532,0.08562384663164814,16.153380000000002,1.9182788211310215,0.2712855925256563,-4.56564,2.0255486640414255,0.2864558391934088,0.399283056,0.06684306773526258,0.009453037294183179,-13.825976943999997,1.7223954971508388,0.24358350718410657
LEU  81,-13.874880000000001,2.6236276766339954,0.3710369842913209,-6.0738400000000015,0.5700032056049993,0.08061062639627298,8.706959999999999,0.5181654546571235,0.0732796613529325,-0.5522,0.08225326741230361,0.01163236863239807,0.27600105599999997,0.04115208847064836,0.005819784163516839,-11.517958944000002,2.355153114926708,0.3330689476594591
ASN  82,-56.066759999999995,2.580097103288819,0.36488083157105844,-4.45318,0.5657621298743887,0.08001084771454488,-5.747619999999999,2.0339588382265785,0.28764521743286514,-4.655539999999999,1.007647005850767,0.1425028061758796,0.2842932959999999,0.0555417298822033,0.007854786767707492,-70.638806704,2.6138807158282202,0.3696585558749763
ASN  83,-62.05627999999999,1.9782515010994821,0.27976701026398215,-5.278480000000001,0.7364336559392076,0.1041474464017229,2.1383800000000006,1.5053761907244303,0.21289234253960362,-3.9851200000000007,1.1013634756972845,0.15575631644334703,0.127179792,0.02821818393172617,0.003990653842178569,-69.054320208,1.9581527249979698,0.2769246140889962
ASP  84,21.848799999999997,1.7010007172250898,0.24055782839060838,-4.5679599999999985,1.1540974821911787,0.16321403116154065,-89.69348,3.130781137288428,0.44275931451751577,16.725120000000004,2.493785320672151,0.35267450221414937,0.0,0.0,0.0,-55.68751999999999,2.2135104087400506,0.31303764404941925
ILE  85,14.255900000000002,2.100788911337799,0.29709641700969247,-8.112,0.594080028279011,0.08401560331271692,3.665500000000002,0.6460118652161021,0.09135987412425514,-1.25998,0.10626033879110144,0.015027481226073554,0.000463824,0.0018530691292620463,0.00026206354946172876,8.549883824,2.1569331019048774,0.3050364045845347
MET  86,14.689259999999999,2.33626244082296,0.33039740290747005,-9.417899999999998,0.7047916074983086,0.09967258499708431,1.88756,0.7079540143257897,0.10011981685960082,-0.6078199999999999,0.5566085407178013,0.07871633472158117,8.510399999999999e-05,0.00033699904389181877,4.76588618378576e-05,6.551185104000001,2.454386482339639,0.34710266506299103
LEU  87,-12.76046,2.941034166479538,0.41592504056380136,-8.085280000000001,0.7432547622450802,0.10511209650653827,9.202419999999998,0.9150903800172167,0.12941332262174973,-0.8977200000000001,0.12638877165318085,0.017874071500360453,1.9152000000000002e-05,0.000134064,1.895951270259866e-05,-12.541020848,2.6790331221635335,0.3788724975410406
ILE  88,13.800440000000002,2.6693358361959416,0.3775010942076827,-7.532439999999999,0.9479490737376212,0.1340602436518757,4.369520000000001,0.6557882658297476,0.09274246595815615,-1.05758,0.12787792459998645,0.018084669529742487,0.00049104,0.0014443874759911205,0.00020426723578684857,9.580431040000004,2.6205169497356597,0.37059706107447443
LYS  89,42.180479999999996,2.294521024004824,0.3244942751297824,-7.2972399999999995,0.7443669675637158,0.10526938609111405,7.2005,7.632277141849609,1.0793669845793878,-56.007460000000016,6.552228003389211,0.9266249706153807,0.33535627199999996,0.04558577679727388,0.006446802379801747,-13.588363727999997,2.852817928123338,0.4034493804933138
LEU  90,-13.523019999999997,2.4767986312173274,0.3502722215534662,-8.80708,0.6090646546960385,0.08613474950332237,10.04484,0.4186161181798732,0.0592012591757955,-0.15732000000000002,0.11909213911925502,0.016842171831447386,2.7215999999999998e-05,0.000190512,2.6942465419482306e-05,-12.442552784,2.5794564221869276,0.3647902255807133
LYS  91,42.614180000000005,2.771771474634982,0.3919876811227665,-3.62058,0.38424883031702756,0.05434099071603384,29.190879999999993,2.4516567756520096,0.3467166262410964,-77.13116000000001,2.5695447251214465,0.3633884999390996,1.0336834080000001,0.04755041192685681,0.006724643744338827,-7.912996592000001,2.845218824429024,0.40237470494267596
SER  92,7.098700000000001,1.6564777601887681,0.2342613314228363,-2.354860000000001,0.21921614995249844,0.03100184523540374,4.1782400000000015,1.986546526613455,0.2809401040221913,-6.92568,1.738317478943361,0.2458352154431908,0.4218662879999999,0.05445641717507627,0.007701300372724001,2.418266288,1.4816950931973651,0.20954332961013808
ALA  93,9.590039999999998,1.1729024846081684,0.1658734601073972,-2.2052799999999997,0.21108624209077223,0.029852102639514055,0.50446,0.26424914077438344,0.037370471872857025,-1.2956599999999998,0.1268690048829914,0.017941986735030488,0.2552935680000001,0.038193568756372163,0.005401386293069081,6.848853568000002,1.2020400542786314,0.16999413472765318
ALA  94,9.676979999999999,1.3327050609943814,0.1884729571901517,-3.00002,0.35340166892644964,0.04997854331610715,0.45161999999999997,0.2998591596066395,0.04240648903175081,-1.07898,0.09637582476948998,0.01362959984739056,0.00111672,0.0034060347883132377,0.0004816860591547154,6.0507167200000005,1.3475991666074059,0.19057930180588734
SER  95,5.8394400000000015,4.83517767681809,0.6837973847039777,-1.7704799999999998,0.2671204402512111,0.037776534939033476,6.485840000000001,3.8958356297975376,0.5509543584436006,-8.157660000000003,0.8753730087225262,0.12379643810707382,0.5210621279999998,0.06500697623188288,0.00919337474359942,2.918202127999999,2.000692267434193,0.2829406138740415
LEU  96,-13.608920000000003,2.80008175480644,0.3959913593400723,-4.814319999999999,0.7337672775478699,0.10377036355337806,10.058859999999996,0.4701519333153022,0.06648952404704313,-1.296,0.1943454656018498,0.02748459932398498,0.43766308800000003,0.08596050974657754,0.012156651871211458,-9.222716912000001,2.751450895064413,0.3891139172003684
ASN  97,-58.95734,2.5917150121877714,0.36652385200418974,-3.77442,0.7848780310341222,0.11099851562971466,-2.0198400000000003,2.4447349170002046,0.3457377276028752,-2.67194,1.6310334075058055,0.2306629565578313,0.32082350400000004,0.05981149053289622,0.008458622109737182,-67.10271649600003,3.1431544020853854,0.4445091584061848
SER  98,6.898320000000001,2.580438927314498,0.36492917278836445,-1.5324400000000002,0.19176841867210398,0.027120149852093132,5.512600000000001,2.529578399654772,0.3577364079877807,-8.158999999999999,0.8384150762003348,0.11856979716605855,0.5635278719999999,0.0452222050010988,0.006395385563297033,3.283007871999999,1.4348446633179681,0.20291767827629278
ARG  99,-274.11112,3.038371666795668,0.42969064187125805,-7.13,0.8605787122628513,0.12170420863716977,141.165,8.00562460523882,1.1321662891996493,-26.149740000000005,8.093246940035867,1.1445579586233274,0.612843552,0.1529647109520706,0.021632476879289854,-165.61301644800002,3.181011451490607,0.4498629536762141
VAL 100,-11.53962,2.0136008233013873,0.2847661593518452,-6.30992,0.5808144226859413,0.08213956337843577,10.66666,0.5688626762233453,0.08044933118429097,-0.1392,0.19464028360028665,0.02752629288516709,0.00912384,0.008300874223261066,0.001173920890608903,-7.312956159999999,2.176330577442522,0.3077796218826484
ALA 101,9.115,1.5427394336050375,0.21817630302120308,-2.4787,0.28863757551642466,0.040819517390581615,0.9442999999999999,0.2171945901720399,0.030715953509536497,-1.22018,0.13121992074376307,0.018557299156935235,0.20221056,0.04124822570520089,0.005833380021612162,6.56263056,1.531661221499528,0.21660960724055736
SER 102,5.691040000000002,3.402247656829229,0.4811504778839979,-3.5054800000000004,0.5956560497468332,0.08423848640615544,6.514680000000001,2.434524951114692,0.34429382038020934,-6.837420000000002,2.364280187202856,0.33435971059922787,0.19378540800000002,0.05134196878140074,0.007260850856959297,2.056605408,1.6597536449802521,0.23472461149292514
ILE 103,14.976780000000003,1.9481013966423615,0.27550314160095957,-7.119239999999998,0.8172449463900292,0.11557588869656522,3.8956399999999998,0.6680930701631357,0.09448262807521862,-1.3102200000000002,0.14067399048864893,0.01989430652221911,0.06360019200000001,0.03613924971761222,0.005110861708463524,10.506560192,2.0970462439101176,0.29656712390612455
SER 104,5.704000000000001,2.511212280951174,0.3551390465719025,-2.1772200000000006,0.4671494959860257,0.06606491528791932,4.30124,1.8970442752872192,0.26828257425334245,-6.19692,1.4413447032545654,0.20383692273972304,0.3570408,0.04743470661004254,0.006708280541511086,1.9881407999999994,1.8130931608186012,0.25641009378755686
LEU 105,-13.013260000000004,2.158184513057182,0.3052133808469041,-5.93598,0.5847674577129068,0.08269860695320282,10.997499999999997,0.49222894063638695,0.06961168436405195,-1.3331399999999995,0.24719522730020804,0.034958684300185415,0.152515152,0.0533012795073223,0.0075379392371094315,-9.132364848000002,2.109029820953841,0.2982618576242222
PRO 106,23.7059,1.6862212695847902,0.23846769886087893,-5.492219999999998,0.6231722487402857,0.08812986458630519,7.26912,0.7543455081062036,0.10668056482790166,-10.541160000000001,0.5998670972806693,0.08483401845957034,0.003965327999999999,0.007042448460785213,0.0009959526125555974,14.945605328000001,1.8332962895277973,0.2592672476498483
THR 107,-19.496619999999997,2.3104925872203257,0.3267529952609486,-1.6918799999999998,0.240757524493006,0.03404825563813817,14.321999999999997,2.4092372651941227,0.34071760154121933,-5.535260000000001,1.5068907168072887,0.21310652887229825,0.7523376479999999,0.05374812317840508,0.007601132475100016,-11.649422351999997,1.966789101239442,0.27814598213004094
SER 108,1.38144,2.20228848391849,0.311450624221561,-1.4971999999999996,0.23787542958448005,0.03364066586736979,10.020360000000004,1.9434431996845076,0.2748443730695594,-8.974379999999998,0.6079227217336265,0.08597325579504597,0.5353781760000001,0.024600912327555135,0.0034790943860379935,1.465598176,1.4722819389158819,0.2082121085651797
CYX 109,11.74358,1.8801518990762436,0.26589363149951545,-2.8080999999999987,0.2463134791277322,0.034833986277774114,0.89334,0.5441379093575452,0.07695272112147823,-2.40832,0.3585628781678349,0.05070844852684838,0.28427616,0.043391166629165534,0.006136437633415675,7.7047761600000015,1.8390733881380121,0.2600842527704216
ALA 110,9.746559999999999,1.4148374628910594,0.20008823285740768,-2.6971799999999995,0.28641450312441147,0.04050512747788939,1.1803600000000005,0.25856115408158087,0.03656606908050112,-1.8823199999999998,0.12999160588284442,0.018383589203417677,0.01592784,0.01411321638023027,0.0019959102013627768,6.363347840000002,1.42286220715956,0.2012231030753166
SER 111,4.266500000000001,2.940392404084869,0.41583428165556513,-1.69182,0.2214993173804366,0.0313247338695796,8.484639999999999,2.681249378629305,0.3791859235361997,-8.768700000000003,0.8561886766361441,0.12108336384491072,0.5236680959999999,0.027230013742201683,0.0038509054737827374,2.8142880960000003,1.3282615987558168,0.18784455673398462
ALA 112,9.43848,1.5185514181614028,0.2147556010724753,-2.1229399999999994,0.2377718578806196,0.03362601861654203,1.0086199999999999,0.2677557013398595,0.037866374423754914,-1.6450399999999998,0.13794824536760197,0.019508827950443418,0.235272096,0.036644757860392424,0.005182351355604504,6.914392095999999,1.486071565732827,0.21016225629163843
GLY 113,3.03496,0.5680929487328641,0.08034047527865397,-0.6779200000000002,0.07604757458328192,0.010754751136125675,-1.2089600000000003,0.09336186801900932,0.01320336199609699,1.04702,0.09235615626475444,0.013061132875826461,0.022217760000000003,0.0084730750230126,0.0011982737612549143,2.2173177600000007,0.5731088200964471,0.08104982660960378
THR 114,-18.984960000000004,1.464700173550794,0.2071398850245759,-3.4156000000000004,0.6979281911486273,0.09870195134849105,10.994240000000001,1.400411975955636,0.1980481609306165,-1.4977600000000002,1.0799998807407338,0.15273504787048708,0.21718713599999998,0.05406701638554057,0.007646230784947982,-12.686892864,1.4510283362562602,0.20520639525212708
GLN 115,-42.887519999999995,2.011282598144894,0.28443831280615045,-5.29906,0.5395358527475236,0.07630189203420809,6.576920000000001,2.627700240438391,0.3716129317879015,-10.348339999999999,2.1285321384465856,0.30101990181381677,0.5882901119999999,0.07293845861939428,0.010315055739813617,-51.36970988799999,2.1899751707000963,0.309709258766441
CYX 116,11.53054,1.1844277641122734,0.16750338076588178,-4.825100000000001,0.41483400294574874,0.05866638730993983,0.80128,0.3577531014540617,0.05059392880573719,-1.6859799999999998,0.20149267877518576,0.028495367904275315,0.0007372799999999999,0.0012112223406129858,0.00017129270611441688,5.821477280000002,1.3114370951216645,0.18546521261202326
LEU 117,-8.7004,2.800402492499961,0.3960367184996864,-6.177999999999998,0.551501659109041,0.07799411259832692,7.1333,0.6925013573993872,0.09793448115959913,-1.4439800000000003,0.23595079910862596,0.03336848201521884,0.24096686399999995,0.051656421468831294,0.007305321182488193,-8.948113136,2.766596789640516,0.3912558701527482
ILE 118,13.23252,2.822888699470826,0.399216748386139,-7.458279999999999,0.6924423742088625,0.0979261396767999,4.47884,0.43742342689892477,0.061861014282017554,-1.1507399999999999,0.10887181637136346,0.015396799927257537,0.0016037279999999998,0.0026845426890284314,0.00037965166795935455,9.103943727999997,2.571881983306865,0.36371903816155826
SER 119,0.9139399999999998,1.9767570656001208,0.2795556651688533,-4.332599999999999,0.5323307994095468,0.07528294361938925,7.569399999999998,1.784279103727892,0.25233517075508954,-5.717319999999998,1.285573450877092,0.18180754096571652,0.00237456,0.0035093571103551146,0.0004962980420674658,-1.5642054399999998,1.6010217872586647,0.22641867251960157
GLY 120,2.81346,0.4810368056604394,0.06802887745656241,-1.4948400000000002,0.0737841066897174,0.010434648436818175,-1.06912,0.0789834514312932,0.01116994682171715,0.61852,0.06662409173864922,0.0094220694117587,5.4431999999999997e-05,0.0002666612513583479,3.771159582303565e-05,0.8680744320000001,0.493684065145861,0.06981747004567591
TRP 121,46.63027999999999,2.9787984963068714,0.4212657233053759,-15.647160000000001,0.7424909524027694,0.10500407748273126,-17.76712,1.2963939006335898,0.18333778364537812,-1.42464,0.4889963091885256,0.06915452124048002,0.001209456,0.002050581483595324,0.00028999601448516496,11.792569456,3.0772073558361317,0.4351828376857708
GLY 122,3.0524,0.4775760044223293,0.06753944625180112,-1.3243400000000007,0.19408849631031072,0.027448258378264184,-1.01924,0.08001413875059953,0.011315708020270047,0.5775399999999999,0.05899837624884247,0.00834363038491037,0.0,0.0,0.0,1.2863600000000002,0.5030927850804455,0.07114806397928188
ASN 123,-55.80543999999999,2.329886625224437,0.3294957264184079,-6.303360000000002,0.8359920037894887,0.11822712297945547,-12.488959999999997,2.414174724082755,0.3414158636736157,0.91968,0.8789906811792717,0.12430805425232912,0.024788016000000003,0.02233906949825224,0.003159221505522345,-73.653291984,2.706946504292326,0.3828200458988647
THR 124,-20.50964,2.12137854952859,0.3000082315670697,-4.6484,0.6036950223415805,0.08537536881325916,14.697379999999999,2.5233494557036646,0.356855502286289,-2.5037000000000003,2.9592420600552427,0.4185000255675021,0.21913632000000008,0.04194928441371047,0.005932524694971564,-12.745223679999999,2.081559144219851,0.29437691726374465
LYS 125,43.56103999999999,2.78944174314508,0.394486634460542,-5.389219999999999,0.6247755209673373,0.08835660151907244,30.86245999999999,2.885625389478042,0.4080890561727991,-78.86798,3.0801217540218486,0.4355949958298104,0.8328024000000004,0.06701812827122562,0.009477794592602702,-9.000897599999997,2.6107857781620165,0.36922086559275186
SER 126,2.497020000000001,2.0631197492147653,0.29176919301392995,-1.8676400000000006,0.643301010725148,0.09097650140558242,6.773860000000001,1.6188805392616175,0.2289442814485649,-3.9616799999999994,1.51995251820575,0.21495374654097102,0.24231643199999997,0.04526931021836958,0.006402047247009319,3.6838764319999995,1.6400268511398868,0.23193482155380687
SER 127,4.623279999999999,4.382643649853362,0.6197994088670946,-1.2722000000000002,0.14008697298464148,0.019811289710667337,7.7522,3.9320004984740273,0.556068843219974,-9.175060000000004,0.8315557566392853,0.1175997428908698,0.609969168,0.04433635099426603,0.006270106888222487,2.538189168,1.6343778047249573,0.23113592574836006
GLY 128,2.9203400000000004,0.5501741400683918,0.07780637305516745,-0.48748000000000014,0.07326369906031101,0.01036105168407128,-1.5886999999999998,0.15661522914454992,0.022148738113039253,1.4041399999999995,0.13786254168555342,0.019496707619493583,0.018721152000000008,0.006618394206036362,0.0009359822847308135,2.2670211520000008,0.5817622125393371,0.08227360110493095
THR 129,-19.469680000000004,1.8914698881028216,0.26749423685753304,-3.0887800000000003,0.522110689030588,0.07383760174870191,14.75248,1.7070338161852654,0.24141103742787032,-6.1141200000000016,0.996057862576249,0.14086385381636876,0.443598624,0.07902541073566226,0.011175880763447795,-13.476501376000002,2.5513608742729312,0.36081691509048563
SER 130,1.5626799999999996,2.6348019010164703,0.37261725825839054,-2.4374399999999996,0.30518919771184505,0.04316027024938552,11.269,3.0475411071878895,0.43098739656746315,-9.147820000000001,1.5788047845126305,0.2232767138597294,0.352012464,0.040972668874233044,0.005794410400856234,1.598432464,1.4204280737597799,0.20087886462865717
TYR 131,11.33992,2.4635313421184626,0.3483959435355123,-7.3649000000000004,0.47307687535958787,0.06690317331786154,-5.327899999999999,1.0706694214368941,0.15141552166142105,-7.767680000000001,0.716548656826589,0.10133528285843867,0.7152750719999998,0.06953692205101798,0.009834005825023036,-8.405284928,2.777516173313304,0.39280010420102945
PRO 132,23.59258000000001,1.8794194113075555,0.26579004208584034,-5.120519999999999,0.5451894437716134,0.07710143054444596,2.330779999999999,0.7766529029109491,0.10983530685530989,-5.956979999999998,0.581366992183088,0.0822177085061376,0.02452492800000001,0.02051968024475078,0.0029019210097685822,14.870384928000004,1.797617626193363,0.25422152269235826
ASP 133,11.86236,2.339680429118472,0.33088077944782457,-3.5340399999999987,0.5363819892576627,0.07585586838208463,-34.50049999999999,3.9501675369534284,0.5586380504405463,-26.197359999999993,3.476297390960735,0.49162269171388767,0.4388356799999999,0.05571252678211657,0.007878941096934353,-51.93070431999999,1.7472842492690577,0.2471033082637193
VAL 134,-13.553840000000003,2.145898929213561,0.303475936917572,-4.15864,0.5587483068430675,0.07901894334904697,12.61764,0.8652594468712597,0.12236616447367779,-0.3312799999999999,0.16295410887731562,0.023045191081872172,0.3117705119999999,0.03396918225733899,0.004803967825105231,-5.114349487999999,2.111452849017973,0.2986045255392529
LEU 135,-9.543259999999998,2.179469383221531,0.30822351605288134,-8.84796,0.6174346592150378,0.08731844689411165,5.526820000000002,0.5464892200217659,0.07728524666454757,0.25906000000000007,0.14671828924847763,0.02074909945033757,0.0006330239999999999,0.0013900079450938402,0.0001965768087758065,-12.604706976000003,2.1704860429687973,0.30695307989079856
LYS 136,42.97792000000001,2.7898525684340605,0.39454473393008616,-8.00362,0.8261998520939119,0.11684230360618553,22.16050000000001,4.1228787382118774,0.583063102759891,-63.95803999999999,4.414741614001911,0.624338746489439,0.301018896,0.0509667020948894,0.0072077801332021815,-6.522221104,3.3176568060341225,0.46918752503928607
CYX 137,9.452860000000001,1.1841526930256716,0.1674644798397529,-4.99956,0.4255445997777375,0.06018109444003071,2.8722399999999992,0.5459566854614052,0.07720993490477812,-2.85204,0.3836647474032446,0.054258388918211616,0.014713200000000003,0.022141606618779945,0.0031312960373008486,4.4882132,1.3576607526151963,0.1920022249450074
LEU 138,-9.59768,2.6630894422831517,0.37661772070894345,-7.976759999999998,0.6710860320406142,0.0949058968030982,6.50312,0.5520225951897298,0.07806778408537088,-0.21573999999999993,0.19765027801650073,0.02795197037777481,0.019189152000000004,0.014393500847288535,0.002035548410826408,-11.267870847999998,2.765368291640899,0.39108213429950756
LYS 139,42.90754,3.0040735490996378,0.4248401555502985,-4.741760000000001,0.5116170270817706,0.0723535738440043,41.50664,2.438721720574189,0.34488733320898673,-88.04849999999999,2.520718002872209,0.35648335865799,0.8968059359999995,0.0758472132245876,0.010726415761041575,-7.479274064,3.2571892308847628,0.4606361185532822
ALA 140,6.347179999999998,1.3847638743121622,0.19583518517365717,-3.3131600000000003,0.33481023640264673,0.04734931771419651,4.455559999999999,0.3251034395388702,0.04597656933700118,-1.5676999999999994,0.10324461245025121,0.014600993116909936,0.00043070399999999996,0.0010791401601200838,0.00015261346501432957,5.922310704000003,1.3205207948534632,0.18674984174774673
PRO 141,23.926440000000003,1.902075489143283,0.26899409534038693,-4.942620000000001,0.40685181036834417,0.057537534809895895,3.3147999999999986,0.9706657715197393,0.13727286986145593,-7.975239999999998,0.7868373290585844,0.11127560221360717,0.23466225599999999,0.030786287643768756,0.004353838552093701,14.558042255999997,2.0067899390420476,0.283802954862714
ILE 142,12.396279999999999,2.3849234708057367,0.3372791117635387,-7.153080000000001,0.9112573695723912,0.12887125308617073,5.03516,0.36758228248923647,0.051983984918433646,-1.4086400000000003,0.1203552674376968,0.017020805151343174,0.03258835200000001,0.02234932678884301,0.003160672105469012,8.902308351999999,2.3990571165983225,0.3392779111201039
LEU 143,-12.36702,2.525172061385121,0.3571132576536464,-7.118680000000001,0.8089279433917373,0.11439968685271702,9.3158,0.5719556276495785,0.080886740569765,-0.66926,0.1599455919992797,0.022619722544717495,0.058494959999999985,0.043141263924294126,0.006101096053965389,-10.78066504,2.3179423918916044,0.32780655674126385
SER 144,5.20032,4.031160450490653,0.5700921781185916,-2.3653399999999998,0.42939262266601746,0.06072528705572347,6.312439999999999,3.004538488087648,0.4249059078525505,-7.739379999999998,1.0751437278801568,0.1520482841468486,0.34978982399999997,0.04988526473272322,0.007054841794758943,1.757829824,2.129287007804146,0.3011266564621449
ASP 145,19.819860000000002,3.4203254290198637,0.4837070609449466,-2.2862999999999998,0.6091213097569337,0.08614276173887186,-89.81922,10.602365110276008,1.4994008532183645,20.369539999999994,8.188734207946938,1.1580618975547063,0.579331728,0.06784385054951685,0.009594569357074008,-51.33678827199998,2.205693193089694,0.3119321228101463
SER 146,6.421700000000002,2.3383311420754707,0.3306899614442499,-1.9753799999999992,0.3313495368942037,0.04685990089618271,4.8973999999999975,2.415483752791564,0.34160098828896895,-7.464200000000003,1.2434007399064662,0.17584341898404657,0.5214245759999998,0.03215999010469347,0.004548109417184204,2.400944576,1.1052659288245947,0.15630820665726378
SER 147,7.2490799999999975,2.535623046432579,0.3585912501330737,-3.0285399999999987,0.5156806845325923,0.07292826179198335,4.31514,2.074087674231733,0.2933202918449387,-6.46464,1.4249036565326112,0.2015118076143433,0.18621907199999996,0.06121248639877021,0.008656752845171945,2.257259072,1.537354904707875,0.21741481564186738
CYX 148,8.528119999999996,1.4116342534807182,0.19963523063828512,-4.80772,0.35817398230469133,0.05065345034644754,3.5693200000000003,0.4276864009996096,0.06048399087361859,-1.9169200000000004,0.23381700879105896,0.033066718494582474,0.009724320000000002,0.010352830102112177,0.0014641112739351475,5.382524319999999,1.4662686933366362,0.20736170721997474
LYS 149,42.73950000000001,2.557646693739952,0.36170586420457457,-4.658420000000001,0.7515938554831277,0.10629142238205232,13.49312,8.27073068510878,1.1696579505616158,-60.84768,6.881207755735927,0.9731497333668675,0.7660139039999998,0.055857227723868176,0.007899404900365682,-8.507466096000003,3.158832466203421,0.44672637149693295
SER 150,5.277460000000001,3.0260181639243315,0.4279435927409121,-2.1448800000000006,0.4343927550040375,0.0614324125523323,6.715139999999999,3.327445073986949,0.470571795168389,-7.489040000000001,1.7131397603231293,0.24227454832895629,0.4564926719999998,0.027384784950884446,0.0038727934280211413,2.8151726720000005,1.8858821208370578,0.2667040072324703
ALA 151,9.459599999999998,1.3625993394978797,0.19270064659985228,-3.1751599999999995,0.30047038855768143,0.04249292985897867,0.39458000000000004,0.2833118486756245,0.04006634587780621,-1.19586,0.09628167219154464,0.01361628466212429,0.009172944,0.009581365635527325,0.0013550097227818252,5.492332944,1.38835356496008,0.1963428440935581
TYR 152,9.743179999999997,2.140488408658183,0.3027107737626806,-9.618199999999998,0.8949343216125033,0.12656282550575673,-11.40166,0.9774464816039785,0.13823180707782104,-1.8154800000000002,0.3912450505757219,0.05533040567355334,0.05541696,0.025921142694811862,0.0036658031551211213,-13.036743040000001,2.469751273953277,0.34927557473129534
PRO 153,23.780400000000004,1.786986379354886,0.2527180373459672,-2.4482600000000003,0.2965436096091093,0.04193759945442748,2.31916,0.5377494345882649,0.07604925435531877,-7.354899999999998,0.5095404301917776,0.07205989869546332,0.657235296,0.050405326781270215,0.0071283896749920125,16.953635296000005,1.8067638769100118,0.2555149978731932
GLY 154,3.3088599999999997,0.736956226922605,0.10422134909892522,-0.3932200000000001,0.029876606232969272,0.004225190173234569,-1.1818800000000003,0.0630449490443052,0.008915902197757711,1.0347999999999995,0.059674785294973755,0.008439289069585442,0.022108464000000005,0.007153686067189679,0.0010116839857179092,2.790668464,0.7353513399733957,0.10399438380996048
GLN 155,-41.09188,2.0344569854387093,0.2877156660872105,-4.4243,0.7248064362297006,0.10250310922113524,1.8122200000000004,0.8556877535643465,0.12101252262472655,-7.7170200000000015,1.0626498480684978,0.15028138271921784,0.548309232,0.12474631056793829,0.01764179242611845,-50.872670768000006,2.1622106794182225,0.3057827667541195
ILE 156,13.230959999999998,2.2345916849393395,0.316018986720736,-6.822700000000001,0.9001441940044858,0.12729961272525422,5.280219999999999,0.31732905886479196,0.0448771058781679,-1.4471,0.12715710754810572,0.017982730604666534,0.04045521600000001,0.022801069736302807,0.003224558205769416,10.281835216,2.581762745217495,0.3651163889116175
THR 157,-23.933180000000004,3.04445419535255,0.43055084130912447,-4.08386,0.6853190792616252,0.09691875364448324,16.584499999999995,2.053737775374498,0.2904423815492564,-3.8556600000000003,1.5009979961345685,0.21227317232283452,0.22939012799999994,0.09076010587559956,0.012835417265169092,-15.058809872000005,2.469592911477851,0.3492531788952435
SER 158,5.625239999999999,2.8782609927523968,0.4070475731999888,-1.8369600000000004,0.20149054171350075,0.02849506567811346,7.171720000000001,2.435399228381247,0.34441746185697303,-8.888140000000003,1.1294396488524538,0.15972688692890463,0.5238011520000001,0.04696383009693284,0.006641688546406817,2.595661152,1.6106169368077374,0.22777563158213124
ASN 159,-64.24105999999998,2.310184853297146,0.32670947511217224,-5.150100000000001,0.6253518129820828,0.08843810151738647,3.4445799999999998,2.4735054080393666,0.34980648946524684,-4.923499999999999,1.332129742179795,0.18839159482312406,0.1888956,0.04193879731082417,0.005931041594658383,-70.6811844,2.547935187401644,0.3603324498071038
MET 160,14.55728,2.1382113743968105,0.3023887524892385,-8.909460000000001,0.6329566244222177,0.08951358426517936,1.6760800000000002,0.8845997702916262,0.12510129924185423,-1.4795400000000003,0.4877232908115005,0.06897448925508612,0.006460415999999999,0.006258666922575766,0.0008851091644282529,5.8508204159999995,2.5654552783044444,0.3628101648239788
PHE 161,20.77152,2.031017077623928,0.2872291896587128,-9.723520000000002,0.7429678119541567,0.10507151560722318,1.9645200000000003,0.6722724816620101,0.09507368611766326,-3.0507999999999997,0.31675523673650746,0.044795955174546924,0.11391508800000003,0.032068106122317974,0.004535115059780176,10.075635087999997,2.146449671353979,0.303553823618007
CYX 162,11.218600000000002,1.6327452220110676,0.23090504368679218,-4.851219999999997,0.48367709435121786,0.06840227066407034,0.7120000000000001,0.4394513397408181,0.062147804466449165,-1.2913,0.2143616803442248,0.03031531955958888,0.001329408,0.0023077134494421093,0.00032635996582718285,5.789409407999999,1.7167826464372542,0.24278973022383388
ALA 163,9.766759999999996,1.3386658367195663,0.18931593817743378,-3.4737199999999997,0.3132425922507979,0.04429919222739838,0.8445000000000001,0.26905822789872064,0.03805057949624418,-1.3646,0.10005398542786949,0.014149770316157304,0.000585936,0.0011650035106831225,0.00016475637650203406,5.773525936000001,1.2985696817566148,0.18364548556267185
GLY 164,2.9738399999999983,0.49634477372086017,0.07019375106090454,-1.3171000000000004,0.07887591520862786,0.011154738903263179,-1.1547000000000003,0.08706623915157564,0.012313025623297762,0.8892399999999999,0.07416672029960758,0.010488758172443697,0.0005706719999999999,0.0012177069557229275,0.0001722097691779418,1.391850672,0.4826153060501813,0.06825211112250085
TYR 165,10.547120000000001,2.4197218157465885,0.34220034089988766,-8.66812,0.8151456223277029,0.11527899944048943,-8.417440000000001,1.9338872786178651,0.2734929617522181,-5.408979999999999,1.6888022677625731,0.238832707123627,0.3313438559999999,0.0713657786630098,0.01009264520745449,-11.616076144,2.876055513765197,0.4067356713704661
LEU 166,-12.314940000000002,2.3365892613807713,0.33044362231400193,-4.588099999999999,0.5963859237104829,0.08434170617197709,8.422740000000001,0.961633231746889,0.13599547583651198,-1.1374799999999998,0.1986691964044767,0.028096067198097506,0.479747808,0.07020492079875841,0.009928475113893312,-9.138032191999997,2.2646056391055995,0.32026360082497296
GLU 167,23.305899999999998,2.270213322575671,0.32105664702666,-2.9770800000000004,0.6522598206236501,0.09224346845170081,-67.65590000000002,5.339586217114256,0.755131524570343,3.3902000000000005,5.695936021410352,0.8055269971887967,0.7561470239999999,0.04480338829909548,0.0063361559372848856,-43.18073297599999,2.4046653446529533,0.34007103433767794
GLY 168,2.7953200000000002,0.4499975306598891,0.06363926108936178,-1.1178000000000003,0.1883407550160065,0.026635405009122492,-1.2135999999999998,0.11685135857147906,0.01652527760735073,0.9552199999999997,0.10223253689506381,0.014457864019280706,0.0,0.0,0.0,1.41914,0.5208053767003565,0.07365300270864729
GLY 169,3.6616400000000002,0.802709281371531,0.11352023523583799,-0.6432999999999999,0.06544990450718996,0.0092560142610092,-1.6235800000000002,0.10407614327981062,0.014718589334579361,1.2618600000000002,0.09900545641528537,0.01400148592114349,0.019179072,0.007183385487053871,0.0010158841179545644,2.675799072,0.8172485737997806,0.11557640168977189
LYS 170,42.278279999999974,3.053273299526665,0.4317980509822259,-5.8001,0.8170667353405163,0.11555068584824664,27.23971999999999,4.695400984112066,0.6640299752511261,-73.39664,5.1792402058988785,0.7324551741970214,0.6319517759999999,0.07349846582649999,0.010394252718545174,-9.046788224,3.3170952485961727,0.469108108824806
ASP 171,20.298199999999998,2.206049047505496,0.3119824482242521,-4.911999999999999,0.8945486683238677,0.12650828589464053,-84.30142,3.0845315047188198,0.4362186287540445,18.97632,2.425301601368368,0.3429894417500332,0.008566703999999998,0.004655129070131575,0.0006583346665577328,-49.93033329600001,2.42926171759016,0.3435494867569764
SER 172,8.944480000000002,1.258224196874286,0.17793977237256103,-3.70156,0.725379077724189,0.10258409295792355,-0.51612,1.0084640328737562,0.14261835124555328,-2.72574,0.6186993715852619,0.08749730423275884,0.019938096000000006,0.01016179092359136,0.0014370942542142721,2.020998096,1.596010489188356,0.2257099679499891
CYX 173,9.70284,1.445539530555985,0.2044301609058711,-4.2053400000000005,0.4970273074992882,0.07029027591352761,2.1177799999999998,0.4424807923514872,0.06257623376330664,-0.71312,0.19965105960149565,0.02823492362305943,0.004854384,0.005498075631322653,0.0007775453124769513,6.907014384000002,1.608314287139409,0.22744998774309683
GLN 174,-41.315459999999995,2.338844742260632,0.33076259547899917,-3.987320000000001,0.8116164473444304,0.11477989872795624,1.5103600000000004,2.1185110220152263,0.29960270193708194,-7.266180000000002,1.65793667780165,0.23446765353028856,0.6921401759999999,0.12492293574861359,0.01766677099871521,-50.366459824,2.0525252235875056,0.29027090083103196
GLY 175,3.22028,0.5158486615277805,0.07295201732645955,-1.2947,0.11528282612774507,0.016303453621855646,-1.1715599999999995,0.07379733328516021,0.0104365189598841,0.7029599999999998,0.06653479089920133,0.00940944036593085,0.00841896,0.006495206198297326,0.000918560869604187,1.46539896,0.5401465104043149,0.07638825206822822
ASP 176,11.583059999999998,2.15540124719275,0.3048197676135871,-4.711780000000001,0.8337783947788472,0.11791407139099143,-94.76853999999999,3.044346814737946,0.4305356553969735,22.073719999999998,2.0459454346585515,0.289340378156944,1.9152000000000002e-05,0.000134064,1.895951270259866e-05,-65.823520848,2.967127759484837,0.4196152318757151
SER 177,10.939400000000003,2.096041764851063,0.2964250691152811,-3.9297200000000005,0.3348049008004497,0.04734856314609747,-2.4800000000000004,1.9256634181497037,0.2723299322513043,-5.311940000000001,0.9133671859662963,0.1291696261820085,0.11352340799999996,0.025354244225469322,0.003585631604737844,-0.6687365920000002,1.7095629234258691,0.2417687072039061
GLY 178,3.14658,0.6422214287922842,0.09082382546446752,-1.7287800000000002,0.08717299811294352,0.012328123620404894,-0.9566600000000003,0.0769536509855083,0.010882889689783152,0.43548000000000003,0.06860123614046594,0.009701679854540625,0.0,0.0,0.0,0.89662,0.6308352206400651,0.08921357246518039
GLY 179,3.77084,0.6617986509505746,0.09359246277345205,-1.4533400000000003,0.07433535094421376,0.010512606146907074,-1.1325400000000003,0.08121532121465277,0.01148558087342493,0.48490000000000016,0.07459899463129407,0.010549890994697378,0.0,0.0,0.0,1.66986,0.6699636112506415,0.09474716253271132
PRO 180,24.20998,2.1604711105682357,0.30553675456808616,-6.068600000000003,0.44699123033899824,0.06321410602072473,2.7148400000000006,0.787952774219367,0.1114333499810534,-5.7948999999999975,0.6127483088512259,0.08665569686985816,0.004160447999999998,0.00441297823326787,0.0006240893667944682,15.065480447999995,2.1568240468712983,0.3050209818737814
VAL 181,-12.909700000000004,1.6669552633468843,0.2357430741294378,-6.675960000000001,0.5277685083442989,0.07463773822939254,12.864440000000002,0.6114083793995031,0.0864662022295332,-0.03755999999999998,0.17443762896806414,0.02466920606748422,0.00047995199999999996,0.001327543809934723,0.00018774304606541356,-6.758300048000001,1.8273368876421474,0.2584244609528165
VAL 182,-12.974099999999998,2.939928170891262,0.4157686291677149,-6.10426,0.5804254580908658,0.08208455547787188,12.865119999999996,0.4991841600052135,0.0705953009201194,-0.5758600000000001,0.16617220104457867,0.023500298040663174,0.05131987200000001,0.024446506852497652,0.0034572581543448984,-6.737780127999998,2.8789559254381993,0.4071458515229086
CYX 183,12.69274,1.7549110497116418,0.24818190072606086,-4.358720000000001,0.2929808212153093,0.041433745087789735,1.8970000000000005,0.41697146185320516,0.05896866964753383,-3.278740000000001,0.3243334586501911,0.04586767759544736,0.012449375999999998,0.012271541764628602,0.0017354580794765632,6.964729376,1.6637324503316968,0.23528729954193073
SER 184,10.400260000000001,1.7626561639752445,0.24927722528943247,-1.3865399999999999,0.25783748447423244,0.03646372674316218,2.5907599999999995,1.1650891392507283,0.16476848621019755,-8.89558,0.6408273430495942,0.09062667196802521,0.48795278399999986,0.06808780535119614,0.009629069775988097,3.1968527839999994,1.4256924447924764,0.2016233591198375
GLY 185,3.5258,0.6708144005609873,0.09486748231085261,-0.63568,0.05394383746082608,0.007628810654355007,-2.063639999999999,0.09959593566006664,0.01408499229677044,1.7168400000000004,0.09832850248020467,0.013905750177534195,0.016801200000000002,0.007336202672445731,0.0010374957315690497,2.5601211999999998,0.6706421667369658,0.09484312476986954
LYS 186,44.13402000000001,2.8801307434905974,0.40731199588521083,-5.77696,0.7407090646130925,0.10475208049485245,35.298460000000006,4.091801105674585,0.5786680618178224,-82.00052,3.6150766533508425,0.5112490432187101,0.584546544,0.06381555779627454,0.009024882732589555,-7.760453456000001,3.2952612220157658,0.4660203111736834
LEU 187,-9.93796,2.1300842514792695,0.30123940374393254,-8.181179999999998,0.539618965196786,0.07631364590950299,6.756059999999999,0.5868753329285643,0.0829967055249801,-0.4796999999999999,0.1648685840298267,0.023315938754422918,0.0004367519999999999,0.0013676358664849353,0.00019341291907708748,-11.842343247999997,2.1175566018524834,0.2994677265432466
GLN 188,-42.081840000000014,1.9755342200022294,0.27938272868593067,-7.81406,0.7031392012965904,0.09943889947098238,0.17131999999999992,1.4426740649224963,0.20402492286973173,-4.582400000000001,0.7939089368435108,0.1122756785773298,0.072770112,0.02453491168203089,0.003469760485235417,-54.234209888,2.290960688591203,0.32399076766692836
GLY 189,3.2513399999999995,0.7095039002007005,0.10033900382204376,-1.3549400000000003,0.17539719610073384,0.024804909352787112,-1.5306600000000006,0.07761768097539244,0.010976797711534815,0.9051,0.06781187211690991,0.009590046923764391,0.0,0.0,0.0,1.2708400000000006,0.6804471576838267,0.09622975988746917
ILE 190,13.28376,2.728102010995923,0.3858118863487749,-8.35088,0.9216911986126359,0.13034681933979037,4.5865,0.40813004055079877,0.057718303855882086,-1.0614599999999996,0.10934847232586585,0.015464209258801855,0.001069056,0.0022482173756254087,0.00031794595037722996,8.458989056000002,2.50638623079411,0.35445654001342125
VAL 191,-12.80576,2.3375262442163094,0.3305761316973748,-6.472540000000001,0.5621519442285842,0.07950029036424675,12.38618,0.47734912548362524,0.06750736072458792,0.16296,0.11932459260353664,0.01687504571845658,0.04916635199999998,0.01203805778929878,0.0017024384590257414,-6.679993647999998,2.4384348567464356,0.3448467645374104
SER 192,1.5698199999999993,1.6371567388616168,0.2315289263828606,-3.252319999999999,1.1147849557650136,0.1576544003572373,3.5814799999999996,1.167527031635675,0.16511325625763731,-1.0517400000000001,0.41115908405384854,0.058146675296185196,0.002347776,0.003007568101078345,0.00042533435983056907,0.8495877760000002,1.5581463795797243,0.22035517421641826
TRP 193,46.088420000000006,2.930881519884404,0.4144892395129194,-10.77412,0.9578140871797587,0.13545536723216206,-13.213179999999998,0.7500431904897752,0.10607212523562269,-2.0893400000000004,0.4054368809074942,0.05733743356656236,0.24401131200000006,0.05487852616913294,0.007760995599143461,20.255791312000007,3.0962518844505342,0.43787614075131986
GLY 194,2.8440600000000003,0.55843253522695,0.07897428649883438,-1.1092600000000004,0.10776006867109646,0.015239575059692067,-1.0015,0.06938450835741151,0.009812451273764072,0.7347,0.05543221085253562,0.007839298437998094,0.002979936,0.002131659018676298,0.0003014621094566943,1.4709799360000002,0.5499221120142116,0.07777073090593543
SER 195,1.48786,1.6164433675201868,0.22859961331550854,-2.2492,0.6521679538278466,0.09223047652484512,7.31784,2.80199365709489,0.3962617431546981,-3.7965799999999983,2.6189203965756587,0.3703712743612821,0.13450247999999998,0.043450453511502056,0.006144822064722787,2.8944224800000002,1.8269706532254852,0.2583726675849114
GLY 196,3.1143799999999993,0.5686314760897488,0.08041663454783551,-0.7818200000000001,0.07614898292163583,0.010769092440869458,-1.0798599999999998,0.07073104268989809,0.010002879985284424,0.9180400000000003,0.06419500292078571,0.00907854437671556,0.009419183999999999,0.0039337047730280995,0.0005563098640388116,2.180159184,0.5858478271709482,0.08285139426719638
CYX 197,12.021040000000001,1.60767189388878,0.2273591396183552,-3.8144599999999986,0.3308461400711964,0.04678870983474746,-0.038680000000000006,0.45837288052414277,0.0648237144261265,-1.2664800000000005,0.2886535113245617,0.04082177105418109,0.08126150399999998,0.03504580593420536,0.004956225405644871,6.982681504000002,1.5900392356826252,0.22486550518077186
ALA 198,10.560559999999999,1.1655675040082385,0.16483613720298076,-2.8635400000000004,0.46247785719966883,0.06540424579490192,1.0324999999999998,0.376126959948367,0.05319238479331425,-1.35526,0.10223948552295849,0.014458846703661559,0.000632592,0.0016574512659912506,0.00023439900593372827,7.374892592000002,1.1246033229636265,0.15904292716250104
GLN 199,-41.982659999999996,2.4530056470380583,0.34690738546190114,-4.726260000000002,0.7316349310960945,0.10346880422620017,-0.21977999999999986,1.9578969461133542,0.276888441492237,-7.02556,1.6069066203112112,0.22725091359112284,0.5395835520000001,0.06558716664385467,0.009275426058536354,-53.414676448,2.479169566160871,0.35060752238873255
LYS 200,41.838199999999986,2.2815047928946313,0.3226535020730807,-3.5971,0.48577744904430964,0.06869930567334678,30.273659999999985,3.6617845901146557,0.5178545429828951,-76.95312000000001,3.9104824492125245,0.553025731509831,1.082556,0.07121987688373205,0.010072011579951594,-7.355803999999997,2.3854179795380386,0.337349045859132
ASN 201,-65.61704,2.2421741766423984,0.31709131298104076,-3.24212,0.5161344259008496,0.07299243051166326,11.452480000000001,1.8336925613635375,0.2593232889502973,-10.0723,1.4909189280440411,0.21084777684386394,0.6604725599999999,0.0786288549215379,0.011119799302390538,-66.81850744000002,1.9226159300334416,0.27189895234878547
LYS 202,46.73314000000001,2.331053015355562,0.32966067889265344,-5.73008,0.5273709449713639,0.0745815142780018,16.074859999999997,3.6194080179499206,0.5118615906746701,-63.56046000000002,3.4694223565886344,0.4906504150288071,0.6620761439999999,0.04868678426446516,0.006885351061513962,-5.820463856000001,2.6379916605170552,0.3730683583730341
PRO 203,23.881459999999997,1.5822199494381157,0.22375969111526559,-6.26926,0.7662773077678869,0.10836797611840879,1.8682399999999995,0.4802638258290977,0.06791956160047,-5.999700000000001,0.4468661656469435,0.06319641920235695,0.0030771359999999994,0.004436173737524715,0.0006273697064650794,13.483817136,1.9061242300049968,0.2695666737641039
GLY 204,3.3671999999999995,0.6302158360434976,0.08912597825550131,-1.3900400000000002,0.051707624196049455,0.0073125623416144345,-0.8701799999999997,0.06045450851674208,0.008549558585097643,0.6154599999999999,0.05176841121765236,0.007321158924651144,0.004890528,0.003685696684158369,0.0005212362237530311,1.7273305280000002,0.6131926177176366,0.08671853163233421
VAL 205,-13.415679999999995,2.275993132151354,0.3218740355356465,-7.484219999999998,0.5664389213322344,0.08010656048040325,12.044499999999998,0.6668532747164342,0.09430729452168926,-0.30354,0.11981956601490446,0.016945045529593625,0.0008409600000000003,0.0015599633718776861,0.00022061213573146876,-9.15809904,2.303990298204078,0.3258334327296239
TYR 206,9.857880000000002,2.6710454929858463,0.37774287618961133,-11.136219999999998,0.9345640115048783,0.1321673099976004,-11.251639999999998,1.515162324769207,0.21427631088853605,-3.1949199999999984,0.8400403761724842,0.11879964929241237,0.001884816,0.002636176064481278,0.0003728115943192754,-15.723015184000001,2.922492724534497,0.41330288469733834
THR 207,-18.148080000000004,1.9391086801930155,0.2742313794444355,-6.548999999999999,0.5599201014430616,0.07918466013060968,11.925180000000001,1.1891719756199897,0.1681743135915797,-1.5498999999999998,0.6333895247002428,0.08957480560961319,0.002767248,0.004211900702829543,0.000595652709731031,-14.319032752,1.8757403535096135,0.2652697447423799
LYS 208,43.331199999999995,2.865305742848512,0.4052154241881881,-7.9280599999999986,0.6399871376832836,0.0905078489856037,21.165139999999997,3.6910963412514857,0.5219998505823561,-65.74512,3.7296002661945646,0.5274451278682659,0.335886912,0.06727587707695729,0.00951424577827782,-8.840953087999997,3.6728889796955033,0.519424940817606
VAL 209,-10.5611,2.3700214112956854,0.33517164229689816,-6.516579999999999,0.5104650464037832,0.07219065917416415,11.265360000000001,0.6554793897598534,0.09269878428544247,-0.12749999999999997,0.1442121007405412,0.02039467087255884,0.00010368000000000001,0.00036847683889221585,5.211049429817376e-05,-5.93971632,2.316830237689935,0.3276492743857187
CYX 210,11.675719999999997,1.4657080888089726,0.20728242576735978,-4.1181,0.34618840246316884,0.04895843338996887,2.3101199999999995,0.4577733779939594,0.06473893196524026,-2.2214600000000004,0.25929243799231555,0.03666948824295174,0.038192112,0.021463686493728314,0.0030354236537954806,7.684472111999997,1.4466678229197014,0.20458972554218008
ASN 211,-62.57498,2.8766172389808924,0.40681511131230247,-4.808540000000001,0.6644123481694121,0.09396209537893374,-0.04105999999999993,2.2732421728447676,0.32148499113955536,-1.5678200000000002,1.5565727826221292,0.22013263400050426,0.21099758400000002,0.05917688951663245,0.008368875973347583,-68.781402416,2.4868008376928636,0.35168674715860215
TYR 212,9.750480000000001,2.3696446420507855,0.3351183590792959,-9.820560000000002,0.9428385685789177,0.1333375090812741,-9.37598,0.9035798246973026,0.1277854842773629,-3.4792199999999993,0.45002454555279997,0.06364308157215584,0.04998571200000001,0.022143413693978032,0.003131551596326185,-12.875294288,2.3221548539614507,0.3284022888402797
VAL 213,-12.672679999999998,2.549637460032312,0.36057318751121853,-4.68486,0.5773132948408558,0.08164442913022356,13.125899999999996,0.6706894139615766,0.09484980653645246,-0.9502400000000003,0.14638176935670438,0.020701508350842165,0.21282926399999996,0.062116159604166735,0.008784551535474437,-4.969050736,2.5709820384383484,0.3635917667377138
SER 214,6.29038,3.00064894241229,0.42435584302799445,-1.7577800000000001,0.21583867030724574,0.030524197483308195,6.239700000000002,3.2897007842659445,0.46523394652583056,-8.807719999999998,0.8738094080519193,0.12357531157962302,0.6061223520000001,0.040512368354218856,0.005729314077039089,2.570702352,1.526654245491542,0.2159015139028603
TRP 215,44.346199999999996,2.501929399483725,0.3538262488849857,-12.666300000000003,0.8057960598066604,0.11395677162853807,-11.546460000000003,0.5288231163630563,0.07478688232570396,-3.4923800000000007,0.38077436310759455,0.05384962685107377,0.32149022400000016,0.05833576578170946,0.008249923113991383,16.962550224000008,2.54097980587454,0.3593488103183929
ILE 216,13.734580000000001,2.293250104894799,0.32431454002557475,-7.402460000000001,0.7005265222673492,0.09906941085925432,5.073399999999999,0.33246509591235385,0.04701766476549226,-1.52944,0.12023196912635374,0.01700336813693127,0.003258864,0.0072260627488490575,0.0010219195941981345,9.879338864,2.2418442103314495,0.3170446486978337
LYS 217,43.15516,2.829768247471786,0.4001896633947344,-4.247999999999999,0.7547626381850157,0.10673955592937463,40.861399999999996,3.817215566352072,0.5398358024436795,-86.99712000000001,3.2087889531096114,0.45379128562805776,1.0046861280000001,0.10577934162013539,0.014959457953809227,-6.223873872,2.70769962111475,0.38292655270129705
GLN 218,-43.32706,2.230742929250363,0.3154746904713749,-3.74938,0.6658679415619915,0.09416794737064238,4.68094,1.2211308596542791,0.1726939823155398,-10.426800000000004,1.3390777124573265,0.18937418620286908,0.8726942880000002,0.04571951686519847,0.006465716081590913,-51.949605712000015,2.2825581020023624,0.32280246247563316
THR 219,-18.883659999999995,1.6559266120212783,0.2341833873015022,-5.402359999999999,0.642416025952044,0.09085134565872068,11.54912,0.8655584010337054,0.12240844297678365,-1.6261599999999996,0.437871458763871,0.06192437555599578,0.042494832,0.020242649426094772,0.0028627429356747175,-14.320565167999995,1.5423471702556975,0.21812082860633725
ILE 220,12.20014,2.219014988773182,0.3138161092232215,-6.038140000000001,0.5931919422918481,0.083890008987957,5.635699999999999,0.35340125919414594,0.04997848537120906,-1.66428,0.09767661746805158,0.01381355971500473,0.235882656,0.04822875115452246,0.006820575397904273,10.369302655999997,2.2992394612442975,0.32516156292350934
ALA 221,10.15466,1.4461070307553274,0.20451041755372704,-1.7951000000000006,0.21490158212539415,0.03039167320171679,0.63932,0.3306094638693818,0.046755238765297746,-1.3146799999999998,0.11005406671268485,0.01556399537393923,0.29886926399999997,0.03751705010462187,0.005305712107818719,7.983069264000001,1.4302999235345437,0.20227495501237525
SER 222,6.475040000000002,1.7200230226366073,0.24324798862066552,-1.98786,0.5456833151196767,0.07717127450029582,1.0415600000000003,2.358896412816807,0.33359832992387717,-2.92884,1.182769197434564,0.16726882401691012,0.23375361599999997,0.04060560532403072,0.00574249977576134,2.8336536160000003,1.693185059797933,0.23945252751737367
ASN 223,-20.353260000000002,2.5040005655749957,0.35411915600260596,-3.7876,0.728187063878507,0.10298120216816278,-45.2463,3.8680704556663903,0.5470277698618087,2.4044999999999996,2.478735421540589,0.3505461250677292,0.27303422400000005,0.0729793305473337,0.010320835903294842,-66.709625776,2.2227055057996687,0.31433802714632414
Backbone Energy Decomposition:
Residue,Internal,,,van der Waals,,,Electrostatic,,,Polar Solvation,,,Non-Polar Solv.,,,TOTAL,,
,Avg.,Std. Dev.,Std. Err. of Mean,Avg.,Std. Dev.,Std. Err. of Mean,Avg.,Std. Dev.,Std. Err. of Mean,Avg.,Std. Dev.,Std. Err. of Mean,Avg.,Std. Dev.,Std. Err. of Mean,Avg.,Std. Dev.,Std. Err. of Mean
ILE   1,56.90857999999999,2.330045021796716,0.329518127076483,-1.9542400000000009,0.9187835340274644,0.1299356134706722,-83.29086000000001,4.077367910846055,0.5766268998303343,-19.643720000000002,2.565686341235029,0.36284284205699824,0.007950096,0.008172246215991294,0.0011557301433707094,-47.97228990399998,2.514438979842739,0.3555953707053171
VAL   2,58.32438,1.794255833374984,0.25374609339259424,-2.7360800000000007,0.7591386392484563,0.10735841593466232,-58.396140000000024,1.3576626975792017,0.19200250000445487,0.07743999999999997,0.6094777160815644,0.0861931652046727,0.0,0.0,0.0,-2.7303999999999995,1.4047363738438594,0.1986597231448788
GLY   3,65.13911999999998,1.376476336739624,0.19466315037028115,-2.5328799999999996,0.37569826403645284,0.05313175803603796,-63.98879999999999,1.9355065280184927,0.27372195819854134,-4.9663,1.4033426274434866,0.19846261763868722,0.32354308800000003,0.041420811314278286,0.0058577873125149294,-6.025316911999999,1.3393980451207619,0.18941948808257922
GLY   4,73.02574,1.6705561087253793,0.2362523105664654,-2.63096,0.35871202711924643,0.05072954137383837,-69.56340000000002,3.6360618696603026,0.5142168009701272,-4.80664,2.0214940589573867,0.2858824314434173,0.18903312000000003,0.057764563273259475,0.008169142880560233,-3.786226879999997,1.2588004885129938,0.17802127231769532
TYR   5,86.59656000000001,1.6387561522073328,0.2317551175873958,-2.486700000000001,0.5633529355563859,0.07967013618665371,-88.3466,1.7369069405125521,0.24563573518528098,-0.46022000000000013,0.5235056175438806,0.07403487443090584,0.056829455999999993,0.015309234930853493,0.0021650527668768942,-4.640130544000001,1.3872304302017326,0.19618400885279536
THR   6,60.31089999999999,1.5992205382629596,0.22616393744370786,-2.3327400000000007,0.3044685737477641,0.04305835863104809,-58.50803999999998,2.2588199924744727,0.31944538683168916,-3.36538,1.5012509169356056,0.21230894072553783,0.17346254400000002,0.03572056939575361,0.005051651369516407,-3.721797456,1.185739308158771,0.16768886110370246
CYX   7,73.33276000000002,1.6251567993266551,0.2298318786590606,-2.5550199999999994,0.462921353579639,0.06546696565444364,-66.38224000000002,1.237431073795779,0.17499918070638928,-2.9052,1.05102915278312,0.14863796823153919,0.131872032,0.02805279320091632,0.003967264060718361,1.6221720320000015,1.4008858772431039,0.19811518069341283
GLY   8,72.94216000000002,1.7215993071553009,0.24347090891511503,-2.1972599999999995,0.8691259933979668,0.12291297672743937,-79.0681,1.6573286728952952,0.23438166865183294,2.47394,0.8753397148536108,0.12379172964297741,0.029023919999999998,0.01792435846872071,0.002534887084330187,-5.820236080000002,1.7773463232248508,0.25135472753385385
ALA   9,70.85071999999998,1.5808427630867836,0.2235649275536687,-1.3534000000000006,0.6930499260515066,0.09801206048237113,-69.5491,1.4089941128337362,0.19926185836733168,0.41119999999999984,0.8951492166113985,0.12659321624794911,0.16240564799999999,0.03483815774561139,0.004926859517193691,0.5218256480000005,1.425419767830791,0.2015847967741013
ASN  10,97.73276000000004,1.4366172010635943,0.20316835296826105,-2.967060000000001,0.5161931192877264,0.07300073101003755,-93.54036,1.456240086798948,0.20594344808224455,-0.35638000000000003,0.9179630251812977,0.1298195759968426,0.028156032000000004,0.011800907376595051,0.0016689003260289422,0.897116031999999,1.2580458403768404,0.17791454895479855
THR  11,72.72330000000002,1.50513376481891,0.2128580583392579,-1.6491599999999993,0.5229712175636462,0.07395929886092789,-75.15752000000002,1.1117798926032585,0.15722942024932313,0.30777999999999994,0.535418351945467,0.07571958948647305,0.22405507199999997,0.017341544873731067,0.0024524647952932094,-3.5515449279999984,1.2852291138069556,0.18175884435025505
VAL  12,68.81913999999999,1.6321028155113961,0.230814193688353,-2.1482599999999996,0.6572990433585013,0.09295612216524536,-55.69593999999999,1.1537071449898453,0.16315882914513818,-0.34446,0.5426499501520294,0.0767422919126084,0.004873823999999999,0.0055137108916068515,0.0007797564721914659,10.635353823999997,1.0705327733912828,0.15139619670948354
PRO  13,52.56649999999999,1.2023355147381487,0.1700359191465526,-3.9828399999999995,0.46139490070871314,0.06525109261920496,-55.14284,1.0877234273474743,0.1538273223065744,3.6046600000000013,0.6551196718157608,0.09264791248592599,0.0005518080000000002,0.001164655370801165,0.00016470714208776735,-2.9539681919999996,1.0297668391934445,0.1456310230069443
TYR  14,73.47336,1.5197442911222923,0.2149242987844231,-3.1419799999999998,0.7101060622188802,0.10042416239132931,-74.91668,1.4506191152743886,0.20514852266587005,1.07208,0.573025403974379,0.08103802978848883,0.0006022079999999999,0.0014786772082966589,0.00020911653623451208,-3.512617791999999,1.9619993343897473,0.2774686068060966
GLN  15,88.18973999999997,1.986140617479925,0.28088269980201835,-3.42018,0.661966152911158,0.09361615112789017,-86.33162,1.8234920333250977,0.2578807164407645,1.4008200000000002,0.6271944097327388,0.0886986840488627,0.00032889599999999996,0.0013045465714891132,0.0001844907454147226,-0.16091110399999964,1.4241895895139227,0.20141082328811605
VAL  16,73.49158000000003,1.5833504361306416,0.22391956607653082,-3.05904,0.7007235962917194,0.0990972813350599,-74.72086,1.3111681053167394,0.18542717170899675,2.0102,0.5651015483963907,0.07991742738602116,0.0,0.0,0.0,-2.2781200000000004,1.2336861779237063,0.17446957245319325
SER  17,57.71398000000002,2.205040539218844,0.3118398236145772,-4.33368,0.6174937227211269,0.0873267997352469,-59.64302,1.9110220772146074,0.27025933395913015,1.1316799999999998,0.33978743002059353,0.04805319918590223,0.0,0.0,0.0,-5.131039999999998,1.5640798439977484,0.22119429280160105
LEU  18,73.62460000000002,1.8461704255017435,0.2610879254196673,-3.9753999999999996,0.5773463085531977,0.08164909797419738,-71.15283999999998,1.337064700903544,0.18908950337881175,0.8335199999999997,0.33489689398380657,0.04736157294685238,0.0,0.0,0.0,-0.6701199999999983,1.5547597710257353,0.21987623544166826
ASN  19,98.06998,1.7032787145977721,0.24087998586855816,-3.31786,0.6310815164461734,0.08924840395211578,-98.16243999999999,1.6109697596176775,0.22782552826242441,0.6753000000000001,0.44420172219386994,0.06281960999560567,0.0007090560000000001,0.0017161285653656602,0.00024269722919159991,-2.7343109439999993,1.3589973278809242,0.1921912452317999
SER  20,70.51578,1.711609912217015,0.24205819513495253,-2.00618,0.416727665988233,0.05893419170566443,-69.76885999999998,1.8889744520254241,0.267141328903064,-0.5191800000000001,0.8459981486977379,0.11964220556308713,0.16414243200000006,0.02809982302735279,0.0039739150825566115,-1.6142975680000018,1.2005915256548862,0.1697892818451346
GLY  21,68.60728,1.714402076993424,0.24245306686447032,-1.9496400000000003,0.2406771912749506,0.03403689480548987,-64.45456000000001,1.5287231948261457,0.21619410752374624,-6.827320000000001,0.7995314237726967,0.11307081830428181,0.5573672639999998,0.03788668692178987,0.00535798664781786,-4.0668727360000005,1.1583451453537612,0.1638147414468323
TYR  22,85.22308,2.229309622641845,0.31527199030689435,-3.094959999999999,0.39202596648692156,0.055440843860822486,-84.14726,1.7614336639226134,0.2491043376739892,1.8964000000000008,0.36140979510798626,0.05111106338161956,0.06170644799999999,0.01611218371963574,0.002278606873575584,-0.061033551999999006,1.2031227076999484,0.1701472450428308
HIE  23,79.00409999999998,1.6552747234238323,0.23409119633193573,-2.8353800000000002,0.3737590073830971,0.05285750573002816,-76.98769999999999,1.4939033603294212,0.2112698393052608,-2.65274,0.6643028167936663,0.09394660530322523,0.11674987199999999,0.029020647283580975,0.004104139297728613,-3.3549701280000006,1.3929579283554963,0.1969939994095473
PHE  24,67.32956,1.4947764268948358,0.21139330956302718,-3.01948,0.36217444636528123,0.05121920139947478,-65.66108,0.9453465150955135,0.13369218627902169,-0.7832400000000002,0.5680808590332892,0.0803387655369436,0.110567376,0.01671517017421676,0.002363882035775159,-2.0236726239999983,1.3244625552028408,0.18730729084231815
CYX  25,84.22566000000002,1.6957157734703132,0.23981042447717,-3.9022999999999994,0.5676002202254735,0.08027079294488201,-84.47674,1.5499094787758654,0.21919030053354435,2.37608,0.30997160127986156,0.04383660424804856,0.0,0.0,0.0,-1.7772999999999999,1.2403121582891947,0.17540662758288242
GLY  26,76.9165,1.463277038020915,0.2069386232678309,-3.8812599999999997,0.6966692991656819,0.09852391713690664,-80.76816,1.4648730642619112,0.20716433546342292,1.4352000000000007,0.5126525529049847,0.07250001931034199,0.0005345279999999999,0.001386780230467683,0.00019612034099582835,-6.297185472000001,1.060580098285702,0.149988675897863
GLY  27,78.89372000000002,2.1545162616229563,0.30469461175405643,-4.620499999999999,0.5852412237701681,0.0827656075915599,-79.33494,1.5991591341702327,0.2261552535936359,-0.6963999999999999,0.5419238691919743,0.07663960855849931,0.00062208,0.0014192768863051353,0.00020071606213753796,-5.7574979200000005,1.4007061024719198,0.19808975670145473
SER  28,63.871280000000006,3.822111547508616,0.5405281987389502,-3.2775600000000007,0.9066654986266957,0.12822186446936376,-67.24561999999999,3.735579916907043,0.52829077818185,2.059999999999999,0.5909955329780455,0.08357938980394677,0.000270576,0.0011591115305370748,0.0001639231246788567,-4.5916294240000015,1.4056853986466258,0.19879393551958888
LEU  29,83.80439999999999,1.5825806393368265,0.22381070036992237,-3.50538,0.754522336051092,0.10670557207568843,-82.51392,1.6006581751262199,0.22636724999868688,2.4155000000000006,0.5480335482431694,0.07750364765609401,0.0,0.0,0.0,0.2005999999999999,1.6454279929550244,0.23269865835453368
ILE  30,64.85510000000001,1.0950272553684843,0.1548602395710297,-2.9164999999999996,0.3658175091490319,0.05173440827921046,-64.56147999999999,1.1394163986892578,0.1611378124216658,0.5898600000000002,0.7906636455535311,0.11181672508171572,0.10168070399999998,0.01887187408157402,0.0026688860273559275,-1.931339295999999,1.1293997416661241,0.15972124320049025
ASN  31,102.64794,2.843138071989728,0.40208044211071664,-2.9880400000000003,0.674397922891225,0.09537426889890152,-97.99451999999994,2.303661504998301,0.3257869343485413,-1.9540800000000005,0.545306183350233,0.07711794001398091,0.032007167999999996,0.015241755636375224,0.0021555097535338407,-0.2566928320000005,1.579213926559057,0.2233345752828287
SER  32,66.08868000000001,1.4783311867097255,0.2090676013924006,-2.2786799999999996,0.6753499667579782,0.09550890823373516,-67.08135999999998,1.5464200950594291,0.21869682715593355,-1.838,0.5424916957889764,0.07671991136595496,0.030380687999999996,0.01327198279541743,0.0018769418068861712,-5.078979312000001,1.1884651571799134,0.16807435436917056
GLN  33,70.78403999999999,1.224123555201885,0.17311721337868757,-2.4829000000000008,0.6480346364199965,0.09164593717126766,-70.82943999999996,1.0250206077954154,0.14495980452561893,1.7690000000000001,0.6428317664832683,0.09091014024848924,0.000439776,0.0015320928977787217,0.0002166706554854164,-0.7588602240000019,1.3053044678596029,0.1845979281473246
TRP  34,86.26999999999998,1.1985301164346656,0.16949775455745086,-4.283140000000001,0.5040176984987641,0.07127886648930257,-86.31715999999999,1.4604603570113415,0.20654028441936914,1.3327999999999995,0.37509225531861,0.053046055461269,0.0,0.0,0.0,-2.9975,1.4690149931161367,0.20775009265942593
VAL  35,75.02007999999996,1.919789872252639,0.2714992874246194,-2.7698,0.9951589018845174,0.14073672157614006,-77.46164000000003,1.5112865083744247,0.21372818767745913,2.6450400000000003,0.40772897664993,0.0576615848550834,4.752e-05,0.00023279950515411326,3.292282175026922e-05,-2.5662724799999994,1.2141297033712715,0.1717038692987675
VAL  36,62.42845999999999,1.6899346639445312,0.23899285212747745,-2.9066600000000005,0.6580076780707043,0.09305633824732193,-66.74966000000002,1.8527274770985893,0.2620152325494113,1.8241,0.42366284944517013,0.05991497475589903,0.000224064,0.000645336349436478,9.1264341766541e-05,-5.403535936,1.271706741696481,0.17984649214684617
SER  37,55.05820000000001,1.7642685056413454,0.2495052448345704,-3.8340399999999994,0.6764540770813658,0.09566505301310425,-61.10726,1.8745859575916244,0.2651064885060231,2.120600000000001,0.3565514268657401,0.050423986355700834,0.0,0.0,0.0,-7.762500000000001,1.3268624985280002,0.18764669408225487
ALA  38,71.53529999999999,1.4695877959489603,0.2078310992129004,-3.9587199999999996,0.5872996863612368,0.0830567181629526,-70.29520000000002,1.6851800497270721,0.2383204481364592,1.4980999999999998,0.30665382762979077,0.04336740019876714,0.0,0.0,0.0,-1.2205200000000007,1.22002038081337,0.1725369368917856
ALA  39,80.58373999999999,1.6289135619794222,0.2303631651284766,-3.6956800000000003,0.7472565942164715,0.10567804101136624,-78.60167999999999,1.618113363643319,0.22883578643215294,0.43534000000000006,0.5387074385972406,0.0761847365815489,0.013783824000000002,0.007870900515558802,0.0011131134257192643,-1.2644961760000015,1.1750812983348708,0.16618159089961593
HID  40,77.21276,1.203002120696685,0.17013019146528469,-2.616200000000001,0.41718815898823713,0.0589993152502628,-76.81902,0.9907231801066461,0.14010941578642214,-1.5589399999999998,0.49331095305091344,0.0697647040271799,0.2041970399999999,0.014934142545243069,0.00211200669298958,-3.5772029600000015,1.1926874089339423,0.1686714709386007
CYX  41,79.80207999999999,1.4161432673291194,0.20027290149201882,-3.124719999999999,0.45348645139629307,0.0641326689917085,-79.97269999999999,1.1115656390886481,0.15719912022670832,2.8456200000000003,0.35796479659317954,0.05062386701942008,0.021183696000000002,0.013168720456490219,0.0018623383068668482,-0.42853630399999915,1.390898551967289,0.1967027596077239
TYR  42,89.22676,1.304493136201512,0.18448318852387913,-2.5120000000000005,0.42016520560369885,0.059420333220203084,-78.49947999999999,1.2194826647392918,0.17246089235531886,-3.23508,0.6284670505285052,0.08887866263620292,0.11521843200000001,0.017310215153064277,0.002448034103705976,5.095418431999999,1.140825622973049,0.1613371068311221
LYS  43,93.66651999999998,2.1196229215596833,0.2997599482786587,-2.6203400000000006,0.3996142444908559,0.05651398842764463,-79.6874,2.092434668036446,0.29591494859167866,-12.287199999999999,0.8033155793335528,0.11360597871591104,0.07605676799999998,0.0308732629401004,0.0043661387164600635,-0.8523632320000009,1.459862813440251,0.20645577899713463
SER  44,66.49006,4.010707989420109,0.5671997633356046,-1.89106,0.2988237212806236,0.04226005593938556,-67.93952,3.7954254372335177,0.5367542128311474,-3.80746,0.9473625116078864,0.13397729123997115,0.18849585599999996,0.033851087179162805,0.004787266658984603,-6.959484143999998,1.3730925226440458,0.19418460679162955
GLY  45,72.31975999999999,1.4740238608659653,0.20845845352982,-1.9286399999999997,0.30721391635145917,0.04344660870539871,-65.26908,1.248751742181272,0.17660016498297854,-7.291740000000001,0.5991334011720426,0.0847302581608223,0.49246862399999997,0.03631696818298768,0.005135994894865335,-1.6772313760000008,1.3815366671860732,0.19537878916502693
ILE  46,70.07844,1.3171500925857107,0.18627315246156897,-2.42964,0.39019327313524926,0.05518166188146189,-71.42430000000002,1.4965927335113287,0.2116501741080744,1.6192800000000003,0.5922139491771534,0.08375169987528612,0.03470572799999999,0.0215270679559576,0.00304438714614425,-2.121514272,1.311490472453041,0.18547276130661886
GLN  47,84.10392000000002,1.969772726382298,0.2785679304442473,-3.240140000000001,0.5748015313131933,0.08128921212559413,-82.15574000000002,1.7449828516051065,0.24677784148484194,1.5276000000000005,0.36461985683722503,0.05156503466497399,0.003459312,0.0052433894503704365,0.000741527247351788,0.23909931199999984,1.6360782475656739,0.2313764046810982
VAL  48,78.1962,1.8200796575977327,0.25739813363740927,-2.73298,0.8003653788114523,0.11318875735690356,-74.1166,1.7258312084321972,0.2440693901331561,2.2573600000000003,0.4541725557538651,0.06422969880047667,0.0,0.0,0.0,3.6039799999999995,1.1666182321565204,0.1649847326027475
ARG  49,77.10972,1.6898280272262447,0.23897777141815268,-3.5570000000000004,0.6944161288449407,0.09820527073431377,-71.96229999999998,2.1530304619308245,0.3044844879464982,-1.3394599999999999,0.9741170198697902,0.13776095008383188,0.000135936,0.0007807425034568055,0.00011041366371097373,0.25109593599999896,1.3531863450159918,0.19136944815396936
LEU  50,80.43663999999997,1.6882877569905101,0.23875994431244316,-3.3345200000000004,0.5486465251872086,0.07759033568686223,-79.32419999999999,2.332601689102167,0.3298796944342674,-1.6567800000000004,1.0189052613467056,0.14409496393698137,0.014029488000000003,0.012261312352609566,0.0017340114221553208,-3.8648305119999997,1.4809080068079725,0.20943201878547424
GLY  51,73.54408,1.5458240629522608,0.21861253548697682,-2.9453400000000003,0.8503368417280273,0.12025578941572801,-78.68806,1.6698202108013604,0.23614823888399844,-2.2207199999999996,0.7760027329848793,0.10974335894258037,0.0014971680000000003,0.003374076229929608,0.0004771664364847133,-10.308542831999999,1.4628125653944346,0.20687293691905895
GLU  52,78.35922,1.9976149908328336,0.28250542124355993,-3.50666,0.41303993075730716,0.05841266718786278,-79.74932,1.9206178530879936,0.2716163815972937,2.2656000000000005,0.9775547043516277,0.1382471120855693,0.005962607999999998,0.008017179148100408,0.0011338003483218372,-2.625197392,1.6595735903888245,0.2346991479284087
ASP  53,80.87583999999998,1.2062403468643237,0.1705881458017153,-3.2426199999999996,0.9544960741668909,0.13498612933186926,-83.85762000000001,2.1250690049024197,0.3005301407711699,2.3129999999999997,0.9185561496174316,0.12990345645901816,0.000295776,0.0011386110504575302,0.00016102391898249155,-3.9111042239999994,1.262593952489846,0.17855774913813913
ASN  54,101.14454000000002,2.150850847547488,0.30417624392433235,-3.314040000000001,0.5314746262993117,0.0751618624569659,-94.14049999999999,1.6903747543084762,0.23905509030361352,-3.00032,0.7454990393018618,0.10542948521168059,0.0019401120000000006,0.0028009477756388095,0.00039611383318071574,0.6916201119999996,1.6371909227320185,0.23153376071217424
ILE  55,67.93749999999999,1.709293611408831,0.24173062073320556,-2.50934,0.5855471154399123,0.08280886720635683,-66.97724000000001,1.213601541857189,0.1716291759811336,0.14551999999999998,1.0397727490177844,0.1470460723446907,0.05742014399999998,0.03782193683431965,0.005348829602631337,-1.3461398559999993,1.680390780939713,0.23764314324916586
ASN  56,95.65884000000001,3.5783174669662117,0.5060505092260156,-1.6532000000000002,0.5206144446709093,0.07362600084209373,-92.19848000000002,3.644755872427636,0.5154463186326145,-2.1850600000000004,0.8235846868416123,0.11647246338942065,0.20663438399999992,0.044634074547661204,0.006312211356927424,-0.1712656159999982,1.4331022651094798,0.2026712659585429
VAL  57,80.10814000000003,1.6258302864677623,0.22992712412396438,-2.1881399999999993,0.4194480187103064,0.0593189076770639,-74.89851999999999,1.7149612151888405,0.2425321409463902,-3.91984,0.7336320701823197,0.10375124234436868,0.05349816,0.015311667902981668,0.002165396841094948,-0.8448618399999992,1.1813075652856762,0.16706211801609436
VAL  58,58.15980000000001,2.257434331270794,0.31924942474497947,-1.2400800000000003,0.3922627609141596,0.055474331649871936,-55.54159999999999,2.7625276903591436,0.3906804126137123,-5.08664,1.005764699320872,0.1422366078335675,0.18877017599999998,0.038471104244773305,0.005440635738242755,-3.519749824,1.4065193473012947,0.19891187366936444
GLU  59,68.63292,1.796768085646867,0.25410137951609424,-1.23028,0.3387195323567861,0.04790217564996393,-60.67929999999999,2.245148148786897,0.3175118961551277,-9.079699999999999,1.2368117763022768,0.17491159881494384,0.27689832,0.046670438704704845,0.006600196737809581,-2.0794616799999996,1.3672021234621046,0.1933515785505403
GLY  60,71.35610000000001,1.9115943319647213,0.27034026300200453,-2.02566,0.46163650678862206,0.06528526087870086,-69.90277999999999,2.2039348201795423,0.31168345132842173,-2.9301000000000004,1.2233818251061257,0.17301231690258326,0.24115636800000007,0.0516889689807849,0.007309924095770822,-3.261283632,1.3574537222955874,0.19197294643642607
ASN  61,83.29137999999999,2.839828240510225,0.4016123612539684,-2.0913999999999997,0.4359202220590374,0.061648429014858196,-85.14200000000002,3.559536879988001,0.5033945331446243,0.28528,1.2895117531841265,0.18236450101924986,0.20446948800000006,0.04312643931971465,0.0060989995382800775,-3.4522705119999997,1.3940065921173552,0.1971423028609863
GLU  62,85.81511999999996,1.8454512254739743,0.2609862151763343,-1.4902199999999997,0.7283194708368027,0.10299992733978022,-80.5953,2.315607568220579,0.32747636281113246,-3.8811600000000004,1.6377354409061307,0.23161076721085305,0.118816272,0.03225130258399515,0.004561022951848439,-0.03274372799999992,1.4305924472354126,0.20231632411088368
GLN  63,74.60842,2.1223853569985103,0.3001506156449356,-2.85726,0.5764627935955619,0.08152415009063257,-72.2057,2.080950871597202,0.2942908945244876,-0.12768,0.6814271623585313,0.0963683534776848,0.04380811199999999,0.012755454828372694,0.0018038937212522044,-0.5384118880000015,1.8848449109921896,0.26655732360950635
PHE  64,83.47846,2.2937759455534334,0.32438890512468355,-1.67422,0.5282751286971586,0.07470938516679139,-77.15915999999999,1.4569114916158072,0.20603839906202903,-2.5347000000000004,0.6572592563060622,0.09295049542632873,0.18716659200000002,0.026916177189993597,0.003806522282932629,2.297546591999998,1.83772338765131,0.25989333387067115
ILE  65,77.19188,1.9594458057321884,0.2771074833201538,-2.27412,0.6612875211282924,0.09352017810077157,-76.6766,1.4297158598826945,0.2021923559386018,-1.5888200000000003,0.5358550434585818,0.07578134699251506,0.04243910399999999,0.01376849510383704,0.0019471592509313898,-3.305220896,1.5179536303914882,0.2146710611153119
SER  66,59.97868,2.9719768871243453,0.4203010020830622,-2.6411399999999996,0.6111203485402872,0.08642546851478469,-64.27794,2.7488903172735264,0.38875179681643013,0.8292400000000003,0.6801663196601251,0.09619004339327428,0.040654655999999983,0.0165327235476332,0.0023380801864027897,-6.070505344,1.5651007528021388,0.22133867110931255
ALA  67,81.43502,2.0896262200694844,0.29551777407126906,-2.761740000000001,0.36351329054106746,0.05140854255860489,-77.65889999999999,1.7511030951953346,0.2476433746338747,-0.9874800000000001,1.0438496872634486,0.14762263848068827,0.12177072000000004,0.029631330289623926,0.004190502916674285,0.14867071999999837,1.5883087362067678,0.22462077559792815
SER  68,77.33935999999999,2.0487868875022404,0.28974222027178287,-1.7960400000000005,0.41849640189612025,0.05918432873658347,-69.4676,2.195253115246682,0.31045567284236447,-2.6589599999999995,1.0293616460700297,0.14557372004589297,0.273713472,0.02932792666062159,0.0041475951639734525,3.690473472,1.3163514665456024,0.18616020968385044
LYS  69,88.69801999999999,2.0982775935526745,0.2967412630425773,-2.5680400000000003,0.7453187495293546,0.10540398838753691,-75.41178000000002,2.1995858363778584,0.3110684121409335,-12.56432,1.0426763532371615,0.14745670399137137,0.066783744,0.020353702973052903,0.0028784482789005,-1.7793362560000006,1.537881543322266,0.2174892935889615
SER  70,69.39440000000002,3.3204636844870388,0.46958447759689076,-2.2950399999999997,0.46938159145837854,0.06638058125687062,-71.96634,2.900829954409285,0.41023930636637373,0.048599999999999956,1.058373374570619,0.1496765980372349,0.13476888,0.039001581800537255,0.005515656593632346,-4.683611119999999,1.4661131332184907,0.20733970769709018
ILE  71,75.82388,1.7484605644966615,0.24726966435856965,-2.07402,0.783443565038351,0.11079565150311639,-76.37097999999999,1.4548077191171285,0.20574088070205113,1.17138,0.40486896102319225,0.05725711756629025,0.027889919999999995,0.008004795378771416,0.0011320490188680011,-1.421850079999999,1.1754781980414004,0.16623772099440354
VAL  72,64.79199999999999,1.8058526628722402,0.2553861327481491,-2.8876599999999994,0.3686588455469412,0.05213623392612923,-65.31352000000001,1.273917646317311,0.1801591612768353,-0.7741200000000003,0.5266381923104316,0.07447788740290626,0.09258105600000002,0.017115974854996194,0.0024205643773172487,-4.090718944,1.218982508329319,0.17239015955748974
HID  73,79.57897999999999,1.7469558493563762,0.24705686550267966,-2.1304400000000006,0.6244221059507716,0.08830662108811509,-65.88187999999997,1.2477894476249158,0.17646407598171887,-2.5526400000000002,0.8829152566356516,0.12486307303602603,0.026323056000000004,0.013810881186950511,0.001953153548290884,9.040343055999998,1.4620752787448952,0.20676866884114542
PRO  74,61.17718000000001,1.5135524396595894,0.2140486387529477,-1.7716399999999997,0.23107797471849142,0.032679360581259774,-61.25072000000001,0.9334486389717548,0.13200957250125625,1.2365,0.7395577665064441,0.10458926235517679,0.316638144,0.020449441989493295,0.0028919878204503265,-0.2920418559999997,1.1516800318289466,0.1628721520526774
SER  75,65.22818000000001,4.145766118294709,0.5862998670919238,-1.7877000000000003,0.6404631214988097,0.0905751632623424,-66.73854,3.5912047405293808,0.5078730449315202,0.42216000000000015,0.7951938470586903,0.11245739232260366,0.05564937599999999,0.012225670205310782,0.0017289708613451168,-2.820250623999999,1.6447119938325885,0.23259740078757407
TYR  76,68.77312,1.7192654668779608,0.24314085405785232,-2.1546399999999997,0.2749411398827063,0.03888254888764415,-64.57024,1.5917091764511442,0.2251016704690918,-2.29832,0.8263049906662785,0.11685717244568247,0.23594659200000007,0.02660482492833026,0.0037624904238206455,-0.014133407999999532,1.347263536567434,0.19053183655044054
ASN  77,98.80816000000003,1.4509162534042304,0.2051905443431821,-2.8771199999999997,0.572339327322525,0.08094100389790089,-96.84126,2.1588445317800824,0.3053067215898387,-1.2268399999999995,0.7791932586977383,0.1101945674160029,0.04099535999999999,0.012022974107133455,0.0017003053042368686,-2.0960646400000007,1.3442148077526832,0.1901006811866587
SER  78,64.43566000000001,1.9398645995014776,0.27433828257824416,-2.7748799999999987,0.308931036964575,0.043689446231328595,-60.45102000000001,1.9165476617084047,0.2710407696122468,-4.5569,1.0673281266789552,0.15094299122516472,0.12131683199999996,0.027098018107761954,0.003832238472142867,-3.225823168000001,1.524229636164553,0.2155586223634919
ASN  79,92.49276,3.646449498128441,0.5156858334761807,-1.8852999999999995,0.329212347885071,0.04655765672797569,-87.23901999999998,3.5427890057977685,0.5010260260625498,-4.678099999999999,0.983270323969972,0.13905542276373214,0.24889219199999996,0.02765706705424788,0.003911299932357945,-1.0607678079999985,1.3552328028480878,0.19165886099606685
THR  80,62.816860000000005,1.4807485135558458,0.2094094630334478,-2.5117800000000003,0.47990671135127577,0.06786905798668444,-60.468180000000004,1.9671502605544424,0.278197057770186,-2.0877399999999997,1.2655896619362847,0.17898140643094743,0.07570439999999998,0.05404901106887342,0.007643684448645433,-2.1751355999999995,1.3146878925180416,0.18592494478867164
LEU  81,71.00382,1.582439265058797,0.22379070702778636,-3.1388999999999987,0.5734181807372415,0.08109357681099136,-67.08731999999999,1.8645337587723019,0.2636848929158274,-0.36022,0.5984624395899879,0.08463536986390499,0.0016673760000000001,0.0031724112128511963,0.00044864669626386414,0.4190473759999995,1.7045142433934504,0.2410547160265132
ASN  82,91.07074000000003,1.8848310142795932,0.2665553583175637,-3.70698,0.38217391276747237,0.054047553062095154,-87.83044000000001,1.6151335196813916,0.22841437285768162,-0.6182799999999999,0.6913437651414818,0.09777077289251633,0.0008354880000000001,0.0014937992262201772,0.00021125511251830097,-1.0841245120000003,1.7521595434905735,0.24779277898458196
ASN  83,86.11307999999997,1.5843287138744118,0.22405791544183157,-3.39582,0.5293231410017941,0.07485759648826633,-82.17766000000002,1.0058213879211366,0.14224462481230013,-1.05588,0.46819609737801127,0.06621292707621378,0.00047779199999999994,0.0008596809165824261,0.00012157724115442003,-0.5158022080000005,1.6190240393294948,0.22896457542278426
ASP  84,95.98634000000001,1.3829962344128255,0.1955852031417538,-4.2139,0.46260900337110406,0.06542279266433161,-99.44268000000005,1.523507892198888,0.21545655235301148,5.393400000000001,0.6869209270360049,0.09714528912922174,0.00021527999999999996,0.00045911447984135724,6.492859240735163e-05,-2.2766247200000005,1.3133972459147705,0.18574241979561396
ILE  85,73.77148,1.419315373552322,0.20072150505623296,-3.5141000000000004,0.5786205405963398,0.08182930159789958,-73.53977999999998,1.02829634425346,0.14542306361819163,1.8381400000000006,0.3437775449327644,0.048617486648324146,8.1072e-05,0.000431146701269997,6.097335123084511e-05,-1.4441789280000021,1.2518844087841814,0.17704319094260132
MET  86,72.50786000000001,1.4081879989545771,0.19914785664925927,-3.3984199999999998,0.6792051851981142,0.09605411845413028,-73.27038000000002,1.0861346489256185,0.15360263510739497,1.16954,0.3603610528345143,0.05096274882696176,0.00011289599999999998,0.0003918584769837192,5.5417157268124096e-05,-2.9912871039999986,1.4515404936266378,0.20527882524205282
LEU  87,85.60859999999998,1.7180070314180755,0.24296288440837824,-3.0303400000000007,0.7643958819878576,0.10810190233293719,-86.08447999999999,1.515695962125455,0.21435177860719556,2.23702,0.5959047739362398,0.08427366131835035,6.6672e-05,0.0002652330288934619,3.750961466504288e-05,-1.2691333279999997,1.4098488368649165,0.1993827345990298
ILE  88,82.87582000000002,2.013597980629489,0.28476575733733,-2.7420599999999995,0.9152813209063119,0.12944032574124673,-79.57579999999999,1.5219006406475144,0.2152292526588017,0.7988200000000002,0.3477609920620767,0.04918083114385111,0.0,0.0,0.0,1.3567800000000003,1.3952237138179662,0.19731442986259257
LYS  89,80.76054000000002,2.062941891667154,0.2917440401583297,-3.346960000000001,0.9284043076160241,0.13129619631961842,-71.01337999999998,2.1415096907561453,0.30285520486207534,-8.156700000000003,0.9895797340285214,0.13994770809126952,2.4624e-05,0.000172368,2.4376516331912564e-05,-1.756475375999998,1.5759743721820876,0.2228764331092332
LEU  90,90.5623,2.072527599333995,0.29309966393706877,-3.0729799999999985,0.7601322119210644,0.10749892832954289,-91.22136,2.262377755901911,0.319948530560769,3.094039999999999,1.022181607347739,0.1445583092319502,0.004065984,0.010943306413390058,0.0015476172347020692,-0.6339340160000007,1.7020499699889102,0.2407062151395036
LYS  91,85.40542,1.5090296099148974,0.2134090140364229,-2.0692399999999997,0.49571542481549036,0.07010474768516067,-73.49297999999997,1.8082581617688385,0.25572632166453335,-14.098659999999997,1.1545411835010637,0.16327678000254886,0.14393951999999996,0.029031399054237978,0.004105659827716879,-4.111520479999999,1.2574353020054136,0.17782820579027647
SER  92,65.91172000000002,2.138403937893281,0.30241598508007117,-3.2325600000000008,0.4707543376326913,0.06657471688261152,-69.46375999999998,1.85382055830731,0.26216981757642605,-0.007720000000000002,0.6647556254745046,0.09401064212098541,0.042180479999999985,0.017033564249445875,0.0024089097577119846,-6.750139519999999,1.165306744864297,0.1647992602911933
ALA  93,71.09396,1.7503543293857857,0.24753748315758417,-2.3972800000000007,0.295279328094596,0.04175880304797925,-66.52444,1.8038862953077537,0.2551080463803183,-3.1168999999999993,0.9066928972921349,0.12822573922578928,0.16905225600000004,0.022173006151987012,0.00313573660187221,-0.7756077440000005,1.2715623555530957,0.17982607286262675
ALA  94,89.60546000000001,1.8381050156078014,0.2599473042138562,-2.2728000000000006,0.5142288984489254,0.07272294823506473,-87.90892,1.9801795760987837,0.2800396812453106,0.5653399999999997,0.961156149852874,0.13592800626802412,0.057421440000000004,0.020697474912423464,0.002927064972802615,0.04650143999999916,1.151656890344235,0.16286887935252414
SER  95,71.44511999999999,4.386785482058688,0.6203851523948791,-2.0395599999999994,0.7621410672572391,0.10778302337566927,-70.58124,6.1860775215318204,0.8748434728841642,-0.9080199999999999,1.3332856331634269,0.18855506249369175,0.08658460799999998,0.029969335275136504,0.004238304040140446,-1.9971153919999995,2.05606179914224,0.2907710481424182
LEU  96,71.72724000000001,1.7561460253631982,0.24835655265762402,-1.751440000000001,0.29314386638644885,0.04145680315702024,-65.83014,1.4987545230622608,0.21195589731826686,-3.2198600000000006,0.47997937497355303,0.067879334174696,0.24149275199999998,0.022421993707413723,0.003170948759646868,1.1672927519999983,1.393635249011236,0.19708978701528954
ASN  97,98.44979999999998,2.299691022725831,0.3252254233606524,-1.8908,0.49940656783826964,0.070626754137508,-93.91467999999999,2.7719000879542266,0.3920058697928042,-3.1346600000000002,0.9368027030276965,0.13248390878895433,0.1905166079999999,0.03939383149196798,0.0055711290769781445,-0.2998233919999991,1.3472509593290556,0.19053005786033134
SER  98,79.02029999999999,2.172881398052031,0.3072918342553394,-1.7436200000000002,0.29915192728779033,0.04230647127804431,-69.31760000000003,2.2627403916481676,0.3199998149998247,-4.37086,0.8858935604235976,0.12528426879700405,0.270344736,0.06332866886030623,0.008956026238927977,3.8585647359999995,1.571541369664762,0.2222495118810296
ARG  99,87.70576,1.3776082543308545,0.19482322769118185,-2.6436800000000007,0.5642571555594095,0.07979801220581821,-78.68180000000001,1.6988273484951282,0.24025046763721344,-5.2574000000000005,1.1446862102777327,0.161883076323623,0.0056155680000000005,0.010272896559265842,0.0014528069638969658,1.1284955680000008,1.6387484556050802,0.23175402912346682
VAL 100,57.26182,1.8895170461256174,0.2672180632965997,-3.0874799999999993,0.41046530864374514,0.05804856063676428,-63.42092000000002,1.8042782029376954,0.2551634704888644,0.9989399999999999,0.7990825591889741,0.11300733926608486,0.0038646719999999996,0.011138569741848186,0.001575231639436029,-8.243775328,1.3132488223714776,0.1857214295368239
ALA 101,80.52808,1.9076149489872223,0.269777493264339,-3.0253999999999994,0.6344563026718243,0.08972567079715832,-76.33306,1.4745327586733072,0.2085304225479205,-1.2433799999999997,0.5826154440108855,0.08239426625682168,0.00805824,0.008718738854857392,0.0012330158735328592,-0.065701759999999,1.3940853109404825,0.19715343538371435
SER 102,76.34576000000001,3.1804397341244584,0.44978210063090895,-2.2870599999999994,0.4069950078317943,0.05755778598938675,-73.6906,3.0248199020768762,0.4277741329253176,-1.4743400000000007,0.8232585161418006,0.1164263358866884,0.16679232,0.031150825220375697,0.0044053919505769165,-0.9394476800000016,1.2093030184174305,0.17102127296646508
ILE 103,73.37858000000001,1.7740668881408335,0.2508909453765799,-2.6379200000000003,0.4570835739774525,0.06464137894568792,-69.67702,1.6124475121996142,0.2280345140367451,-1.6455799999999998,0.7212560735272886,0.10200101211262577,0.044375327999999985,0.023054008766399334,0.0032603291864510163,-0.5375646719999999,1.1710896026081181,0.16561707987625188
SER 104,64.21497999999998,2.0320779462417256,0.2873792191374313,-3.0508800000000003,0.4201758508053511,0.05942183867905816,-62.49776000000001,2.435545364471428,0.3444381286210416,-1.0685799999999999,0.8044884111036033,0.11377184217546978,0.07481894400000001,0.023332164394519034,0.003299666332624745,-2.3274210560000004,1.1482601773380714,0.16238851159244358
LEU 105,86.15548000000001,1.8047369031515914,0.2552283404952199,-2.374539999999999,0.3828329249163431,0.05414075145396532,-73.75262,1.9105107891869824,0.2701870269128355,1.9016399999999996,1.3698368334951427,0.1937241828167046,0.10307592,0.030479755713981697,0.004310488390853176,12.033035919999996,1.2453689932795606,0.17612177204548823
PRO 106,67.44085999999999,1.4937911501953973,0.21125397039592358,-2.7850999999999995,0.2908887244291295,0.041137877922908475,-72.92741999999998,1.9010785579775589,0.268853107982855,6.404180000000001,1.5145657686610976,0.21419194511465559,0.03886704,0.02027258839998485,0.0028669769459666056,-1.828612960000001,1.4507374720544146,0.2051652608422212
THR 107,62.31861999999999,2.230341820349601,0.3154179651066302,-1.4743799999999998,0.23125301208849441,0.03270411460351781,-58.72702,1.611836089557523,0.22794804581746636,-6.43554,0.7487024030948548,0.10588250926380716,0.2815352640000002,0.026939484270917524,0.003809818401926823,-4.0367847359999995,1.4246054095579412,0.2014696291226918
SER 108,58.96001999999999,2.351293401428397,0.33252310174184047,-2.0410200000000005,0.537488808813724,0.0760123963048128,-62.929079999999985,2.4659879305466035,0.34874335760273684,1.501079999999999,0.8575057513509757,0.12126962633734809,0.089476848,0.01766702347704602,0.0024984944208002358,-4.419523152,1.31053218375076,0.18533723881867536
CYX 109,70.96982,1.9941722161336988,0.28201853937638877,-2.0401000000000002,0.31964838494821046,0.045205108118441514,-67.27411999999998,1.4398415140571335,0.20362433968474095,-1.5328799999999998,0.9007162181286626,0.12738050915269578,0.12462364799999998,0.028682577469078832,0.0040563290060588245,0.24734364800000058,1.6600957067172823,0.23477298632769286
ALA 110,87.03608,1.5962353189925056,0.2257417636858145,-2.4407799999999997,0.2994423677437814,0.04234754576123675,-82.35081999999998,1.7464141512256555,0.24698025781836191,-1.4237,1.0506672213408006,0.14858678339610146,0.15225623999999993,0.0443926437570912,0.0062780678870875675,0.9730362399999986,1.0654239721413,0.15067370310796407
SER 111,66.49064,3.2305373531968464,0.4568669738643862,-1.6456399999999995,0.8139081461688424,0.11510399388379204,-69.31913999999999,2.6483349411284376,0.37453111914503884,-0.6466000000000001,0.7189270338497502,0.1016716361626978,0.09792014400000003,0.023704554674409354,0.0033523302710564253,-5.022819856000001,1.639083007302992,0.231801341878317
ALA 112,76.73877999999999,1.5600759121279586,0.2206280513262936,-1.6620999999999995,0.37591457806262457,0.05316234945899232,-70.42273999999999,1.7022803037104435,0.24073878924679004,-3.0686600000000004,1.0261239030448492,0.14511583403612405,0.20685283200000004,0.02490983699946199,0.003522782932114227,1.7921328320000003,1.2181417627950448,0.1722712601837822
GLY 113,85.36421999999999,1.6472660293961245,0.23295859596084767,-1.9509200000000004,0.48104868111242,0.06803055689908745,-84.90622000000002,1.2932872579595132,0.1828984380250655,-3.8876200000000005,0.7973929994676366,0.11276839943884939,0.40262630400000005,0.049498009774004904,0.007000075673287375,-4.977913696000002,1.4941957444310643,0.2113111886614574
THR 114,65.13866,1.7703940195330434,0.2503715233167848,-2.6976399999999994,0.43021570217741,0.06084168807651575,-67.10515999999998,1.2091990797229721,0.17100657381532924,-0.8732000000000001,0.4589230436576483,0.06490151924261862,0.06500779200000001,0.01245214611446293,0.0017609993915724913,-5.472332208000001,1.1883403593690642,0.16805670529350483
GLN 115,64.77554,1.565927319002969,0.22145556522245388,-2.4742800000000007,0.34517114827285134,0.04881457192273608,-63.82519999999999,1.8074861327273017,0.25561714027042465,1.2772600000000003,1.0368833263197936,0.14663744626799796,0.14847278400000002,0.03766542133035747,0.005326694967788839,-0.09820721599999857,1.2988298193459495,0.18368227457336386
CYX 116,79.69490000000002,1.3197301580235936,0.1866380288149754,-2.8566000000000007,0.7535006834767929,0.10656108858302772,-79.00323999999999,1.2651598090362655,0.17892061605084417,2.4081599999999987,0.599292294627593,0.08475272908880348,0.020129328000000005,0.01437833198814159,0.0020334032101932743,0.26334932799999794,1.0196055044292576,0.14419399326341167
LEU 117,91.16534,1.8871983108303223,0.2668901446063838,-2.5847800000000003,0.8075641965812996,0.11420682392922062,-89.38356000000003,1.792250899398455,0.25346255291046726,1.0268400000000002,0.6015537668405038,0.0850725495562463,0.011197151999999997,0.00771088851270047,0.0010904843112607907,0.23503715199999992,1.1766394296411693,0.16640194394214847
ILE 118,78.37904000000002,2.185686427280113,0.30910273885543316,-2.66874,0.7352416965869104,0.10397887789354128,-83.08939999999997,1.6874493059066715,0.23864136942302805,4.256699999999999,0.4800982920194708,0.06789615158460942,0.000368208,0.0008510972691390801,0.00012036333009151914,-3.122031792000001,1.4588179743741032,0.2063080164393503
SER 119,59.85713999999998,2.4370059336003638,0.34464468428813405,-3.2750800000000004,0.5202643881720121,0.07357649537726,-62.22914,2.2063509059980895,0.3120251374616664,1.40916,0.4896623064929547,0.06924870748252278,0.0001296,0.0005026775793687242,7.108934502441276e-05,-4.237790400000001,1.3551281469428464,0.19164406041600937
GLY 120,70.82753999999997,1.6421091584923027,0.23222930428368846,-4.5996999999999995,0.49181562602261,0.06955323285081891,-72.63063999999999,1.4874046760724353,0.21035078656387982,0.9494199999999999,0.5706245031542194,0.0806984911383106,0.00032500800000000006,0.0010040662774618019,0.00014199641471079473,-5.453054992000001,1.446736638845911,0.20459945758379536
TRP 121,71.97379999999998,1.2574157625870042,0.1778254424992249,-3.741000000000002,0.40427282866894326,0.057172811720255415,-68.16748000000001,1.105856432634084,0.15639171650686506,-1.9977999999999998,0.5544941117811806,0.07841730931369685,0.0072012959999999985,0.005812931081131447,0.000822072597207619,-1.925278704,1.099893287807464,0.15554840047804497
GLY 122,72.29482,1.8358741753179673,0.25963181575451905,-3.4798799999999988,0.8777061157357894,0.12412638926513628,-76.13602000000002,1.698765298561833,0.2402416924514924,1.2323600000000001,0.5337595248798839,0.07548499591309513,0.000114624,0.0004921827313346132,6.960514938192432e-05,-6.0886053759999985,1.5806662288561832,0.22353996184335487
ASN 123,99.15571999999996,1.3077207965038133,0.1849396486213039,-3.8683199999999984,0.8200747390329785,0.11597608181000146,-101.17336000000005,1.7186868680449865,0.24305902782617578,-0.0689,0.6134069204043919,0.08674883860894046,0.0,0.0,0.0,-5.954860000000001,1.5753455622180155,0.2227875059512986
THR 124,71.19326,1.6046869079049213,0.22693699885216853,-2.3832399999999994,0.6330475988423,0.0895264499910503,-69.28928,1.7271788099669871,0.24425996976987358,1.5151000000000006,1.200525122602605,0.16977989103542268,0.049825295999999984,0.017757854557180795,0.002511339875341395,1.0856652960000006,1.5625682139008197,0.22098051602316424
LYS 125,86.48922,1.9929145419717047,0.28184067739069496,-3.47744,0.4324076854081126,0.06115168131785115,-66.91196,1.874055505688304,0.26503147127843685,-15.033680000000006,0.9936409299137491,0.1405220479213038,0.020825136,0.012095954390485431,0.0017106262748870882,1.086965136,1.6323277269869965,0.23084600097426572
SER 126,64.18368,2.019085738050642,0.2855418434345308,-2.46066,0.40134377334151083,0.0567585807433558,-63.58991999999998,1.968774124577044,0.2784267068226073,-5.7116,1.0265619708522251,0.14517778617956706,0.12712118400000003,0.041368466592221355,0.005850384650929773,-7.451378816000001,1.3351793081785657,0.18882286858260539
SER 127,66.87263999999999,3.706357833561321,0.5241581515230183,-1.7373000000000003,0.2677658118580479,0.037867804266949384,-65.47666,4.985422411832278,0.7050451988971993,-1.9773999999999998,2.898116547000827,0.4098555726106453,0.18784396799999997,0.06904684524488408,0.00976469849843913,-2.1308760319999998,1.2029146850047971,0.17011782619115437
GLY 128,81.43938,2.333926141847433,0.33006700033777514,-2.01572,0.5693661401945167,0.08052053174191065,-75.62869999999997,2.610502589541907,0.36918081667402497,-7.0197600000000016,1.465777153048845,0.20729219292583004,0.37819123199999993,0.07222250657099484,0.010213804830128088,-2.8466087679999994,1.708614247388392,0.24163454415205626
THR 129,65.65700000000001,1.723298256251188,0.24371117660043354,-1.4667,0.39351102907034347,0.055650863425467295,-65.25117999999999,2.4552494104672937,0.34722470152913926,-2.12722,1.3196007925126443,0.1866197337689666,0.23158670399999995,0.031018761193529084,0.004386715276790108,-2.956513296,1.22637765948617,0.17343599186367148
SER 130,57.51742,3.0120439113001303,0.42596733498239475,-2.28542,0.8196245991916065,0.11591242242313819,-62.20637999999999,2.8697585814142963,0.4058451506572672,2.28624,0.7677218131589088,0.1085722600298992,0.049344048,0.012442979391033955,0.0017597030211129133,-4.638795951999999,2.0763215487138744,0.293636209403867
TYR 131,82.98462,2.342919331858956,0.3313388294661046,-1.9966799999999998,0.38642833436486135,0.0546492191344032,-66.89411999999997,1.700746243742156,0.24052184040552546,-4.222519999999999,0.86811490575845,0.12276998734218411,0.19561248000000003,0.024710793940915462,0.0034946339928249547,10.06691248,1.472137407008343,0.20819166866679598
PRO 132,54.675239999999995,1.3831958727532414,0.19561343626661237,-2.755119999999999,0.28468534489854974,0.040260587576439126,-51.415240000000004,1.3946763719227842,0.19723702402945043,-0.44618,1.0007865444738955,0.14153259042354877,0.09277142399999998,0.01674002185330199,0.0023673965939361667,0.15147142400000052,1.441171726595428,0.20381246014599044
ASP 133,83.5065,2.059922117459292,0.2913169795943234,-3.199400000000001,0.5245658776550306,0.074184817853789,-78.42824000000002,1.9953475242168843,0.2821847530395095,-1.8800400000000002,0.8997576553717122,0.12724494790756927,0.047072304,0.013559637847567474,0.0019176223744897442,0.0458923039999991,1.6704303858826333,0.23623453067153424
VAL 134,69.6518,1.8920245981486554,0.2675726847045333,-3.5123599999999993,0.4337862496668238,0.061346639744978365,-70.35464,1.465022877090767,0.20718552219686145,3.7427200000000003,0.8511443130280532,0.12036998310210037,0.006504048000000002,0.005848201426703426,0.0008270605773133668,-0.4659759519999978,1.6041579874220668,0.22686219820014156
LEU 135,86.60164,1.462208682233376,0.20678753494341315,-3.51584,0.559478806032903,0.07912225153520376,-84.29682000000001,1.616471721868635,0.22860362322592132,3.3881000000000006,0.5755181404612696,0.08139055596320713,1.9152000000000002e-05,0.000134064,1.895951270259866e-05,2.1770991519999994,1.4670325137981215,0.2074697277455598
LYS 136,79.58527999999998,1.6652434781751058,0.23550099114885795,-3.9413600000000004,0.5517952069382238,0.07803562653045046,-70.64872,2.2267333027554015,0.3149076436544524,-7.3682399999999975,1.0806730969169291,0.15283025501516553,0.0,0.0,0.0,-2.373039999999999,1.8245101255953604,0.25802469643039977
CYX 137,75.44731999999999,2.013951175575481,0.28481570664560835,-3.2560600000000006,0.6057825487747195,0.08567058963261492,-79.65023999999998,1.532491860468756,0.21672707733012916,2.5710999999999995,0.5806696565173702,0.08211909035053916,0.000805104,0.0032668918204899287,0.0004620082719342588,-4.887074895999999,1.1037719511843065,0.156096926313186
LEU 138,99.11864000000001,1.9275130791763453,0.27259151382227126,-3.0382800000000016,0.6725744580341946,0.0951163920257692,-89.37791999999999,1.830785993392538,0.25891223816584263,-0.8724799999999999,0.643702112471289,0.09103322575851082,0.0025919999999999997,0.007223670403112257,0.0010215812654194476,5.832552,1.560211609711354,0.2206472418625755
LYS 139,76.74470000000001,1.6070103453301305,0.22726558252397416,-2.5124600000000004,0.5690766981699366,0.08047959845824246,-63.03722000000002,2.226333769136652,0.3148511410682264,-11.93044,1.0605118417066361,0.14997902295987936,0.038289888,0.01510056581616251,0.002135542497672457,-0.6971301120000006,1.6761905707746643,0.23704914383114295
ALA 140,86.76646000000002,1.505526900588544,0.21291365613298494,-3.0849800000000016,0.8739054980946115,0.12358890076378146,-83.24753999999999,1.8547221593546206,0.2622973232193217,2.659919999999999,0.44154070435238746,0.06244328524349154,0.00018086399999999998,0.0010287463605301358,0.00014548670553036797,3.0940408639999997,1.361666307110882,0.19256869589426973
PRO 141,64.34120000000003,1.349632587038412,0.1908668708810409,-3.5169799999999993,0.44996299803428524,0.06363437743861444,-68.13977999999999,1.5425746308047033,0.21815299638566812,6.56988,0.718354526400438,0.10159067138276008,0.0,0.0,0.0,-0.7456800000000005,1.4937765085848698,0.21125189975950528
ILE 142,67.74225999999997,1.8466315367187143,0.2611531363933476,-2.90746,0.5332423542818068,0.075411856945709,-68.04318,1.2529330658894986,0.17719149345266316,1.6964599999999999,0.4945887669569534,0.06994541420279096,0.009178848,0.006771802119088836,0.0009576774398522297,-1.5027411520000007,1.5402639543196026,0.21782621738331953
LEU 143,85.62907999999997,2.0223973876575707,0.2860101814133254,-2.8374200000000003,0.40592457870889664,0.057406404451070654,-82.68499999999996,1.5642541992923806,0.2212189503638351,-1.4860399999999998,0.6177757832741592,0.08736668912119777,0.068051952,0.018645752108469547,0.0026369075512444368,-1.3113280480000018,1.5159398060514195,0.21438626334591568
SER 144,68.17117999999999,3.809503010577843,0.5387450823460321,-2.6318400000000004,0.5690543861530254,0.08047644306255049,-70.88361999999998,3.8677953094241526,0.5469888583070678,-1.0961000000000005,0.8140339366390067,0.1151217833426844,0.042795936,0.018726953390210174,0.002648391146636404,-6.397584064000004,1.6096490089751316,0.22763874591530428
ASP 145,84.79610000000001,3.081751691813878,0.43582550384294166,-2.4648800000000004,0.8340222932272243,0.11794856384034509,-93.20927999999998,2.016422317274464,0.2851651788561331,7.861419999999999,1.2661600860870699,0.17906207658798198,0.07216588800000003,0.024503834456514224,0.003465365501854757,-2.9444741120000013,1.3506681631250899,0.1910133234557058
SER 146,76.21928000000003,2.38067980240828,0.33667896642334894,-2.5722000000000005,0.6746980954471399,0.09541671970886421,-77.78329999999997,3.1643814640472967,0.44751111829777174,-0.7542400000000002,1.0706870048711712,0.15141800833454383,0.075390336,0.03609004195432171,0.005103902679841576,-4.815069664000001,1.5494437661914038,0.21912443882823301
SER 147,62.489480000000015,2.6552768611949973,0.3755128548957427,-3.340760000000001,0.483676361216874,0.06840216698321713,-62.1328,2.431860431850461,0.34391700045214135,-0.9707800000000003,0.8043174569782751,0.1137476656112115,0.04767134399999999,0.020039649242880087,0.0028340343744480746,-3.907188656,1.5655985550215126,0.22140907097431434
CYX 148,84.3401,1.4795470692064494,0.2092395531441125,-4.360659999999999,0.4166149113990062,0.05891824579873399,-75.33328,1.1324719694541294,0.16015572182093993,0.46192000000000016,0.4566308285694251,0.06457735107605447,0.0018986399999999998,0.0032047458817197967,0.0004532195089887459,5.10997864,1.482708879797302,0.20968670068603637
LYS 149,90.92214000000001,1.4545676747392722,0.20570693330057754,-3.419600000000001,0.6274254696774693,0.08873136085961861,-78.91015999999999,1.6136899127161588,0.22821021600278477,-11.518860000000002,1.0697320600973,0.15128295874949121,0.029730816000000004,0.019526507630145844,0.0027614651916333974,-2.8967491840000004,1.6543721028509846,0.23396354650635592
SER 150,59.393600000000006,2.6630412163538186,0.37661090053261137,-2.6763600000000007,0.276285197576703,0.039072627349590355,-64.27028,3.352126913110477,0.47406233433166944,-1.7348799999999998,0.8967585324935582,0.12682080788261837,0.19069300800000005,0.03349661511880723,0.004737136739460884,-9.097226992000001,1.3944953971351493,0.19721143032953833
ALA 151,73.7865,1.4889497808851042,0.21056929738201624,-3.2660199999999993,0.4989659503413107,0.07056444141350618,-72.59356,1.7474306070341148,0.24712400637734955,1.5713599999999996,1.164844534862915,0.1647338939259314,0.037681919999999994,0.018754195463287698,0.002652243757557743,-0.46403808000000046,1.2343751418447622,0.17456700666530756
TYR 152,90.69851999999999,1.4367657740914292,0.20318936436735777,-3.1354200000000003,0.42963086900268077,0.06075898017577297,-80.45842000000003,1.1604704751068124,0.16411530846296032,1.02996,0.6177253098263011,0.08735955109774772,0.010678752,0.007629936086815931,0.0010790359094014989,8.145318752000001,1.2107181902400492,0.17122140848492864
PRO 153,59.62489999999998,1.2475829471429007,0.17643487240348862,-1.6427799999999997,0.3279084805246767,0.04637326203751517,-57.974799999999995,1.4543674913859999,0.20567862309926163,0.7809,1.2641747861747596,0.17878131278184525,0.13079663999999996,0.02444845858836937,0.0034575341714788935,0.9190166399999999,1.1005159845880241,0.15563646310127638
GLY 154,67.54065999999997,1.4269793496763514,0.20180535495386354,-1.6091200000000003,0.2671071425477036,0.0377746543597686,-62.35662,1.7386027825813073,0.24587556347060863,-7.849320000000001,1.067673553854357,0.15099184200479127,0.6546438720000001,0.03647147902075393,0.005157846027095601,-3.6197561279999992,1.287959434345493,0.1821449699837776
GLN 155,78.32359999999998,1.6058074106193483,0.2270954618657104,-2.1428999999999996,0.4629421670144132,0.06546990911861736,-74.40245999999999,1.9350238159774422,0.27365369240702386,-1.0857000000000003,0.9848795713182393,0.13928300470624538,0.10450598400000001,0.043017189535269916,0.006083549285595269,0.7970459840000007,1.7510292671696817,0.24763293377435855
ILE 156,80.93168,1.5492936640936552,0.21910321118599532,-2.0222600000000006,0.3946609587988126,0.055813488047245,-79.69310000000002,1.8798821585394465,0.2658554844269694,-0.9632399999999997,1.4167896464895555,0.20036431330953122,0.133590384,0.0350096181214668,0.004951107676088123,-1.6133296159999988,1.2332387591393532,0.174406297881904
THR 157,65.53694,3.3417313321692306,0.4725921771760836,-2.3434399999999993,0.5046349238806214,0.07136615533990892,-63.6592,2.560933072143711,0.3621706282955432,-2.42854,0.6541722773092741,0.09251393066992687,0.08620848,0.02305074992716721,0.00325986831698705,-2.8080315200000014,1.6312841015269526,0.2306984100463025
SER 158,52.12342,2.7334655811992863,0.38657040972120854,-1.8014999999999999,0.6624820374923389,0.09368910822502269,-55.995819999999995,3.285482075373433,0.4646373309926812,1.6928600000000003,1.0385453867790264,0.14687249711229108,0.13287096,0.03434722744835156,0.0048574314887372206,-3.8481690400000006,1.3799724600433825,0.19515757686947155
ASN 159,80.9094,1.4762997663072395,0.20878031516399287,-2.996719999999999,0.7371958502324918,0.10425523695239548,-78.64470000000001,1.4938226166440403,0.21125842042376664,0.20056000000000002,0.6544486583376881,0.09255301684980344,0.000168192,0.0006680121974455257,9.447119094581162e-05,-0.531291807999999,1.4807383717702924,0.20940802876838016
MET 160,80.81893999999998,1.5842430420870872,0.22404579962147686,-3.5609000000000015,0.5316417684870087,0.07518549993183449,-81.68505999999998,1.569213859359319,0.22192035221697753,3.042539999999999,0.9366448891655837,0.13246159053854129,0.033373440000000004,0.01533928501155121,0.002169302490044206,-1.351106560000003,1.2073687731886469,0.17074772938291496
PHE 161,74.75924000000002,1.5043868991712148,0.21275243558643378,-3.2911,0.5518457483753929,0.0780427741690411,-76.00104000000002,1.2426840138965536,0.17574205861967418,-0.25614,0.4188468937451965,0.05923389576922996,0.020697120000000003,0.011260689881814527,0.0015925020352539588,-4.76834288,1.0831159881426409,0.1531757320054459
CYX 162,72.93926,1.8259770952562222,0.2582321572693978,-3.4824600000000006,0.48221274184741086,0.06819517994697245,-73.07986000000001,1.4924874674180952,0.2110696018094543,2.500380000000001,0.41435288776596424,0.05859834734870835,0.005837184000000003,0.006750973107200472,0.0009547317727418941,-1.116842816,1.2115044508379378,0.171332602525038
ALA 163,84.07116000000002,2.4148056349104596,0.34150508793853446,-3.8653200000000005,0.46622618716669184,0.06593433970246326,-80.08104000000002,1.7612058478206134,0.24907211961187167,0.7140800000000002,0.634729480645101,0.08976430399663328,0.000278496,0.0006805694112902814,9.624704915829888e-05,0.8391584959999991,1.321586792160757,0.1869005965326895
GLY 164,78.24976,2.493858797606869,0.35268489342190934,-3.8454800000000002,0.46751527205000887,0.06611664383496697,-75.21034,2.3263812723625548,0.32899999466259017,-1.7980800000000008,0.7036290170253048,0.09950816987564354,0.004006656,0.004615012018886191,0.000652661258762369,-2.6001333439999974,1.3563882053245706,0.191822259581291
TYR 165,75.03685999999999,1.8095240701362523,0.25590534814272514,-3.34398,0.5508709282581519,0.07790491378597346,-72.54108000000001,1.530824194216784,0.21649123370702406,0.4277400000000002,0.5172571047361262,0.07315120127516701,0.009005184000000001,0.008594430432026543,0.0012154360077843995,-0.4114548159999988,1.4161902879584127,0.2002795512131846
LEU 166,80.02482000000003,1.5904864122636428,0.22492874549933695,-2.5645,0.47680110108933144,0.06742985837149576,-82.23728000000001,1.2857054878923724,0.18182621381949102,1.2167400000000004,0.5933371995754174,0.0839105514700027,0.034654319999999995,0.012413444997163375,0.0017555262270760891,-3.52556568,1.1466757850262217,0.16216444468288982
GLU 167,80.65990000000001,1.1916442464087247,0.16852394547950847,-1.494,0.731572744161508,0.1034600096655707,-90.96448000000001,3.1362537603958605,0.4435332602995445,5.0185,2.3914965210093855,0.33820868143795463,0.15781132799999997,0.044019648846028166,0.00622531844089542,-6.622268671999998,1.4778584084711999,0.2090007404527088
GLY 168,76.72534,1.3802356119164212,0.19519479216425306,-3.133139999999999,0.4558805110991332,0.06447124016179724,-75.17378000000002,1.8425220898534311,0.2605719728442741,-2.764000000000001,1.0952424389147792,0.1548906711199867,0.049697568,0.024802390038618775,0.0035075876371882023,-4.295882432000001,1.4240835189673715,0.20139582264756595
GLY 169,77.21734000000001,1.1084619002920089,0.15676018527668123,-2.3655000000000004,0.44141229026840273,0.06242512474957445,-69.7092,1.1463907361800985,0.1621241326884772,-2.6899800000000003,0.8610702524184652,0.12177372291262178,0.3423307679999999,0.045377509041539865,0.006417348871325342,2.7949907680000012,1.1221800183290787,0.15870022013450713
LYS 170,77.38072,1.6663142205484336,0.23565241698747474,-2.87432,0.4678106642649365,0.06615841860262398,-66.91748,1.423068617320328,0.20125229388019356,-7.41042,0.7966666075592745,0.11266567211000901,2.376e-05,0.00016632000000000002,2.3521199969389318e-05,0.17852375999999762,1.7470297861634594,0.24706732174621324
ASP 171,92.99779999999997,1.9178512768220537,0.27122512862963055,-3.8750600000000004,0.6872822829085565,0.0971963925668023,-109.75512000000005,1.7718670789838695,0.25057984538213884,7.145980000000001,0.5616538610211663,0.07942985076153468,0.0005351039999999999,0.0010493643106109529,0.00014840252399363026,-13.485864896,1.346391751882292,0.19040854757792086
SER 172,67.93914000000001,1.8522892323821603,0.26195325538725006,-3.10662,0.4828351225832689,0.06828319787473347,-68.97104000000002,1.5577146716903898,0.22029412150121022,1.1875999999999998,0.5500013818164464,0.07778194134887614,0.02709014400000001,0.009499934429334951,0.0013434936111620596,-2.923829856000001,1.4073480250041648,0.19902906639398796
CYX 173,76.13252,1.5737376559010234,0.22256011365924702,-2.39082,0.7013389676896601,0.09918430799274632,-75.59197999999998,1.6532181645516555,0.23380035498705062,0.39553999999999995,0.42693541478776387,0.06037778538502385,0.07673918400000002,0.012950345787373446,0.0018314554649924806,-1.378000816,1.5977581302789003,0.22595712172322993
GLN 174,79.67092,1.4483756949090325,0.20483125511519099,-2.2014199999999993,0.7009556074388753,0.09913009266615286,-79.81536,1.408367249831633,0.19917320655139925,0.7610000000000001,0.6842561216386739,0.09676842873582268,0.03185568,0.014480046718156692,0.002047787845261322,-1.5530043199999994,1.222587989871715,0.17290005164710393
GLY 175,69.42146,1.2769662518641196,0.18059029920789754,-3.9531,0.584037884045205,0.08259542965564139,-70.88574,1.2509402353432928,0.1769096646540676,-0.20342000000000005,0.7555621507195818,0.1068526240763417,0.03750710399999999,0.018850474674649027,0.002665859694205921,-5.583292896,1.359488859318042,0.19226075827427036
ASP 176,85.57546,1.8650949167263278,0.2637642526347491,-3.05646,0.7711916029107144,0.10906296240245787,-90.63104000000001,1.2647556121236605,0.17886345397527664,3.02788,0.5869933437441999,0.08301339477457796,0.00017683200000000003,0.0006022078622668422,8.51650526185477e-05,-5.0839831680000005,1.5209831696979879,0.2150995026728113
SER 177,78.10222,2.338794033599347,0.33075542419134724,-2.955379999999999,0.6991273672228895,0.09887154045528056,-78.94842,2.0016647180790432,0.2830781391631101,1.2582999999999998,0.40855199179541424,0.05777797677316163,0.000687312,0.0019088579438648647,0.0002699532792857312,-2.5425926879999987,1.599254195557846,0.226168697303998
GLY 178,68.69412,1.404180553062929,0.19858111821621477,-4.71988,0.5893633392059627,0.08334856274705674,-69.5839,1.026987443934189,0.14523795715986088,1.3324599999999998,0.3720994066106538,0.05262280273797675,0.00023774400000000002,0.0008899415414868551,0.0001258567397689929,-4.276962256000004,1.3065532485212885,0.18477453240214312
GLY 179,83.39944,1.2598449136313579,0.1781689763344227,-3.60038,0.7448723082515565,0.10534085205655039,-77.15899999999999,1.203169165164141,0.17015381512042424,0.30038000000000004,0.4912160376046369,0.06946843824356497,0.000130896,0.00040795403317530764,5.769341265413236e-05,2.9405708959999974,1.2999329465191736,0.18383828031430344
PRO 180,65.35402,1.2980745354563756,0.18357546130135613,-4.04252,0.26564248455396644,0.03756752043987047,-66.1341,1.3841430742519205,0.1957473907871856,4.97606,0.7445099437885305,0.10528960598273705,0.0009267840000000003,0.0014938402312643744,0.0002112609115072639,0.15438678399999983,1.3298436789297277,0.18806829665785524
VAL 181,73.17719999999998,1.5416801094923953,0.21802649196849835,-2.9704799999999993,0.7362050866436637,0.10411512182195287,-76.52146,1.3846604668297324,0.19582056114724686,1.8524200000000002,0.5787877362211477,0.08185294662991685,0.0,0.0,0.0,-4.462319999999999,1.3011027083209143,0.18400370961478021
VAL 182,54.37177999999998,1.8493340670638139,0.26153533190002404,-2.0787999999999998,0.7985777357277124,0.11293594644753281,-59.78455999999996,1.4477516107418882,0.2047429962858672,1.7303199999999996,0.5421023312991754,0.07666484691173665,0.014718959999999998,0.009789429289023951,0.0013844343668430077,-5.746541039999999,1.1800395046747425,0.166882787164705
CYX 183,81.99960000000002,1.7945421588805384,0.25378658593391507,-2.82948,0.5343040797149119,0.07556200759641037,-81.63418,1.8230754640445208,0.25782180464813853,0.9658400000000001,0.7622283216989508,0.10779536301715387,0.007964928000000003,0.0061261456397653435,0.000866367824882895,-1.4902550720000003,1.3275392395272991,0.1877423997121971
SER 184,71.51347999999999,1.2058868975163362,0.1705381605155617,-1.3933799999999996,0.4069001789136994,0.05754437515517925,-70.36782000000001,2.642849845828869,0.37375540952868297,-1.88648,1.981744577285378,0.28026100583563174,0.3214971359999999,0.038348480753708815,0.0054232941578298615,-1.8127028640000011,1.198865451399165,0.1695451780829242
GLY 185,78.08901999999999,1.4636136305735192,0.20698622464311955,-2.3269999999999995,0.33566036405867306,0.0474695439202866,-67.95450000000001,1.2551206834396091,0.17750086929352832,-5.119999999999999,0.8752612181514786,0.12378062853290173,0.389233872,0.03600020242915921,0.00509119745234938,3.076753872,1.3336120719144906,0.1886012279045956
LYS 186,83.5226,1.7000202822320865,0.24041917394419535,-3.6461200000000002,0.45446754075510865,0.0642714159794222,-68.85974000000004,1.9741543486754585,0.2791875854114657,-11.619719999999997,1.0588887201212611,0.14974947890393758,0.0,0.0,0.0,-0.6029799999999998,1.448907622866274,0.20490648108832463
LEU 187,81.01902,1.3410429447258456,0.18965211201560436,-3.5348000000000015,0.7125952006574184,0.10077617972516982,-84.69734000000003,1.2793736375253875,0.1809307549531003,4.550559999999998,0.6405538278708601,0.09058799108049714,0.0,0.0,0.0,-2.6625599999999996,1.2935342153959444,0.1829333630806585
GLN 188,74.41253999999999,1.3075743835063631,0.18491894269663373,-3.492039999999999,0.5757193746957001,0.08141901478156167,-75.81482000000001,1.2371587883523676,0.17496067372969837,3.1405000000000007,0.6518416755623999,0.09218433381003488,0.005377680000000001,0.0061832255644444995,0.0008744401452449446,-1.74844232,1.5152682411802785,0.21429128973103756
GLY 189,80.82768000000002,1.5885277641886368,0.22465175083217798,-4.136760000000001,0.5608491262362739,0.07931604407684385,-80.38285999999998,1.5661606432298423,0.2214885622510613,0.5742999999999997,0.44612246076609985,0.06309124344946773,0.0,0.0,0.0,-3.1176399999999984,1.29266241161411,0.18281007140745867
ILE 190,79.01227999999999,1.988511544246526,0.2812179994808904,-3.4314999999999993,0.6769192935646071,0.09573084455910819,-80.96752,1.6496952353694925,0.23330213756418114,2.7228,0.4540329943957825,0.0642099618439383,0.0,0.0,0.0,-2.663939999999999,1.2541112456237693,0.17735811322857503
VAL 191,66.43313999999998,1.7093461441156412,0.2417380499798495,-3.048400000000001,0.6057154447428187,0.08566109968941452,-69.95733999999999,1.1678882414000729,0.16516433903240463,0.38670000000000004,0.37692462111143654,0.05330519111681337,1.9152000000000002e-05,0.000134064,1.895951270259866e-05,-6.185880848,1.4692531479138489,0.2077837728339128
SER 192,55.169880000000006,1.5485634845234215,0.21899994820087612,-3.0168,0.37942804324403767,0.05365922847004032,-51.56191999999999,1.3518141564581878,0.19117539138711143,-2.5400799999999997,0.42746063397698153,0.06045206259508487,0.08133019200000004,0.014856674009317465,0.0021010509875732625,-1.8675898080000004,0.9391444138213777,0.13281507670531226
TRP 193,72.86086,1.3853778980477842,0.19592202124311073,-2.59984,0.4121919145252617,0.05829273958221567,-71.71658,1.289565850820238,0.18237215158031797,-1.3994000000000002,0.3134689139292747,0.04433119894611447,0.15527995199999997,0.013153325009080551,0.0018601610618142928,-2.699680047999999,1.2011845954168074,0.1698731545752088
GLY 194,80.96712,1.7865406979972247,0.2526550084839171,-2.694,0.45802768475279,0.06477489637197441,-78.1309,1.4607910220150488,0.20658704751265364,-4.047999999999998,0.5692837956590804,0.08050888646603051,0.21858076799999995,0.02914951680574817,0.004122364200331152,-3.687199232,1.3873903819502553,0.19620662944600395
SER 195,59.068660000000015,1.405991886319954,0.19883727942202098,-1.4309399999999999,0.5625848348471553,0.07956151034262747,-58.24602000000001,1.4101179027296724,0.19942078625854076,-3.582440000000001,0.9594922023653933,0.13569268855763694,0.26677396800000003,0.02601356314944521,0.003678873381159438,-3.9239660319999996,1.338516690637951,0.18929484573629426
GLY 196,74.06436000000002,1.6579945326799814,0.23447583544564715,-2.8013999999999992,0.5345884398301225,0.07560222218956325,-69.58246,1.5872409295382155,0.22446976493066223,-3.7100999999999997,0.5847878333207697,0.08270148849930094,0.16908696000000006,0.030990010869465196,0.004382649366968731,-1.8605130399999996,1.3991652972389252,0.19787185393570708
CYX 197,72.40189999999998,1.683319568591282,0.23805733637098184,-1.6562599999999998,0.7764118188178228,0.10980121241589272,-74.75844000000001,1.8573845068800412,0.2626738360171417,3.733299999999998,0.7263146494461066,0.1027164027796944,0.053079984,0.017520815722007487,0.002477817521790274,-0.22642001600000008,1.788991174115614,0.2530015581400068
ALA 198,81.4353,1.3284321623640298,0.18786867807078284,-2.7963599999999995,0.749651085772576,0.10601667325472933,-82.84945999999998,1.4243271002140663,0.2014302702378275,3.43876,0.7927129760512331,0.11210654418007923,0.026787167999999993,0.01123614820260824,0.0015890313176962648,-0.7449728319999999,1.553787759159464,0.21973877220526142
GLN 199,93.76838000000002,1.6244054037075288,0.22972561527153298,-3.3436799999999995,0.4594053739346165,0.06496973104454178,-85.34361999999999,1.8458583790748704,0.26104379539076994,-1.8946599999999996,0.841710202147984,0.11903579834654783,0.02713622399999999,0.011998768857421342,0.0016968821649945187,3.2135562239999995,1.2847150596244832,0.18168614611059036
LYS 200,76.95194,1.4413340682859566,0.20383541872803884,-2.32794,0.48859264873716857,0.06909743503198974,-62.356899999999996,1.3219968419027819,0.18695858632333145,-11.058160000000003,0.9033326377364903,0.12775052676212065,0.10742731200000004,0.027030270233385553,0.003822657475866361,1.3163673119999988,1.4364919921817627,0.2031506457583795
ASN 201,89.2675,1.3219576430413968,0.1869530427671914,-2.2181800000000003,0.6622686974332995,0.0936589373845336,-84.71144000000004,1.465232707249736,0.20721519666252233,0.13317999999999997,0.674644400851293,0.09540912614629693,0.011795615999999998,0.008319456408765179,0.001176548808484748,2.4828556159999993,1.1061739505923178,0.15643662032714817
LYS 202,95.90991999999999,1.382903884440522,0.19557214288342215,-2.4493400000000003,0.5726372886915392,0.08098314199881321,-75.31183999999999,1.3985337087111238,0.1977825338295215,-7.419659999999999,0.6743868210456058,0.09537269886083731,0.00036633600000000004,0.0008908010861600922,0.00012597829774242862,10.729446336000002,1.4722145283024388,0.20820257526480176
PRO 203,62.74802,1.4286855845848248,0.20204665300867927,-2.5653999999999995,0.546462844116598,0.07728151654826673,-72.46174,1.2491189504606075,0.17665209607586374,6.3519000000000005,0.5435291068562823,0.07686662344606895,0.00047116799999999994,0.0007620487074826647,0.00010776996173108717,-5.926748832,1.2697635433859908,0.1795716824063386
GLY 204,79.44250000000001,1.6757628740367563,0.2369886583784097,-3.7077399999999994,0.7385979639831152,0.10445352578060763,-81.70386,1.2251563983423324,0.17326327945639006,0.4503399999999999,0.43890206698077877,0.06207012556778019,0.021218256,0.00816253168364227,0.0011543563010306991,-5.497541744,1.6864492228349512,0.2384999363186754
VAL 205,63.051399999999994,1.535491621598655,0.21715130761750742,-3.149619999999999,0.5908523297745439,0.08355913781269005,-64.99260000000002,1.3281918385525078,0.18783469115142126,0.30238,0.3805051321598699,0.0538115518453055,0.0016629120000000003,0.00211330435939928,0.00029886636864846474,-4.786777088000003,1.163476468373063,0.16454042010751369
TYR 206,81.69666000000001,1.6925620651539042,0.23936442276988654,-3.212579999999999,0.7514206568893381,0.1062669284020202,-85.62208000000003,1.5182586846772401,0.21471420230612892,2.5534799999999995,0.33614153209623293,0.04753759135673636,0.00040766399999999986,0.001418399919593906,0.00020059204031586095,-4.584112336000001,1.0393428435568686,0.14698527453135415
THR 207,76.01039999999999,1.943841989463438,0.2749007704609493,-3.4472999999999985,0.7129113900058084,0.10082089565164691,-74.40978,1.6083672502256137,0.22745747785457843,1.82256,0.4706062116037142,0.06655376869869951,0.00033076800000000006,0.0007887236508283495,0.00011154236839658732,-0.023789232000001773,1.2482031036130787,0.17652257577258054
LYS 208,88.87439999999998,1.651227458590261,0.23351882665012053,-3.442100000000001,0.5689539260783706,0.0804622358625451,-72.13919999999999,2.3324515857788977,0.32985846661871493,-8.014699999999998,1.2207557208549362,0.17264092967775949,0.000267408,0.000855333345039231,0.00012096240169044265,5.278667407999999,1.6148022654742373,0.22836752643844654
VAL 209,58.91880000000001,1.3599017611572508,0.19231915141236414,-2.96156,0.6596983601616724,0.09329543680159277,-65.28066000000001,2.010965495576406,0.2843934677308485,2.1659200000000003,1.0360963051763086,0.14652614467049888,0.000267552,0.0008338997105743592,0.00011793122803532574,-7.1572324479999985,1.621772937610176,0.2293533283457966
CYX 210,66.86249999999998,1.4873566653639558,0.21034399682437274,-3.156920000000001,0.3150900722015703,0.04456046534765785,-64.48835999999999,1.1499726737631804,0.16263069515943404,-0.92414,0.82992872007179,0.11736964517284693,0.13653691199999995,0.017750145161329434,0.0025102496021243256,-1.5703830880000005,1.4858600067743015,0.2101323373367996
ASN 211,85.11239999999998,1.4157082609081397,0.20021138229399194,-2.16562,0.5451830111072794,0.07710052082833162,-79.39654,1.5998914239403008,0.22625881500607764,-3.2937400000000014,0.7518564706112411,0.10632856176963854,0.25744665600000005,0.0312746704326944,0.004422906308466525,0.5139466559999994,1.3219415334978595,0.186950764533696
TYR 212,89.27037999999999,1.3905490554460034,0.1966533333356835,-2.4612000000000003,0.7587729304607519,0.10730669690191726,-89.21591999999998,1.0885973698312652,0.1539509164379055,1.37336,0.4063149891401994,0.05746161682375468,0.012354912000000003,0.010663199218257903,0.001508004095274651,-1.021025088000001,1.3401590730292752,0.1895271136815356
VAL 213,71.69782000000001,1.2555148854548301,0.17755661787715238,-2.7852799999999998,0.6487137747882369,0.09174198184037702,-74.25381999999999,1.1758220220775244,0.16628634505589918,1.28602,0.6445460880340521,0.09115258192722793,0.003971808,0.0060270304633655205,0.0008523508222127318,-4.051288192000001,1.3522305636733563,0.19123428026022754
SER 214,63.23322,2.7427885101842024,0.38788887098235947,-2.8927599999999996,0.29981384624463836,0.04240008075464094,-64.13084,2.6437126043497043,0.3738774220088048,-1.1405599999999998,0.935626830739692,0.13231761533522285,0.086618016,0.024797627569744355,0.003506914122380944,-4.844321984000001,1.2778900857629187,0.18072094905080371
TRP 215,75.13568000000001,1.4995785733333395,0.21207243562521055,-3.0135,0.6859988702614592,0.09701489060963768,-74.74507999999999,1.4857899560844212,0.21012243067323136,-0.6934000000000001,0.5752365426500653,0.08135073201883317,0.035088048000000004,0.015184019526571212,0.002147344634581491,-3.2812119520000014,1.3699156089503361,0.19373532334841626
ILE 216,81.49372,1.4422249206003632,0.20396140427054937,-3.3347800000000016,0.6742610856337375,0.09535491718836385,-75.67030000000001,1.0804822117912904,0.15280325978181217,0.27962,0.40170227233611716,0.05680928015738274,0.0,0.0,0.0,2.7682599999999993,1.2005045740854157,0.16977698503625308
LYS 217,80.56370000000001,1.7253218627261846,0.24399735777261816,-3.327820000000001,0.4297235246062183,0.060772083656888236,-66.49398000000001,1.2692811743656949,0.17950346512528148,-14.796420000000003,0.897258827540816,0.12689156028672038,0.039141936,0.016492032694677236,0.0023323256307913047,-4.015378064000001,1.3584902448717984,0.19211953286492442
GLN 218,84.13544,1.547528909713964,0.21885363722819368,-2.58328,0.7792008737161423,0.11019564434223338,-90.124,1.6956467674603504,0.2398006655536525,-0.17765999999999998,0.699657162044383,0.09894646475746367,0.020864016000000006,0.01300765719940927,0.001839560522610462,-8.728635983999995,1.272302845851531,0.17993079400491205
THR 219,70.24534,1.66625876273725,0.2356445740686032,-3.4190800000000015,0.6177258239704655,0.08735962380871275,-71.13336000000002,1.391536269882218,0.19679294654015,-1.02296,0.6447252425646132,0.09117791820391594,0.012569184000000002,0.0075273302847519525,0.0010645252577157942,-5.317490816,1.3721356540150476,0.19404928513237568
ILE 220,57.76247999999999,1.3128998322798124,0.18567207488474724,-2.77584,0.5217724929507102,0.07378977360041145,-53.93569999999999,1.2713849653037494,0.17980098609298092,-3.14106,0.7675126425017378,0.10854267883187703,0.07933939200000001,0.01835235024220967,0.002595414261395407,-2.010780608,1.1169360179945358,0.15795860649508717
ALA 221,80.17797999999999,1.1395525523643895,0.1611570674590596,-2.0512399999999995,0.3388867987986551,0.04792583069702603,-76.42510000000001,1.1404046694039165,0.16127757500646245,-3.5879000000000003,0.8969325782911434,0.12684542167536028,0.31692729599999997,0.026499616635604198,0.0037476117243759144,-1.569332704000001,1.1261417270467107,0.15926049035437184
SER 222,74.44209999999997,1.7274038468189896,0.24429179478668714,-1.7795800000000002,0.27891361314930385,0.03944434144462283,-66.28262000000002,2.1152888775763303,0.29914702190054077,-3.0946999999999996,0.9423119918583229,0.13326303988728458,0.30044764800000007,0.026632012771235503,0.0037663353654374724,3.585647648000002,1.340051732227171,0.18951193339972242
ASN 223,116.62208000000004,3.337314727980294,0.4719675750217208,-1.2828400000000002,1.0013050755888533,0.14160592179707734,-204.3281,15.144664485223776,2.141778991259361,25.869240000000012,13.29662812379136,1.880427182649726,0.253492416,0.09804266888042437,0.013865327202195073,-62.866127584,2.4849817215543215,0.35142948528713636

Ligand:
Total Energy Decomposition:
Residue,Internal,,,van der Waals,,,Electrostatic,,,Polar Solvation,,,Non-Polar Solv.,,,TOTAL,,
,Avg.,Std. Dev.,Std. Err. of Mean,Avg.,Std. Dev.,Std. Err. of Mean,Avg.,Std. Dev.,Std. Err. of Mean,Avg.,Std. Dev.,Std. Err. of Mean,Avg.,Std. Dev.,Std. Err. of Mean,Avg.,Std. Dev.,Std. Err. of Mean
UNK   1,127.36320000000003,6.881479573462722,0.9731881741984403,-4.42706,1.7970555073230192,0.25414202707934763,-23.897940000000002,0.5473431614626676,0.07740601222126713,-7.111479999999999,0.2750979636420948,0.03890472711638711,5.267297951999999,0.08629603588694854,0.012204102433035794,97.194017952,7.2156105823962395,1.0204414346427588
Sidechain Energy Decomposition:
Residue,Internal,,,van der Waals,,,Electrostatic,,,Polar Solvation,,,Non-Polar Solv.,,,TOTAL,,
,Avg.,Std. Dev.,Std. Err. of Mean,Avg.,Std. Dev.,Std. Err. of Mean,Avg.,Std. Dev.,Std. Err. of Mean,Avg.,Std. Dev.,Std. Err. of Mean,Avg.,Std. Dev.,Std. Err. of Mean,Avg.,Std. Dev.,Std. Err. of Mean
UNK   1,127.36320000000003,6.881479573462722,0.9731881741984403,-4.42706,1.7970555073230192,0.25414202707934763,-23.897940000000002,0.5473431614626676,0.07740601222126713,-7.111479999999999,0.2750979636420948,0.03890472711638711,5.267297951999999,0.08629603588694854,0.012204102433035794,97.194017952,7.2156105823962395,1.0204414346427588
Backbone Energy Decomposition:
Residue,Internal,,,van der Waals,,,Electrostatic,,,Polar Solvation,,,Non-Polar Solv.,,,TOTAL,,
,Avg.,Std. Dev.,Std. Err. of Mean,Avg.,Std. Dev.,Std. Err. of Mean,Avg.,Std. Dev.,Std. Err. of Mean,Avg.,Std. Dev.,Std. Err. of Mean,Avg.,Std. Dev.,Std. Err. of Mean,Avg.,Std. Dev.,Std. Err. of Mean
UNK   1,0.0,0.0,0.0,0.0,0.0,0.0,0.0,0.0,0.0,0.0,0.0,0.0,0.0,0.0,0.0,0.0,0.0,0.0

DELTAS:
Total Energy Decomposition:
Residue,Location,Internal,,,van der Waals,,,Electrostatic,,,Polar Solvation,,,Non-Polar Solv.,,,TOTAL,,
,,Avg.,Std. Dev.,Std. Err. of Mean,Avg.,Std. Dev.,Std. Err. of Mean,Avg.,Std. Dev.,Std. Err. of Mean,Avg.,Std. Dev.,Std. Err. of Mean,Avg.,Std. Dev.,Std. Err. of Mean
ILE   1,R ILE   1,0.0,0.0,0.0,-0.029719999999999906,0.01644510869529289,0.002325689575158292,0.4390599999999998,0.25336917018453503,0.03583181167621863,-0.12866000000000022,0.20723673516054059,0.029307700148595774,0.0,0.0,0.0,0.28067999999999876,0.23062440807512008,0.03261521657141019
VAL   2,R VAL   2,0.0,0.0,0.0,-0.03990000000000002,0.022264096658072618,0.0031486187447831797,-0.023179999999999836,0.01460779244102253,0.0020658538186425243,-0.006219999999999999,0.02532452566189543,0.0035814287651718,0.0,0.0,0.0,-0.0692999999999999,0.0425846216373932,0.006022374946812821
GLY   3,R GLY   3,0.0,0.0,0.0,-0.0024000000000000197,0.0013564659966250577,0.00019183326093250936,-0.007819999999998117,0.0069704806147052965,0.000985774822157498,0.02386000000000001,0.01401001070663409,0.0019813147150314196,0.0,0.0,0.0,0.013640000000001788,0.010964962380238098,0.001550679850904349
GLY   4,R GLY   4,0.0,0.0,0.0,-0.0014400000000000012,0.0008754427451295677,0.00012380630032433673,0.017359999999999046,0.009444066920558922,0.0013355927523013538,0.01656,0.012617701850971181,0.0017844125083623548,0.0,0.0,0.0,0.032479999999999315,0.01991305099677049,0.0028161306787859905
TYR   5,R TYR   5,0.0,0.0,0.0,-0.0012799999999999656,0.0008009993757800392,0.00011327841806805146,-0.016119999999999947,0.009292233316055176,0.0013141202380300347,-0.00741999999999992,0.0086141511479658,0.0012182249381785,0.0,0.0,0.0,-0.024819999999998926,0.016220591851101012,0.0022939380985545557
THR   6,R THR   6,0.0,0.0,0.0,-0.0006400000000000006,0.00048000000000000055,6.788225099390864e-05,0.0022999999999991872,0.0034190641994561537,0.00048352869614952013,0.006120000000000061,0.006990393408099457,0.0009885909164057734,0.0,0.0,0.0,0.00777999999999981,0.006706086787388443,0.0009483838885175754
CYX   7,R CYX   7,0.0,0.0,0.0,-0.0005400000000000027,0.000498397431775087,7.048404074682474e-05,0.005980000000001269,0.003776188554613854,0.0005340337068012967,-0.005880000000000001,0.004897509571200433,0.0006926124457443693,0.0,0.0,0.0,-0.0004399999999993298,0.0036723834222478907,0.0005193534441977087
GLY   8,R GLY   8,0.0,0.0,0.0,-0.00023999999999998244,0.00042708313008122127,6.0398675482161586e-05,-0.004299999999999216,0.0022825424421025428,0.0003228002478313621,0.008160000000000011,0.004721694611048009,0.000667748455632805,0.0,0.0,0.0,0.003620000000001138,0.0031297923253783976,0.00044261947539613565
ALA   9,R ALA   9,0.0,0.0,0.0,-0.00010000000000000675,0.00030000000000002025,4.2426406871195715e-05,-0.0012799999999992906,0.0011320777358468557,0.00016009996876952494,0.000960000000000005,0.0014827002394280553,0.00020968547875329909,0.0,0.0,0.0,-0.00041999999999974946,0.0012504399225883637,0.0001768389097457227
ASN  10,R ASN  10,0.0,0.0,0.0,-9.999999999999786e-05,0.0002999999999999936,4.242640687119194e-05,0.008799999999999671,0.006532993188423744,0.0009239047569959907,-0.0030599999999999603,0.004139613508529532,0.0005854297566745336,0.0,0.0,0.0,0.005639999999999077,0.0032909573075313708,0.0004654116457501709
THR  11,R THR  11,0.0,0.0,0.0,-0.00026000000000002464,0.00043863424398926784,6.203224967708918e-05,-0.005759999999999792,0.0034150256221583087,0.0004829575550707897,0.010939999999999991,0.006230280892544081,0.000881094773562979,0.0,0.0,0.0,0.004920000000000151,0.0032362941769869965,0.0004576811116924084
VAL  12,R VAL  12,0.0,0.0,0.0,-0.0005999999999999161,0.0004898979485565673,6.928203230274542e-05,-0.002820000000000391,0.0026053022857241677,0.00036844538265527423,0.02586000000000001,0.015337548695929222,0.0021690569379340884,0.0,0.0,0.0,0.02243999999999974,0.013666250400164682,0.001932699666269963
PRO  13,R PRO  13,0.0,0.0,0.0,-0.000280000000000058,0.00044899888641296596,6.349803146556332e-05,-0.0006400000000002137,0.0013230268326830416,0.0001871042490163877,-0.000760000000000014,0.0030630703550522807,0.00043318356386179066,0.0,0.0,0.0,-0.0016800000000002412,0.0029013100489261832,0.0004103072019840756
TYR  14,R TYR  14,0.0,0.0,0.0,-0.000919999999999952,0.0005946427498927121,8.409518416651057e-05,-0.009340000000000827,0.006088053876240212,0.0008609808360236999,0.0011400000000000255,0.004621731277346122,0.0006536115054066815,0.0,0.0,0.0,-0.00912000000000214,0.0074689758334067855,0.0010562726920640766
GLN  15,R GLN  15,0.0,0.0,0.0,-0.0023999999999999135,0.001399999999999961,0.00019798989873222778,0.009759999999999706,0.014149996466430574,0.002001111691035749,0.06077999999999999,0.03862863704559096,0.00546291424058625,0.0,0.0,0.0,0.06813999999999978,0.03892917158121939,0.005505416242210973
VAL  16,R VAL  16,0.0,0.0,0.0,-0.0015800000000000302,0.0008964373932405666,0.00012677539193391927,-0.022220000000000083,0.012175861365833464,0.001721926827713628,0.029999999999999995,0.017805617091243987,0.0025180945176859425,0.0,0.0,0.0,0.006200000000000605,0.007944809626417443,0.001123565752415187
SER  17,R SER  17,0.0,0.0,0.0,-0.0014600000000002033,0.0008534635317342009,0.00012069797015693473,0.018099999999999596,0.011403946685248767,0.0016127616066858507,-0.007700000000000004,0.009336487562247399,0.0013203787335457988,0.0,0.0,0.0,0.008939999999999807,0.00844845548014623,0.0011947920321128097
LEU  18,R LEU  18,0.0,0.0,0.0,-0.004779999999999837,0.0026175561121014558,0.0003701783354006468,0.00891999999999996,0.0066838312366491025,0.0009452364783482096,-0.007100000000000004,0.00903382532485546,0.0012775758294520123,0.0,0.0,0.0,-0.0029599999999996474,0.007488551261758951,0.0010590410756905662
ASN  19,R ASN  19,0.0,0.0,0.0,-0.0013599999999999212,0.0007939773296511834,0.00011228535078094772,0.0007599999999993657,0.005580537608509198,0.0007892071971286825,0.015719999999999974,0.009941911285059814,0.0014059985775241714,0.0,0.0,0.0,0.015120000000000005,0.008972491292833897,0.0012689018874600202
SER  20,R SER  20,0.0,0.0,0.0,-0.0013000000000000166,0.0008062257748298171,0.00011401754250990843,-0.0005400000000003047,0.0055071226606984965,0.0007788247556412019,-0.0063000000000000235,0.007144928271158554,0.0010104454463255377,0.0,0.0,0.0,-0.008139999999999726,0.006086082483829741,0.0008607020390353352
GLY  21,R GLY  21,0.0,0.0,0.0,-0.0004999999999999894,0.0004999999999999894,7.071067811865325e-05,0.005559999999999406,0.004631025804289575,0.0006549259500126087,-0.0022199999999999507,0.0038537773677262722,0.0005450064219804981,0.0,0.0,0.0,0.0028400000000001935,0.0017246448909845873,0.00024390161951078713
TYR  22,R TYR  22,0.0,0.0,0.0,-0.004499999999999869,0.0026400757564887458,0.0003733630940518793,-0.012980000000000018,0.012420128823809497,0.0017564714629052388,0.03267999999999995,0.02077155747651097,0.0029375418294894074,0.0,0.0,0.0,0.015200000000001284,0.009075241043631771,0.0012834328965709012
HIE  23,R HIE  23,0.0,0.0,0.0,-0.008160000000000061,0.004442341724811376,0.0006282419915924135,0.0610600000000008,0.033330712563639654,0.004713674575105851,-0.025960000000000028,0.016749877611493137,0.002368790408626306,0.0,0.0,0.0,0.026940000000000977,0.01640415800948012,0.002319898273631802
PHE  24,R PHE  24,0.0,0.0,0.0,-0.024659999999999974,0.01357882174564488,0.0019203353873737696,-0.017219999999998948,0.021470249183463522,0.003036351758278398,0.05061999999999996,0.03706420915114739,0.005241670726018562,0.0,0.0,0.0,0.008740000000001823,0.01284805043576718,0.00181698871763155
CYX  25,R CYX  25,0.0,0.0,0.0,-0.03280000000000012,0.018108561511064367,0.0025609373284014654,0.0415399999999994,0.024295851497734257,0.003435952269749846,-0.018399999999999993,0.020367621363330566,0.0028804166365302072,0.0,0.0,0.0,-0.009660000000000335,0.016294305753851556,0.002304362818655083
GLY  26,R GLY  26,0.0,0.0,0.0,-0.00664000000000005,0.003642856022408811,0.0005151776392663047,-0.0011800000000013711,0.012042740551883372,0.0017031007016613915,0.024259999999999997,0.0187561296647256,0.0026525172949483275,0.0,0.0,0.0,0.01643999999999817,0.012631959467951738,0.0017864288398924573
GLY  27,R GLY  27,0.0,0.0,0.0,-0.0022600000000000085,0.0012932130528261697,0.0001828879438344683,0.001139999999999759,0.004578252941898186,0.0006474627402406935,0.008220000000000005,0.008144421403635745,0.001151795120670339,0.0,0.0,0.0,0.007099999999998977,0.0074411020689138544,0.001052330746486047
SER  28,R SER  28,0.0,0.0,0.0,-0.0010799999999998987,0.0007166589146867504,0.00010135087567455852,-0.00393999999999977,0.007335966194032647,0.0010374622884711505,-0.0006600000000000168,0.008061290219313587,0.0011400385958378857,0.0,0.0,0.0,-0.005680000000000141,0.007783161311445984,0.0011007052284784475
LEU  29,R LEU  29,0.0,0.0,0.0,-0.00048000000000000045,0.0004995998398718723,7.065408693062283e-05,-0.004140000000000157,0.004512249993074266,0.0006381285137023532,0.013959999999999983,0.009022106184256497,0.0012759184926945711,0.0,0.0,0.0,0.00934000000000001,0.005781383917367737,0.0008176111545227146
ILE  30,R ILE  30,0.0,0.0,0.0,-0.0004599999999999937,0.0004983974317750779,7.048404074682345e-05,0.005960000000000462,0.0041374388213004844,0.0005851222094572097,-0.007359999999999995,0.0047445126198588485,0.0006709754093854688,0.0,0.0,0.0,-0.0018599999999993155,0.0027350319925001716,0.0003867919337318052
ASN  31,R ASN  31,0.0,0.0,0.0,-0.00018000000000004235,0.00038418745424606126,5.433231082883727e-05,-0.005980000000000416,0.004751799659077167,0.0006720059523546779,0.00506000000000018,0.00447396915501212,0.0006327147856657035,0.0,0.0,0.0,-0.0011000000000004207,0.0017691806012952178,0.0002501999200639084
SER  32,R SER  32,0.0,0.0,0.0,-9.999999999998011e-05,0.0002999999999999403,4.2426406871184405e-05,-0.0012799999999995749,0.002793134440015783,0.00039500886066017005,0.0021600000000001353,0.0030748008065565337,0.00043484250022279814,0.0,0.0,0.0,0.000780000000000225,0.0013159027319674236,0.0001860967490312138
GLN  33,R GLN  33,0.0,0.0,0.0,-0.0002399999999999203,0.0004270831300811105,6.0398675482145926e-05,0.002139999999998423,0.0020200000000000504,0.0002856711395993723,0.0014399999999999125,0.001768162888424046,0.00025005599372940714,0.0,0.0,0.0,0.0033399999999983265,0.002534640013886902,0.00035845222833723865
TRP  34,R TRP  34,0.0,0.0,0.0,-0.00046000000000027795,0.0004983974317753854,7.048404074686694e-05,-0.001619999999999493,0.0016110865898525154,0.00022784205055268472,0.004960000000000011,0.003698432100228425,0.0005230372835659049,0.0,0.0,0.0,0.0028800000000002513,0.002746925554142854,0.0003884739373498053
VAL  35,R VAL  35,0.0,0.0,0.0,-0.000940000000000083,0.0006135144660072431,8.676404785395304e-05,0.005959999999999894,0.004019751236084314,0.000568478671543645,0.015460000000000047,0.009877671790457508,0.001396913741073514,0.0,0.0,0.0,0.02048000000000009,0.012121452058231324,0.0017142321896406005
VAL  36,R VAL  36,0.0,0.0,0.0,-0.0023200000000000464,0.0012560254774486054,0.00017762882648939598,0.006619999999999777,0.0054217709283962984,0.0007667541979018211,-0.003039999999999987,0.009935713361404936,0.0014051220587550433,0.0,0.0,0.0,0.0012599999999997635,0.00940385027528592,0.0013299052597835312
SER  37,R SER  37,0.0,0.0,0.0,-0.007599999999999963,0.004118252056394797,0.000582408791142441,0.0048200000000004194,0.008235751331845642,0.0011647111229828387,-0.03320000000000003,0.019974984355438187,0.002824889378365108,0.0,0.0,0.0,-0.035979999999999734,0.021269217192928826,0.0030079215415298954
ALA  38,R ALA  38,0.0,0.0,0.0,-0.03956000000000001,0.021976496536072414,0.003107945945475895,0.08349999999999966,0.04679241391507845,0.006617446637487948,-0.12048000000000002,0.06916335445884614,0.009781175389491787,0.0,0.0,0.0,-0.07654000000000076,0.045512727890119176,0.006436471704280276
ALA  39,R ALA  39,0.0,0.0,0.0,-0.026879999999999935,0.014845389856787187,0.0020994551674184416,0.07849999999999965,0.04415574707781495,0.006244565637416206,-0.09892,0.05803234959916757,0.008207013585951961,0.0,0.0,0.0,-0.04730000000000083,0.03132363325031181,0.00442983069653918
HID  40,R HID  40,0.0,0.0,0.0,-1.0966799999999999,0.7187289458481552,0.10164362228885788,0.07128000000000043,0.150974307748041,0.0213509913587169,0.25306000000000006,0.2809320494354462,0.03972979144168768,-0.13443206400000002,0.07281998019828834,0.010298300360815959,-0.9067720639999988,0.7214636055689561,0.10203036157542109
CYX  41,R CYX  41,0.0,0.0,0.0,-0.05256000000000009,0.029075185296056197,0.004111852137419347,-0.001220000000000141,0.010300077669610061,0.0014566509533858812,0.024680000000000014,0.0237692574557978,0.0033614806261527057,0.0,0.0,0.0,-0.029100000000001226,0.022128036514795283,0.0031293769347910563
TYR  42,R TYR  42,0.0,0.0,0.0,-0.01134000000000004,0.006234131856160943,0.0008816393820604962,0.00704000000000093,0.010956203722091997,0.0015494411895905086,0.020400000000000133,0.016961132037691333,0.002398666296090389,0.0,0.0,0.0,0.016100000000000635,0.009406912352095375,0.001330338302838827
LYS  43,R LYS  43,0.0,0.0,0.0,-0.006199999999999975,0.0034409301068170097,0.00048662100242385177,0.049979999999999906,0.0994515942557,0.014064579339603712,0.0052199999999996295,0.09317022915073232,0.013176260167437474,0.0,0.0,0.0,0.048999999999998066,0.02739342986922457,0.0038740160040973627
SER  44,R SER  44,0.0,0.0,0.0,-0.0007599999999999696,0.0005122499389945968,7.244308110509493e-05,-0.004319999999999453,0.0057146828433428274,0.0008081781981716268,0.009579999999999984,0.007510233019021432,0.0010621073392082343,0.0,0.0,0.0,0.004500000000000455,0.003047950130825398,0.0004310452412450127
GLY  45,R GLY  45,0.0,0.0,0.0,-0.0002800000000000313,0.0004489988864129233,6.349803146555729e-05,0.0045799999999995575,0.003162846818926193,0.00044729408670340226,-0.0014000000000000767,0.002433105012119296,0.00034409301068170624,0.0,0.0,0.0,0.0029000000000001334,0.00209999999999903,0.0002969848480982128
ILE  46,R ILE  46,0.0,0.0,0.0,-0.0016400000000000503,0.0009112628599915919,0.0001288720295487004,0.007879999999999398,0.005697859247120517,0.0008057989823770788,0.00021999999999999944,0.003618231612265857,0.0005116952217873444,0.0,0.0,0.0,0.006459999999998258,0.004020994901761687,0.0005686545524304448
GLN  47,R GLN  47,0.0,0.0,0.0,-0.0006599999999998296,0.0004737087712929585,6.699253689775966e-05,-0.009400000000000262,0.0069885620838621414,0.000988331928048422,0.016299999999999964,0.010334892355511027,0.0014615744934829717,0.0,0.0,0.0,0.006240000000000237,0.0043060887125100575,0.0006089729058013423
VAL  48,R VAL  48,0.0,0.0,0.0,-0.0006800000000000849,0.0004664761515876825,6.596969000989084e-05,0.01094000000000065,0.0061527554802707765,0.0008701310246164317,0.007700000000000005,0.005866003750424965,0.0008295782060782426,0.0,0.0,0.0,0.017960000000000653,0.010476564322334424,0.0014816099351719436
ARG  49,R ARG  49,0.0,0.0,0.0,-0.000779999999999994,0.0004142463035441567,5.858327406350683e-05,0.07728000000000136,0.05335655161271248,0.007545755893215802,-0.07099999999999991,0.05060237148592946,0.007156256004364302,0.0,0.0,0.0,0.005500000000000682,0.004583666654545093,0.0006482283548254982
LEU  50,R LEU  50,0.0,0.0,0.0,-0.00039999999999984937,0.0004898979485564511,6.9282032302729e-05,0.007379999999999995,0.004180382757595747,0.0005911953991702544,0.006940000000000006,0.004738818418129138,0.0006701701276541642,0.0,0.0,0.0,0.01392000000000074,0.00819717024344416,0.0011592549331359897
GLY  51,R GLY  51,0.0,0.0,0.0,-0.00012000000000001343,0.0003249615361854748,4.5956501172309374e-05,0.010280000000000485,0.006036687833572976,0.000853716580605156,-0.0058999999999999764,0.003935733730830907,0.0005565968020030329,0.0,0.0,0.0,0.004260000000001378,0.003173704460090929,0.0004488295890424573
GLU  52,R GLU  52,0.0,0.0,0.0,-0.00045999999999994044,0.0004983974317750201,7.048404074681528e-05,-0.12205999999999989,0.06787058567597667,0.009598350274917133,0.12967999999999996,0.07209672392002303,0.01019601647703653,0.0,0.0,0.0,0.007160000000000935,0.005216742278473406,0.0007377587681622211
ASP  53,R ASP  53,0.0,0.0,0.0,-0.00029999999999999363,0.0004582575694955742,6.480740698407721e-05,-0.10755999999999886,0.0597853359947071,0.008454923299474715,0.10120000000000004,0.056209963529609115,0.007949289276407026,0.0,0.0,0.0,-0.006659999999998547,0.005312664115112217,0.0007513241643924555
ASN  54,R ASN  54,0.0,0.0,0.0,-0.0005199999999999073,0.0004995998398717828,7.065408693061018e-05,0.001320000000001187,0.0030162228034403427,0.0004265583195764331,0.017199999999999944,0.010349879226348436,0.0014636939570825513,0.0,0.0,0.0,0.01800000000000054,0.010853570840972453,0.0015349267083480402
ILE  55,R ILE  55,0.0,0.0,0.0,-0.0014200000000000124,0.0008506468127253971,0.00012029962593457028,0.0054799999999993075,0.003991190298645077,0.0005644395450355791,-0.0005199999999999927,0.005855732234315357,0.0008281255943394084,0.0,0.0,0.0,0.003540000000000312,0.004850608209287744,0.0006859795915333001
ASN  56,R ASN  56,0.0,0.0,0.0,-0.0004599999999999849,0.0004983974317750681,7.048404074682207e-05,0.0037399999999990995,0.005098274217811833,0.0007210048543526577,-0.0026799999999999225,0.005296942514318905,0.0007491007942860438,0.0,0.0,0.0,0.0005999999999988858,0.0021071307505700076,0.0002979932885149504
VAL  57,R VAL  57,0.0,0.0,0.0,-0.00017999999999999795,0.0003841874542459665,5.433231082882387e-05,-0.0047400000000004635,0.0023732677893580534,0.00033563074948533725,0.006000000000000005,0.0031496031496047448,0.0004454211490264046,0.0,0.0,0.0,0.0010799999999996147,0.0012781236246941102,0.00018075397644318702
VAL  58,R VAL  58,0.0,0.0,0.0,-9.999999999998011e-05,0.0002999999999999403,4.2426406871184405e-05,0.0029400000000002536,0.0018155990746863613,0.0002567644835253494,-0.00279999999999994,0.0015874507866388194,0.00022449944320644569,0.0,0.0,0.0,4.000000000042192e-05,0.0007472616676907185,0.0001056787585089751
GLU  59,R GLU  59,0.0,0.0,0.0,-3.999999999999559e-05,0.00019595917942263265,2.771281292109898e-05,-0.038059999999999976,0.025869217228204008,0.003658459785210183,0.037939999999999544,0.025173327153953297,0.0035600460671175657,0.0,0.0,0.0,-0.00016000000000005344,0.001065082156455403,0.00015062536307008137
GLY  60,R GLY  60,0.0,0.0,0.0,-1.9999999999997796e-05,0.0001399999999999846,1.979898987322115e-05,-0.0015800000000010072,0.0014709180806558846,0.0002080192298803354,0.0016199999999999526,0.0014126570709127935,0.00019977987886671237,0.0,0.0,0.0,1.999999999885205e-05,0.0006779380502674774,9.587491851370395e-05
ASN  61,R ASN  61,0.0,0.0,0.0,-5.9999999999993395e-05,0.0002374868417407322,3.358571124748963e-05,-0.0027000000000006706,0.0025553864678355496,0.00036138621999177127,0.003039999999999985,0.0026302851556438125,0.00037197849400201065,0.0,0.0,0.0,0.000279999999998779,0.0006013318551366155,8.504116650211749e-05
GLU  62,R GLU  62,0.0,0.0,0.0,-0.00012000000000001343,0.00032496153618547484,4.595650117230938e-05,-0.06571999999999974,0.031596227622930295,0.004468381362417544,0.06713999999999906,0.0322397332495171,0.00455938680087579,0.0,0.0,0.0,0.001299999999999244,0.000984885780178931,0.0001392838827717451
GLN  63,R GLN  63,0.0,0.0,0.0,-0.00012000000000004008,0.00032496153618554694,4.595650117231957e-05,-0.007040000000000646,0.004741139103633955,0.0006704983221456558,0.007699999999999992,0.005185556864985651,0.0007333484846919616,0.0,0.0,0.0,0.0005399999999987415,0.0012362847568405456,0.00017483706700790235
PHE  64,R PHE  64,0.0,0.0,0.0,-0.0003199999999999825,0.00046647615158759855,6.596969000987896e-05,0.0032600000000002185,0.0026062233212071568,0.0003685756367424212,-0.0034199999999999964,0.0028572014279711253,0.0004040693009868539,0.0,0.0,0.0,-0.000479999999999805,0.0010244998779892094,0.0001448861622101921
ILE  65,R ILE  65,0.0,0.0,0.0,-0.0002799999999998981,0.0004489988864127095,6.349803146552705e-05,-0.004780000000000655,0.0031830174363329327,0.0004501466427732073,0.005560000000000027,0.0036175129578206165,0.0005115935887010325,0.0,0.0,0.0,0.0005000000000005223,0.0012041594578783778,0.00017029386365914354
SER  66,R SER  66,0.0,0.0,0.0,-0.0002600000000000424,0.00043863424398929776,6.203224967709342e-05,-0.001980000000000359,0.0022758734586966686,0.00032185711115337924,0.004080000000000059,0.002704366839021723,0.0003824552261376577,0.0,0.0,0.0,0.001839999999999895,0.0015793669617910195,0.00022335621773288494
ALA  67,R ALA  67,0.0,0.0,0.0,-0.00025999999999998024,0.0004386342439891928,6.203224967707856e-05,0.008160000000000878,0.004666304747870463,0.0006599151460604375,-0.005280000000000031,0.0034119788979417574,0.00048252668320000394,0.0,0.0,0.0,0.0026200000000018518,0.001623453109886689,0.0002295909405878534
SER  68,R SER  68,0.0,0.0,0.0,-0.00012000000000000454,0.0003249615361854507,4.5956501172305965e-05,0.0009000000000010289,0.0020322401432906795,0.00028740215726407207,-0.0006800000000001205,0.001592984620139299,0.00022528204544527497,0.0,0.0,0.0,0.00010000000000090381,0.001063014581273922,0.0001503329637837937
LYS  69,R LYS  69,0.0,0.0,0.0,-0.00026000000000001575,0.00043863424398925277,6.203224967708705e-05,0.11169999999999987,0.06098007871428119,0.008623885435231534,-0.10659999999999997,0.05821683605281315,0.008233103910433932,0.0,0.0,0.0,0.004840000000000089,0.0035063371201279224,0.0004958709509537127
SER  70,R SER  70,0.0,0.0,0.0,-0.000819999999999883,0.00047707441767500045,6.746851117372322e-05,0.010199999999999676,0.00752329714952115,0.0010639548862615656,0.0016399999999999527,0.006253830825981852,0.000884425237089047,0.0,0.0,0.0,0.01102000000000082,0.008787468349872095,0.0012427356919313438
ILE  71,R ILE  71,0.0,0.0,0.0,-0.0010200000000000031,0.0006779380502671061,9.587491851365145e-05,-0.011080000000000893,0.006566094729745656,0.0009285860218632808,0.012580000000000003,0.007144480386984064,0.001010382105938144,0.0,0.0,0.0,0.0004799999999991833,0.0025941472587320677,0.00036686782360918763
VAL  72,R VAL  72,0.0,0.0,0.0,-0.0038199999999999966,0.002113669794457026,0.00029891804896994785,0.02597999999999999,0.014223206389559392,0.0020114651376546555,-0.007680000000000005,0.0067095156308037565,0.0009488688002036944,0.0,0.0,0.0,0.014479999999999906,0.009187469727841223,0.0012993044293005305
HID  73,R HID  73,0.0,0.0,0.0,-0.00272000000000002,0.0015236797563792709,0.0002154808576184898,0.011379999999999911,0.006973922855896893,0.0009862616285753094,0.012360000000000043,0.008425580098723169,0.0011915569646475145,0.0,0.0,0.0,0.021019999999999543,0.012207358436615448,0.0017263811861811188
PRO  74,R PRO  74,0.0,0.0,0.0,-0.0009199999999999698,0.0006273754856543078,8.872429205127292e-05,0.003480000000000132,0.0037375928082120343,0.0005285754440001601,-0.006260000000000066,0.004963103867540969,0.0007018888800942799,0.0,0.0,0.0,-0.0036999999999996545,0.0029546573405407335,0.00041785164831579255
SER  75,R SER  75,0.0,0.0,0.0,-0.0018600000000000172,0.0010956276739841676,0.00015494515158596974,-0.0160799999999999,0.011311657703449567,0.0015997099737140475,0.02629999999999999,0.015573374714556963,0.0022024077733244682,0.0,0.0,0.0,0.008360000000000166,0.006892778830049917,0.0009747861303894748
TYR  76,R TYR  76,0.0,0.0,0.0,-0.06653999999999989,0.04261042595421915,0.006026024228295125,0.0583200000000005,0.05555589617673421,0.00785679018429291,0.024779999999999944,0.06442524039536045,0.009111104872626572,-0.00010958400000000478,0.0003935188043080196,5.5651963010124524e-05,0.016450416000001127,0.03175078340969421,0.004490238851396021
ASN  77,R ASN  77,0.0,0.0,0.0,-0.04998000000000003,0.03148173438678372,0.004452189573681697,-0.046960000000000834,0.03479825282970301,0.004921216109865393,0.002179999999999875,0.04980308825765724,0.00704322028620431,0.0,0.0,0.0,-0.0947599999999997,0.0799348634827118,0.011304496804369287
SER  78,R SER  78,0.0,0.0,0.0,-0.2836999999999999,0.20732739809296796,0.029320521823460104,0.00866000000000028,0.04351625443440628,0.00615412772048157,0.36725999999999986,0.3053859728278299,0.043188098453161856,-0.03287203200000001,0.028185593319236264,0.0039860448335596425,0.059347967999999814,0.11288611303804186,0.015964507206198107
ASN  79,R ASN  79,0.0,0.0,0.0,-0.5685800000000001,0.3727852513176989,0.05271979582661525,0.06614000000000005,0.0661189866831003,0.00935063676976065,0.76634,0.48890267375010354,0.06914127918978649,-0.11512670399999997,0.06868045559609215,0.009712883177395664,0.1487732960000008,0.24277017775684043,0.03433288779234508
THR  80,R THR  80,0.0,0.0,0.0,-0.5666999999999999,0.3832412947478393,0.05419850366938191,-0.028020000000000066,0.02537832933823637,0.003589037754050489,0.22195999999999994,0.23747277401841246,0.033583721771120005,-0.03599481599999999,0.041027066940035384,0.005802103449098687,-0.40875481600000024,0.29594840864816746,0.041853425327297335
LEU  81,R LEU  81,0.0,0.0,0.0,-1.5209799999999996,0.9252193791744752,0.13084577941989578,-0.030420000000000585,0.03446394637878865,0.004873938038178202,0.22114,0.13586949768067885,0.01921484863328358,-0.20506075200000004,0.1147453146377632,0.016227438017949274,-1.535320752,0.9388676250932718,0.13277593286799233
ASN  82,R ASN  82,0.0,0.0,0.0,-0.03395999999999999,0.020322362067437014,0.0028740160055225955,-0.04051999999999907,0.024506521580999478,0.0034657455186438402,0.10148000000000001,0.058191147093007246,0.008229470942897854,0.0,0.0,0.0,0.02700000000000216,0.02038823189980174,0.002883331406550739
ASN  83,R ASN  83,0.0,0.0,0.0,-0.010239999999999992,0.0056233797666527955,0.0007952659932374833,0.021159999999998718,0.01707672099672356,0.0024150130434427855,0.01304000000000002,0.015973678349084138,0.0022590192562260258,0.0,0.0,0.0,0.02396000000000015,0.017795460095202692,0.0025166581015304856
ASP  84,R ASP  84,0.0,0.0,0.0,-0.14328,0.08398381748884723,0.011877105371259447,-1.6580799999999993,0.8969833630564161,0.12685260372574134,1.9818,1.0763411169327302,0.15221762053060722,0.0,0.0,0.0,0.18043999999999927,0.1579275986013851,0.022334335181509304
ILE  85,R ILE  85,0.0,0.0,0.0,-0.008799999999999919,0.004795831523312672,0.0006782329983125201,-0.002099999999999795,0.006034069936618108,0.000853346354067309,0.016320000000000005,0.013880115273296547,0.0019629447266797913,0.0,0.0,0.0,0.005419999999999989,0.009024610794931285,0.0012762726981330461
MET  86,R MET  86,0.0,0.0,0.0,-0.006659999999999861,0.0036089333604265145,0.0005103802504015886,-0.008319999999999937,0.012841246045458868,0.0018160264315257805,0.013920000000000005,0.016131757498797205,0.0022813750239712885,0.0,0.0,0.0,-0.0010600000000007238,0.004401863241854063,0.0006225174696341615
LEU  87,R LEU  87,0.0,0.0,0.0,-0.0012599999999999766,0.0007952358140828506,0.00011246332735607765,-0.00573999999999927,0.005377025199866664,0.0007604261962873337,0.017299999999999992,0.010165136496870064,0.0014375673897247378,0.0,0.0,0.0,0.010300000000001273,0.006450581369148767,0.0009122499657441393
ILE  88,R ILE  88,0.0,0.0,0.0,-0.0014199999999999413,0.0008506468127253698,0.00012029962593456642,-0.0034599999999988997,0.002981341979712576,0.0004216254261781778,0.008320000000000001,0.004925200503532832,0.0006965285349502928,0.0,0.0,0.0,0.0034400000000016817,0.002750708999511645,0.0003890089973251096
LYS  89,R LYS  89,0.0,0.0,0.0,-0.00029999999999997585,0.000458257569495547,6.480740698407337e-05,0.11584000000000018,0.05936610480737466,0.008395635056385185,-0.1145799999999997,0.058703693239864435,0.008301955914120605,0.0,0.0,0.0,0.0009599999999998943,0.0017431006855610335,0.0002465116630102253
LEU  90,R LEU  90,0.0,0.0,0.0,-0.0003199999999998937,0.000466476151587469,6.596969000986064e-05,0.001559999999998638,0.0015383107618412658,0.00021754999425404063,0.0029599999999999917,0.0021629609335353343,0.00030588886870888405,0.0,0.0,0.0,0.004199999999998081,0.0028213471959327354,0.0003989987468651376
LYS  91,R LYS  91,0.0,0.0,0.0,-0.00013999999999995795,0.0003469870314578452,4.9071376585526446e-05,0.07251999999999967,0.04021205789312442,0.005686843764338862,-0.07318000000000126,0.040501698729806385,0.005727805164284135,0.0,0.0,0.0,-0.0008000000000021146,0.0009165151389923814,0.0001296148139683288
SER  92,R SER  92,0.0,0.0,0.0,-9.999999999999786e-05,0.0002999999999999936,4.242640687119194e-05,-0.005119999999999294,0.0036749965986382703,0.0005197230031469235,0.0047599999999999995,0.0034499855072158488,0.00048790162942952744,0.0,0.0,0.0,-0.00045999999999950524,0.0007269112738150033,0.00010280077820710801
ALA  93,R ALA  93,0.0,0.0,0.0,-4.0000000000004476e-05,0.00019595917942267618,2.7712812921105138e-05,0.003960000000000008,0.002481612379079526,0.00035095298830472275,-0.0028800000000000557,0.0017959955456514536,0.00025399212586219526,0.0,0.0,0.0,0.0010399999999997078,0.0010190191362285067,0.00014411106827720707
ALA  94,R ALA  94,0.0,0.0,0.0,-6.0000000000011155e-05,0.0002374868417408025,3.3585711247499574e-05,0.0018999999999999772,0.0017233687939611948,0.00024372115213904856,-0.0011599999999999987,0.0013016912076218431,0.00018408693598406228,0.0,0.0,0.0,0.0006800000000002271,0.0007858753081753392,0.00011113955191557003
SER  95,R SER  95,0.0,0.0,0.0,-8.000000000000007e-05,0.00027129319932501096,3.836665218650179e-05,-0.0024399999999998555,0.002743428511917595,0.0003879793808954901,0.0025200000000000955,0.0026701310829246013,0.00037761355907859305,0.0,0.0,0.0,4.263256414560601e-16,0.0006633249580709265,9.380831519644689e-05
LEU  96,R LEU  96,0.0,0.0,0.0,-3.999999999999559e-05,0.00019595917942263265,2.771281292109898e-05,0.004180000000000206,0.003109276443161239,0.00043971809150858014,-0.003359999999999932,0.002688940311721235,0.00038027358572479086,0.0,0.0,0.0,0.0007800000000003849,0.0009228217596041985,0.00013050670480852614
ASN  97,R ASN  97,0.0,0.0,0.0,-6.0000000000011155e-05,0.0002374868417408025,3.3585711247499574e-05,-0.005079999999999529,0.004199238026118902,0.0005938619368170176,0.005219999999999989,0.004129358303659235,0.0005839794516932848,0.0,0.0,0.0,8.000000000023987e-05,0.0007959899496853618,0.00011256997823577162
SER  98,R SER  98,0.0,0.0,0.0,-9.999999999999786e-05,0.0002999999999999936,4.242640687119194e-05,-0.004199999999999022,0.003469870314579378,0.0004907137658553954,0.004539999999999936,0.003683530914760857,0.0005209299377075376,0.0,0.0,0.0,0.0002400000000015723,0.0006499230723695043,9.191300234441435e-05
ARG  99,R ARG  99,0.0,0.0,0.0,-0.00024000000000004462,0.00042708313008133186,6.0398675482177225e-05,0.09095999999999947,0.036962662241780256,0.005227309824374154,-0.08800000000000054,0.035454759906111445,0.0050140602309904645,0.0,0.0,0.0,0.0027199999999947978,0.0020595145058921785,0.00029125933461368424
VAL 100,R VAL 100,0.0,0.0,0.0,-0.00010000000000001563,0.0003000000000000469,4.242640687119948e-05,0.005520000000000351,0.0035622464822071217,0.000503777728765316,0.0016799999999999838,0.001391977011304443,0.00019685527678983103,0.0,0.0,0.0,0.007100000000000577,0.004090232267243089,0.000578446194559123
ALA 101,R ALA 101,0.0,0.0,0.0,-8.000000000000007e-05,0.00027129319932501096,3.836665218650179e-05,-0.005000000000001421,0.0031622776601679323,0.0004472135954998947,0.0051400000000000005,0.003352670577315945,0.00047413922006094434,0.0,0.0,0.0,5.99999999982348e-05,0.0017018813119603063,0.00024068236329235812
SER 102,R SER 102,0.0,0.0,0.0,-0.00013999999999995795,0.0003469870314578452,4.9071376585526446e-05,0.00527999999999949,0.004870482522296148,0.0006887902438332332,-0.0007000000000001538,0.0033837848631375106,0.0004785394445601855,0.0,0.0,0.0,0.0044399999999995285,0.003125123997539758,0.00044195927414183484
ILE 103,R ILE 103,0.0,0.0,0.0,-0.0004999999999999894,0.0004999999999999894,7.071067811865325e-05,0.002239999999999185,0.003101999355253633,0.0004386889558672284,0.005059999999999989,0.003711657311767895,0.000524907610918342,0.0,0.0,0.0,0.006799999999999038,0.004440720662233412,0.0006280127387240923
SER 104,R SER 104,0.0,0.0,0.0,-0.00011999999999998679,0.00032496153618540263,4.595650117229917e-05,-0.011239999999999669,0.006987302770025039,0.0009881538341776506,0.01021999999999995,0.006331792795093661,0.0008954507244957703,0.0,0.0,0.0,-0.0011400000000000078,0.0017777513886925245,0.0002514120124416572
LEU 105,R LEU 105,0.0,0.0,0.0,-0.00038000000000005586,0.0004853864439805352,6.864400920693213e-05,0.00883999999999972,0.005216742278472228,0.0007377587681620546,0.002719999999999983,0.002842815505797037,0.00040203482436226997,0.0,0.0,0.0,0.011180000000000438,0.006427098878965614,0.0009089290401346086
PRO 106,R PRO 106,0.0,0.0,0.0,-0.0003399999999999892,0.00047370877129306537,6.699253689777477e-05,0.0036800000000005184,0.0032214282546722426,0.0004555787527969374,-0.007580000000000027,0.004980321274777368,0.0007043237891765415,0.0,0.0,0.0,-0.00423999999999932,0.003063070355052581,0.0004331835638618331
THR 107,R THR 107,0.0,0.0,0.0,-0.00016000000000000015,0.0003666060555964675,5.184592558726292e-05,0.0007400000000002649,0.0026893121797212692,0.00038032617580169693,-0.001360000000000099,0.0025827117531773275,0.000365250598904377,0.0,0.0,0.0,-0.0007799999999996387,0.0012213107712608655,0.00017271942565894608
SER 108,R SER 108,0.0,0.0,0.0,-0.00019999999999999573,0.00039999999999999145,5.656854249492259e-05,-0.005419999999999874,0.004219431241292804,0.0005967176886937027,0.007779999999999969,0.004830279495018866,0.0006831046771908345,0.0,0.0,0.0,0.0021600000000004905,0.0018369540005126854,0.0002597845260980553
CYX 109,R CYX 109,0.0,0.0,0.0,-0.0004200000000000781,0.0004935585071702144,6.979971346647356e-05,0.011400000000000717,0.006666333325000313,0.0009427618999515172,-0.0004800000000000626,0.0034014114717275837,0.0004810322234528578,0.0,0.0,0.0,0.010500000000001534,0.006210475022090678,0.0008782938005019984
ALA 110,R ALA 110,0.0,0.0,0.0,-0.0004199999999999449,0.0004935585071700579,6.979971346645143e-05,-0.0007399999999998386,0.004122183887210709,0.000582964835988923,0.007199999999999982,0.0063435006108614606,0.000897106459680229,0.0,0.0,0.0,0.0060400000000001165,0.003929172940964616,0.000555668966202154
SER 111,R SER 111,0.0,0.0,0.0,-0.00033999999999999807,0.0004737087712930779,6.699253689777653e-05,-0.01008000000000024,0.0063681708519790995,0.000900595358637787,0.010180000000000043,0.006310911186191711,0.0008924976190444394,0.0,0.0,0.0,-0.0002400000000003999,0.0017726815844923637,0.00025069503385581284
ALA 112,R ALA 112,0.0,0.0,0.0,-0.00039999999999999145,0.0004898979485566254,6.928203230275364e-05,0.005659999999999741,0.004135746607325089,0.0005848828942617656,0.0027799999999999427,0.00327591208673252,0.0004632839302199076,0.0,0.0,0.0,0.008040000000000554,0.004698765795398546,0.0006645058314267427
GLY 113,R GLY 113,0.0,0.0,0.0,-0.0003199999999999825,0.0004664761515875986,6.596969000987896e-05,0.0048399999999998045,0.003517726538546236,0.0004974816579531849,-0.00019999999999995355,0.003111269837220793,0.0004399999999999977,0.0,0.0,0.0,0.004319999999998603,0.0030688108446092115,0.0004339953916803979
THR 114,R THR 114,0.0,0.0,0.0,-0.0006600000000000073,0.0004737087712930858,6.699253689777766e-05,-0.0066800000000000635,0.004333312820464144,0.0006128229760705602,0.015140000000000025,0.009715986825845312,0.0013740480340948757,0.0,0.0,0.0,0.0078000000000000465,0.006161168720300315,0.0008713208364317591
GLN 115,R GLN 115,0.0,0.0,0.0,-0.0007999999999998941,0.0004898979485565746,6.928203230274646e-05,-0.0012399999999992417,0.005301169682249368,0.0007496986061078126,0.027740000000000056,0.016073344393747177,0.002273114163433081,0.0,0.0,0.0,0.02569999999999993,0.015330035877321917,0.002167994464937478
CYX 116,R CYX 116,0.0,0.0,0.0,-0.001379999999999999,0.0008919641248391066,0.0001261427762497713,0.006120000000000232,0.005725871112764644,0.0008097604584072085,0.010480000000000007,0.009718518405600712,0.0013744060535373073,0.0,0.0,0.0,0.015220000000000145,0.011271716816883437,0.0015940614793665449
LEU 117,R LEU 117,0.0,0.0,0.0,-0.001960000000000104,0.0011306635220082178,0.0001598999687304552,-0.010219999999999346,0.007086014394566034,0.0010021137659966262,0.043359999999999975,0.026355083001197366,0.003727171581776193,0.0,0.0,0.0,0.031179999999999916,0.021487382344065248,0.0030387747530873257
ILE 118,R ILE 118,0.0,0.0,0.0,-0.015179999999999971,0.008394498198224801,0.0011871613201246023,0.03575999999999937,0.01962912122332519,0.0027759769451492044,-0.023519999999999958,0.018423072490765472,0.0026054158977023207,0.0,0.0,0.0,-0.002940000000000973,0.01365197421620905,0.0019306807089730642
SER 119,R SER 119,0.0,0.0,0.0,-0.004679999999999929,0.0026263282353886567,0.00037141890097300366,-0.02880000000000038,0.01833793881547202,0.0025933761778808542,0.006599999999999897,0.015058552387264784,0.0021296009015775606,0.0,0.0,0.0,-0.02688000000000037,0.020694579000308622,0.00292665542898379
GLY 120,R GLY 120,0.0,0.0,0.0,-0.004340000000000046,0.0024544653185571692,0.0003471138141877948,0.01516000000000048,0.010129876603395047,0.0014325808877687176,0.01764000000000003,0.01496363592179389,0.002116177686301415,0.0,0.0,0.0,0.02845999999999986,0.01774509509695535,0.0025095354151714565
TRP 121,R TRP 121,0.0,0.0,0.0,-0.008580000000000112,0.004737467677990032,0.0006699791041517677,0.022980000000001156,0.013092730807589634,0.0018515917476593306,-0.046419999999999996,0.026325721262673872,0.003723019204892715,0.0,0.0,0.0,-0.032019999999999695,0.02053824724751301,0.0029045467804804785
GLY 122,R GLY 122,0.0,0.0,0.0,-0.01634000000000001,0.0090213302788447,0.001275808763098923,0.012759999999999251,0.015530048293550022,0.002196280492104758,0.02492,0.03653154253518459,0.005166340290766765,0.0,0.0,0.0,0.021339999999998582,0.03468925482047626,0.004905801463573379
ASN 123,R ASN 123,0.0,0.0,0.0,-0.04458000000000009,0.025197690370349406,0.0035634915462226064,-0.12973999999999933,0.07301857571878502,0.010326386008667254,0.12874,0.08226732279587078,0.011634356363804573,0.0,0.0,0.0,-0.04558000000000021,0.04442525858112696,0.006282680319736147
THR 124,R THR 124,0.0,0.0,0.0,-0.008960000000000008,0.004919186924685828,0.0006956780864739094,-0.00674000000000035,0.0074426070701066075,0.001052543585795865,0.07441999999999999,0.04564300165414191,0.00645489519667051,0.0,0.0,0.0,0.0587200000000003,0.037677069949772275,0.0053283423313447735
LYS 125,R LYS 125,0.0,0.0,0.0,-0.014680000000000035,0.008398666560829802,0.0011877508156174904,-0.061820000000000236,0.058222225996607084,0.008233866163595312,0.1343999999999994,0.08010942516333408,0.011329183553989954,0.0,0.0,0.0,0.05790000000000077,0.03634405040718569,0.005139824899741341
SER 126,R SER 126,0.0,0.0,0.0,-0.023619999999999922,0.013444537924376547,0.0019013447872492733,0.07454000000000008,0.04351055504127734,0.006153321704575546,-0.009120000000000043,0.019168348911682554,0.0027108138999201023,0.0,0.0,0.0,0.04179999999999994,0.027561567444541777,0.0038977942480331747
SER 127,R SER 127,0.0,0.0,0.0,-0.00762000000000004,0.004766088543029808,0.0006740267057023778,-0.022500000000000568,0.032128025149393155,0.004543588889853568,0.041999999999999954,0.041775112208107874,0.0059078930254364,0.0,0.0,0.0,0.011879999999999242,0.011311304080431102,0.0015996599638671795
GLY 128,R GLY 128,0.0,0.0,0.0,-0.005520000000000014,0.0033180717291824984,0.00046924620403366365,0.006699999999999591,0.018922209173349216,0.0026760044843011054,0.0036799999999999676,0.018876906526229455,0.0026695977225042883,0.0,0.0,0.0,0.004859999999998781,0.010067790224273458,0.0014238005478294786
THR 129,R THR 129,0.0,0.0,0.0,-0.009440000000000035,0.005879319688535448,0.0008314613641053992,0.02069999999999993,0.014870440477672792,0.0021029978601986707,0.038879999999999866,0.02977558731578596,0.004210903940960881,0.0,0.0,0.0,0.05013999999999978,0.034139718803762834,0.004828085334788517
SER 130,R SER 130,0.0,0.0,0.0,-0.003200000000000012,0.0018439088914585806,0.0002607680962081064,-0.015499999999999688,0.010783784122467903,0.0015250573759697753,0.009699999999999931,0.012986531484580467,0.00183657289536789,0.0,0.0,0.0,-0.008999999999999009,0.011103152705425617,0.0015702229141112429
TYR 131,R TYR 131,0.0,0.0,0.0,-0.02086000000000013,0.011617245800963393,0.001642926656914432,0.0035800000000014622,0.025389832610713325,0.003590664562445347,0.008379999999999761,0.028437222086554092,0.004021630515102052,0.0,0.0,0.0,-0.00889999999999862,0.02265590430770894,0.0032040287139789006
PRO 132,R PRO 132,0.0,0.0,0.0,-0.003159999999999883,0.0017816845961055807,0.0002519682519683742,0.010119999999999579,0.007760515446798524,0.0010975026195868371,0.003439999999999932,0.007302492725090555,0.0010327284250953924,0.0,0.0,0.0,0.010400000000000204,0.008032434251209268,0.0011359577456930324
ASP 133,R ASP 133,0.0,0.0,0.0,-0.0008199999999999363,0.0004770744176750947,6.746851117373656e-05,-0.026600000000000817,0.043006511134944456,0.006082039131738798,0.02730000000000004,0.042704683583888105,0.006039354270118623,0.0,0.0,0.0,-0.00011999999999957822,0.0037981047905508813,0.000537133130611128
VAL 134,R VAL 134,0.0,0.0,0.0,-0.000779999999999923,0.00045999999999999253,6.505382386916132e-05,-0.0038999999999997214,0.003858756276315169,0.0005457105459857214,0.031199999999999995,0.018768057970925026,0.002654204212188664,0.0,0.0,0.0,0.02652000000000012,0.01609004661273487,0.002275476213894493
LEU 135,R LEU 135,0.0,0.0,0.0,-0.001559999999999917,0.0008754427451295205,0.00012380630032433006,0.014679999999999893,0.008171756237187092,0.0011556608499036915,0.036379999999999975,0.02188779568618084,0.0030954017509848266,0.0,0.0,0.0,0.04950000000000038,0.02834448800031498,0.004008515934856689
LYS 136,R LYS 136,0.0,0.0,0.0,-0.003239999999999945,0.0018391302292115953,0.0002600922913121377,0.11302000000000006,0.07549264599946165,0.010676272383186964,-0.02443999999999946,0.040687177341269865,0.005754035801070313,0.0,0.0,0.0,0.08533999999999908,0.05307602471926414,0.007506083399483299
CYX 137,R CYX 137,0.0,0.0,0.0,-0.0017800000000001148,0.001044796630928779,0.00014775655653811963,0.01120000000000033,0.006714164132637498,0.0009495261976374937,0.008820000000000001,0.00939934040238994,0.0013292674674421237,0.0,0.0,0.0,0.01823999999999896,0.013007013492727164,0.0018394694887384595
LEU 138,R LEU 138,0.0,0.0,0.0,-0.00818000000000005,0.0046762805732761875,0.0006613259408189016,-0.005560000000000969,0.005692661943239595,0.0008050639726134613,4.000000000002918e-05,0.008409423285814552,0.0011892720462535055,0.0,0.0,0.0,-0.013700000000001862,0.011022250223979624,0.0015587815754621868
LYS 139,R LYS 139,0.0,0.0,0.0,-0.0014400000000000723,0.0008979977728257709,0.00012699606293110387,0.1784,0.09288336772533602,0.013135691835605761,-0.15666000000000055,0.08110008877923568,0.011469284546125716,0.0,0.0,0.0,0.02029999999999859,0.014439182802360402,0.0020420088148682433
ALA 140,R ALA 140,0.0,0.0,0.0,-0.0024799999999999935,0.0014455448799674483,0.0002044309174268953,0.0017400000000006343,0.004581746391933644,0.0006479567886826553,0.014800000000000027,0.012609520212918503,0.0017832554500127023,0.0,0.0,0.0,0.014060000000001339,0.011303822362369249,0.001598601889151887
PRO 141,R PRO 141,0.0,0.0,0.0,-0.0024399999999999977,0.0014022838514366402,0.0001983128840998475,-0.023579999999999046,0.014568582635247284,0.0020603087147319874,0.01776000000000001,0.014073464392252542,0.001990288421309837,0.0,0.0,0.0,-0.008259999999998513,0.00908803609147822,0.0012852423895904671
ILE 142,R ILE 142,0.0,0.0,0.0,-0.0028800000000000735,0.0015954936540143532,0.00022563687641873048,0.011919999999999788,0.007107292030021276,0.0010051228780602293,0.014900000000000007,0.011264546151532245,0.0015930473941474553,0.0,0.0,0.0,0.02393999999999903,0.01476537842386646,0.0020881398420603023
LEU 143,R LEU 143,0.0,0.0,0.0,-0.005860000000000021,0.0032125379375191818,0.00045432147208777175,-0.0035199999999997542,0.003910191811152712,0.0005529846290812381,0.021200000000000014,0.013277047864642209,0.001877658115845375,0.0,0.0,0.0,0.011820000000001319,0.00854093671677866,0.0012078708540238714
SER 144,R SER 144,0.0,0.0,0.0,-0.0009799999999999364,0.0006779380502671373,9.587491851365586e-05,-0.007960000000000064,0.007488551261759602,0.0010590410756906583,0.003680000000000003,0.008343716198433469,0.0011799796608416694,0.0,0.0,0.0,-0.005260000000000602,0.006180000000002535,0.0008739839815469312
ASP 145,R ASP 145,0.0,0.0,0.0,-0.0013799999999999635,0.0008219489035213934,0.00011624112869376491,-0.12525999999999896,0.07834814866989494,0.011080101443578898,0.1234799999999998,0.07732483171659685,0.010935382572182852,0.0,0.0,0.0,-0.0031599999999983195,0.004527074110283359,0.0006402249604630838
SER 146,R SER 146,0.0,0.0,0.0,-0.0008199999999999719,0.0004770744176750521,6.746851117373053e-05,0.003359999999998422,0.004320925826718882,0.0006110711906154021,0.001280000000000019,0.004737256590053019,0.0006699492518094301,0.0,0.0,0.0,0.0038199999999979184,0.0031855297832551273,0.00045050194228228265
SER 147,R SER 147,0.0,0.0,0.0,-0.0019600000000000862,0.0011306635220082327,0.0001598999687304573,0.007460000000000093,0.00664292104423988,0.0009394509034537682,0.002140000000000022,0.011892871814662762,0.00168190606158608,0.0,0.0,0.0,0.007640000000000278,0.011647763733869299,0.0016472425443755444
CYX 148,R CYX 148,0.0,0.0,0.0,-0.007259999999999956,0.003999049887160666,0.000565551058702921,0.013200000000000784,0.010835128056465812,0.0015323185047503185,0.0075600000000000086,0.01072783295917681,0.0015171446865740938,0.0,0.0,0.0,0.013500000000000335,0.009660745312862061,0.0013662357044081836
LYS 149,R LYS 149,0.0,0.0,0.0,-0.004039999999999981,0.0022446380554556884,0.00031743975806442057,0.12159999999999982,0.0743723066739229,0.010517832476323282,-0.09890000000000057,0.06391032780388506,0.009038285235596456,0.0,0.0,0.0,0.01865999999999971,0.012446059617403171,0.0017601386309035658
SER 150,R SER 150,0.0,0.0,0.0,-0.0025000000000000087,0.0014317821063276586,0.00020248456731316916,0.01584000000000003,0.009731104767702128,0.0013761860339357836,-0.00038000000000009136,0.006541834605063035,0.0009251551221281784,0.0,0.0,0.0,0.012959999999999371,0.009193388929006828,0.001300141530757212
ALA 151,R ALA 151,0.0,0.0,0.0,-0.009779999999999997,0.005507413185879525,0.000778865842106324,0.0369999999999996,0.020236600505025997,0.002861887489053399,0.008240000000000003,0.013800811570338922,0.0019517294894528833,0.0,0.0,0.0,0.035459999999998354,0.0214813500506834,0.0030379216579760437
TYR 152,R TYR 152,0.0,0.0,0.0,-0.16453999999999994,0.09425077400212695,0.013329072285796944,0.07710000000000036,0.052447020887749426,0.007417128824552024,-0.11892,0.08131588774649148,0.011499803128749642,-0.00013377600000000003,0.0009364320000000003,0.00013243148346401624,-0.20649377599999957,0.12593329743229525,0.01780965771831168
PRO 153,R PRO 153,0.0,0.0,0.0,-0.011080000000000013,0.007118539175982683,0.0010067134646958907,0.006659999999999542,0.008615358379080713,0.0012183956664400628,0.009339999999999958,0.013926392210475787,0.0019694892738981885,0.0,0.0,0.0,0.004919999999999298,0.006501815131177346,0.0009194955138553607
GLY 154,R GLY 154,0.0,0.0,0.0,-0.006400000000000001,0.00414246303544159,0.0005858327406350715,-0.0018999999999994089,0.008283115355951826,0.001171409407508792,0.030480000000000035,0.0181804730411506,0.0025711071545153606,0.0,0.0,0.0,0.02218000000000077,0.012894479438890823,0.0018235547702220418
GLN 155,R GLN 155,0.0,0.0,0.0,-0.41129999999999994,0.3109798868094206,0.04397919735511326,0.027959999999999922,0.05874656075039719,0.008308018295598666,0.6446,0.43915336728755705,0.062105664797987625,-0.10593820800000002,0.06835589402195495,0.009666983239398666,0.1553217919999986,0.16151400237657812,0.022841529267411707
ILE 156,R ILE 156,0.0,0.0,0.0,-0.02186000000000002,0.013183337968814969,0.00186440553528463,0.016140000000000897,0.00972627369551257,0.0013755028171546558,0.014199999999999977,0.011667047612828154,0.0016499696966914218,0.0,0.0,0.0,0.008480000000001358,0.011287586101554054,0.0015963057351271795
THR 157,R THR 157,0.0,0.0,0.0,-0.00867999999999995,0.0055944257971662515,0.0007911712836042426,-0.01385999999999953,0.012117772072456165,0.0017137117610613434,0.012080000000000046,0.016640721138219877,0.0023533533521339195,0.0,0.0,0.0,-0.010459999999999213,0.01627539246838531,0.002301688076173543
SER 158,R SER 158,0.0,0.0,0.0,-0.0016800000000000192,0.0009887365675446825,0.00013982846634359117,-0.008059999999999973,0.00736589437882485,0.0010416947729541847,0.017960000000000045,0.011077833723251218,0.0015666422693135912,0.0,0.0,0.0,0.008220000000000728,0.007831449418849145,0.0011075341981175355
ASN 159,R ASN 159,0.0,0.0,0.0,-0.004819999999999887,0.002718013980832287,0.0003843852234412706,-0.007499999999999432,0.008987213138675862,0.0012709838708653074,0.049639999999999976,0.030609645538620636,0.0043288575860150405,0.0,0.0,0.0,0.03732000000000127,0.023956994803188126,0.00338803069643704
MET 160,R MET 160,0.0,0.0,0.0,-0.04117999999999991,0.026749721493877162,0.003782981892634417,0.047639999999998676,0.028952899682068534,0.004094558340040899,0.014499999999999968,0.02374805255173569,0.00335848179986136,0.0,0.0,0.0,0.020959999999999007,0.02364314699865467,0.003343645914267817
PHE 161,R PHE 161,0.0,0.0,0.0,-0.012959999999999887,0.007138515251787276,0.0010095385084284755,-0.0330199999999985,0.019399474219679573,0.0027434999544378065,-0.02064000000000002,0.01872833147933896,0.0026485860378700128,0.0,0.0,0.0,-0.06661999999999639,0.037683359722826285,0.0053292318395804965
CYX 162,R CYX 162,0.0,0.0,0.0,-0.016820000000000074,0.009098769147527623,0.001286760272933545,0.020299999999999443,0.015069505632236349,0.0021311499243366386,-0.03579999999999999,0.03918520128824145,0.005541624310615073,0.0,0.0,0.0,-0.03232000000000155,0.035196272529914925,0.004977504595678529
ALA 163,R ALA 163,0.0,0.0,0.0,-0.020199999999999906,0.011536030513135762,0.001631441080762645,-0.041820000000001016,0.027474853957757603,0.003885531109128091,0.10042000000000001,0.06548590382670148,0.009261105333598139,0.0,0.0,0.0,0.03839999999999911,0.03347177915796997,0.004733624404195822
GLY 164,R GLY 164,0.0,0.0,0.0,-0.008540000000000037,0.005080196846579852,0.0007184483279958256,0.025579999999999926,0.015593703857648059,0.0022052827483115536,-0.02657999999999999,0.02871521547890594,0.004060944717673461,0.0,0.0,0.0,-0.009540000000000479,0.022485737701930436,0.0031799635218034052
TYR 165,R TYR 165,0.0,0.0,0.0,-0.00821999999999992,0.004535592574294908,0.0006414296531966558,-0.017959999999999924,0.014052700808029828,0.0019873520070687136,0.024779999999999962,0.021695428089807272,0.0030681968646095654,0.0,0.0,0.0,-0.001400000000000059,0.00940425435640656,0.0013299624054836417
LEU 166,R LEU 166,0.0,0.0,0.0,-0.004519999999999964,0.00257091423427541,0.0003635821777810325,0.0028399999999990655,0.0057318757837221965,0.0008106096471177844,0.005880000000000003,0.006342365489310751,0.0008969459292510334,0.0,0.0,0.0,0.004200000000000195,0.005149757275834184,0.0007282856582414227
GLU 167,R GLU 167,0.0,0.0,0.0,-0.0024599999999999934,0.0013447676379211315,0.00019017886317884957,-0.13083999999999604,0.08039760195428922,0.011369937906602946,0.1455799999999999,0.08739933409357299,0.012360132361750816,0.0,0.0,0.0,0.012280000000003496,0.007841020341765766,0.0011088877310168467
GLY 168,R GLY 168,0.0,0.0,0.0,-0.004160000000000048,0.0023946607275353348,0.0003386561678162693,0.012240000000000749,0.010383756545682984,0.0014684849335285276,0.0063200000000000036,0.020538198557809324,0.0029045398947165485,0.0,0.0,0.0,0.014400000000000537,0.018299726773914976,0.0025879721791392603
GLY 169,R GLY 169,0.0,0.0,0.0,-0.004260000000000024,0.002431542720167606,0.0003438720692350596,0.004400000000000546,0.006566582063752249,0.0009286549412994338,0.00822,0.01264007911367647,0.0017875771312030153,0.0,0.0,0.0,0.008359999999999985,0.01171965869810063,0.001657410027723772
LYS 170,R LYS 170,0.0,0.0,0.0,-0.013240000000000052,0.007234804765852406,0.0010231559020989977,0.20235999999999962,0.11507506419724486,0.016274071647869825,-0.1871999999999997,0.11102360109454212,0.015701108241140186,0.0,0.0,0.0,0.0019200000000006235,0.030303689544344422,0.0042855888743555635
ASP 171,R ASP 171,0.0,0.0,0.0,0.28930000000000006,0.5074033996732777,0.07175767694121654,-2.2989800000000016,1.2633594815411804,0.1786660112948179,2.7770000000000006,1.562819029830389,0.22101598675208986,-0.006551424,0.005379889112409661,0.0007608312146833095,0.7607685759999994,0.7282145744588086,0.1029850927517399
SER 172,R SER 172,0.0,0.0,0.0,-0.24040000000000006,0.4071799602141541,0.057583942206139396,-0.31012,0.3015451302873242,0.04264492129198958,0.6460399999999998,0.38935448937953754,0.055063039945139315,-0.035206848,0.02057866472397314,0.0029102626748171594,0.06031315199999978,0.40661054831834104,0.05750341520357585
CYX 173,R CYX 173,0.0,0.0,0.0,-1.1391600000000002,0.6561016189585265,0.09278678078260927,-0.3666199999999995,0.2268611813422479,0.03208301594301891,0.56894,0.41118173159808535,0.05814987814260661,-0.06069427199999999,0.034318323369529835,0.0048533438347094626,-0.9975342719999979,0.5882292303498142,0.08318817553449946
GLN 174,R GLN 174,0.0,0.0,0.0,-1.1493199999999995,0.661800345723694,0.09359270245056511,-0.059079999999999584,0.3923166496594295,0.055481952669313925,0.5051000000000001,0.687402160310833,0.09721334579161445,-0.15948302399999997,0.09493170869132095,0.01342537099305179,-0.8627830239999992,0.5279881663490706,0.07466880256233575
GLY 175,R GLY 175,0.0,0.0,0.0,-0.08055999999999998,0.04665025616221202,0.006597342495277929,0.06753999999999792,0.04809707267599583,0.006801953248883772,-0.08930000000000002,0.06417670917085103,0.009075957249789131,0.0,0.0,0.0,-0.10232000000000331,0.0634984850212978,0.008980041870726417
ASP 176,R ASP 176,0.0,0.0,0.0,-0.13171999999999992,0.07492290437509734,0.010595698749964515,-0.5414399999999973,0.3021760519961809,0.04273414709573566,0.09956000000000018,0.16195186445360843,0.022903452316190218,0.0,0.0,0.0,-0.5735999999999983,0.33919033005084337,0.04796875649837091
SER 177,R SER 177,0.0,0.0,0.0,-0.45870000000000005,0.2720247231411144,0.03847010527669503,0.04553999999999945,0.1624825172133891,0.022978497949169473,-0.23310000000000008,0.29052588524949025,0.041086564714027864,-0.04829774400000002,0.02936783891895456,0.004153239609677395,-0.6945577440000007,0.4653772339424113,0.06581427958610347
GLY 178,R GLY 178,0.0,0.0,0.0,-0.031200000000000047,0.017657859439920816,0.0024971984302413802,0.07972000000000065,0.04562106530978783,0.006451792929101067,-0.0897,0.06003074212434825,0.008489628967157516,0.0,0.0,0.0,-0.04117999999999897,0.03646570443581295,0.005157029377461541
GLY 179,R GLY 179,0.0,0.0,0.0,-0.011519999999999975,0.00638510767332861,0.0009029905868833838,-0.040259999999999255,0.024597406367339352,0.0034785985683893636,0.04717999999999999,0.029689520036538148,0.004198732189601999,0.0,0.0,0.0,-0.004599999999998578,0.010965400129496641,0.0015507417579981842
PRO 180,R PRO 180,0.0,0.0,0.0,-0.005499999999999936,0.002994995826374319,0.00042355637169093775,-0.020699999999999507,0.014257980221616633,0.002016382900145759,0.05997999999999999,0.0342884761982798,0.0048491228072714354,0.0,0.0,0.0,0.03378000000000046,0.020947830436586684,0.00296247059057128
VAL 181,R VAL 181,0.0,0.0,0.0,-0.006899999999999995,0.003832753579347332,0.0005420332093147021,0.0013799999999994839,0.004049148058541874,0.0005726360100446606,0.0040600000000000054,0.013394640719332496,0.0018942882568394924,0.0,0.0,0.0,-0.001460000000000754,0.01452475128874875,0.0020541100262644572
VAL 182,R VAL 182,0.0,0.0,0.0,-0.001299999999999919,0.0008062257748298751,0.00011401754250991665,-0.005100000000000335,0.0040999999999993325,0.0005798275605728746,0.02728000000000002,0.015289264207279584,0.0021622284800640315,0.0,0.0,0.0,0.02087999999999944,0.012344456245618507,0.001745769744267495
CYX 183,R CYX 183,0.0,0.0,0.0,-0.0006799999999999073,0.00046647615158756066,6.59696900098736e-05,-0.009279999999999405,0.005265130577677844,0.0007446019070617294,-0.0051,0.004809365862564404,0.0006801470429252758,0.0,0.0,0.0,-0.01505999999999915,0.008960825854797053,0.0012672521453917474
SER 184,R SER 184,0.0,0.0,0.0,-0.00017999999999998906,0.0003841874542459476,5.43323108288212e-05,-0.0007599999999996498,0.003326018640958369,0.0004703700670749055,-0.00011999999999996902,0.003564491548594211,0.0005040952290986209,0.0,0.0,0.0,-0.0010599999999996257,0.0015672906558772239,0.00022164837017221934
GLY 185,R GLY 185,0.0,0.0,0.0,-0.00021999999999999353,0.00041424630354414745,5.8583274063505524e-05,0.003180000000000689,0.0032167685648794506,0.00045491977314679564,0.0006799999999999873,0.0024530796970339656,0.0003469178577127517,0.0,0.0,0.0,0.0036400000000005404,0.0022517548712054874,0.0003184462277998482
LYS 186,R LYS 186,0.0,0.0,0.0,-0.0004200000000002646,0.0004935585071704335,6.979971346650456e-05,0.15838000000000008,0.07848487497601066,0.0110994374632231,-0.1445600000000013,0.0714277705097955,0.01010141217850258,0.0,0.0,0.0,0.013399999999999182,0.007937253933195259,0.0011224972160323928
LEU 187,R LEU 187,0.0,0.0,0.0,-0.001360000000000099,0.0008428523002283572,0.00011919731540603024,0.01323999999999927,0.00827420086775664,0.001170148708498067,0.026739999999999996,0.01674253266384751,0.002367751676168769,0.0,0.0,0.0,0.038619999999998954,0.02208609517320806,0.003123445533381379
GLN 188,R GLN 188,0.0,0.0,0.0,-0.0015199999999999747,0.0008772684879784537,0.00012406449935416678,-0.007579999999998108,0.006040165560645483,0.0008542084054843731,0.050019999999999995,0.028054582513379202,0.0039675171077135935,0.0,0.0,0.0,0.04092000000000184,0.022827036601364092,0.003228230475043614
GLY 189,R GLY 189,0.0,0.0,0.0,-0.0031399999999999384,0.0017205812971202172,0.0002433269405552903,0.02636000000000138,0.015316344211332213,0.002166058170964066,-0.01768,0.017997155330773767,0.0025451821152915506,0.0,0.0,0.0,0.005540000000001168,0.014327888888459568,0.002026269478623429
ILE 190,R ILE 190,0.0,0.0,0.0,-0.02633999999999986,0.014271103671405315,0.0020182388362133866,-0.0013000000000010913,0.013634148304899459,0.0019281597444194957,-0.07026000000000002,0.044757037435469285,0.006329600935288099,0.0,0.0,0.0,-0.09790000000000067,0.05631136652577357,0.007963629825651129
VAL 191,R VAL 191,0.0,0.0,0.0,-0.3808200000000001,0.20897489705703873,0.029553513361358554,-0.006519999999999584,0.04035752222324829,0.005707415527189131,0.08282,0.09036164894467122,0.01277906694559505,-0.036961632,0.021785783327054734,0.003080975024804245,-0.3414816319999994,0.1893830239538206,0.02678280409587218
SER 192,R SER 192,0.0,0.0,0.0,-0.59768,0.47020257081389943,0.06649668527077122,-1.53048,0.8276123305026329,0.11704205821840279,2.20818,1.1957207983471716,0.16910045698341547,-0.06268651200000001,0.03564997836198297,0.005041668289782369,0.017333488000000338,0.34926570289349945,0.049393629390375886
TRP 193,R TRP 193,0.0,0.0,0.0,-3.4601800000000007,1.8980806483392614,0.26842913953593006,-0.33582000000000106,0.2486849163097758,0.035169358140290305,1.04732,0.6012217374646395,0.08502559351160095,-0.2839953599999999,0.1565994646832232,0.022146508681538075,-3.032675360000001,1.7006025701666665,0.24050152189362425
GLY 194,R GLY 194,0.0,0.0,0.0,-1.0329200000000003,0.659582560109043,0.09327906020109758,-0.13951999999999998,0.1983947821894529,0.028057259167638043,0.71244,0.4676943942362367,0.0661419755374755,-0.140635584,0.07858437796415102,0.011113509310755576,-0.6006355839999994,0.5002032540278122,0.07073942257892865
SER 195,R SER 195,0.0,0.0,0.0,-0.40286,0.22802701682037596,0.03224788997748535,0.06076000000000008,0.09292654303265596,0.01314179774612291,0.2589400000000001,0.1983270440459393,0.028047679547513353,-0.006512112000000001,0.012150335351958646,0.001718316904212119,-0.08967211199999942,0.12732746012280716,0.01800682209681933
GLY 196,R GLY 196,0.0,0.0,0.0,-0.24034000000000005,0.3469354758452932,0.049064085520877695,-0.8066599999999999,0.49703527480451565,0.07029140266063844,1.0124000000000002,0.5921975683840653,0.08374938328131136,-0.04380062400000001,0.024879712384338837,0.0035185226681873835,-0.07840062399999934,0.31441994544164564,0.04446569511241839
CYX 197,R CYX 197,0.0,0.0,0.0,-0.8847200000000001,0.5223285188461377,0.07386840753664588,0.2776799999999997,0.19683164786182206,0.027836198591043394,-0.29632,0.20243294593519123,0.028628341761268692,-0.05621299199999999,0.034626690206970956,0.004896953491078996,-0.9595729919999991,0.5662787281052056,0.08008390573697681
ALA 198,R ALA 198,0.0,0.0,0.0,-0.14923999999999996,0.09114923148332078,0.012890447936359696,0.21997999999999876,0.12392102162264457,0.01752507894418735,-0.24350000000000002,0.1537922299727785,0.021749505741510536,0.0,0.0,0.0,-0.1727600000000016,0.11891804909264254,0.01681755178377646
GLN 199,R GLN 199,0.0,0.0,0.0,-0.08528000000000009,0.04810989087495426,0.006803766015964992,-0.06390000000000015,0.06389405293139529,0.009035983621056362,0.18635999999999991,0.12200307537107424,0.01725384038410001,0.0,0.0,0.0,0.037179999999999894,0.0444844647039839,0.006291053329928128
LYS 200,R LYS 200,0.0,0.0,0.0,-0.007259999999999973,0.004023978131153263,0.0005690764447769685,0.014839999999999591,0.05257237297288334,0.007434856286438837,0.026899999999999976,0.05211535282428643,0.007370223877196484,0.0,0.0,0.0,0.034479999999999504,0.020602174642497546,0.00291358747937991
ASN 201,R ASN 201,0.0,0.0,0.0,-0.00613999999999999,0.003376447837595004,0.0004775018324572164,-0.0023800000000002795,0.009695132799503701,0.0013710988294066368,0.03749999999999995,0.026280220699225514,0.0037165844535002866,0.0,0.0,0.0,0.02897999999999783,0.02141260376507257,0.0030281994650286827
LYS 202,R LYS 202,0.0,0.0,0.0,-0.08766000000000011,0.05134222823368692,0.007260887549053487,-0.20872000000000013,0.14042450498399464,0.01985902394378935,0.3299400000000004,0.20579741592158113,0.029104149669763674,-0.00028540800000000256,0.000808163049845762,0.00011429151457006803,0.033274591999999825,0.043285080483638105,0.006121434786837197
PRO 203,R PRO 203,0.0,0.0,0.0,-0.21476000000000003,0.1286274558560497,0.018190669256517206,0.27412000000000064,0.16026286407025214,0.022664591591290636,-0.31736,0.18673068949693308,0.0264077073597842,-0.00024451200000000006,0.0005882518265641,8.319137112176958e-05,-0.2582445119999985,0.1610471582866672,0.022775507543065135
GLY 204,R GLY 204,0.0,0.0,0.0,-0.45702,0.27700545048789194,0.03917448649312456,-0.07478000000000037,0.0884778593773608,0.012512658870120317,-0.08966000000000002,0.0948366195095544,0.013411923352002869,-0.019436256,0.013245316573100999,0.0018731706335604558,-0.6408962559999993,0.3828760259922282,0.05414684686657228
VAL 205,R VAL 205,0.0,0.0,0.0,-0.24313999999999997,0.13285857292625117,0.01878903957098393,-0.15117999999999995,0.08669571846406267,0.012260626085155697,0.12158000000000001,0.0821177422972648,0.011613202486825064,-0.000791424,0.0015022643179627214,0.00021245225727320482,-0.27353142400000047,0.15362228141308537,0.021725471385708156
TYR 206,R TYR 206,0.0,0.0,0.0,-0.14973999999999993,0.08460893806212187,0.011965510770543792,0.026780000000001677,0.029796838758500362,0.004213909348811551,-0.055159999999999994,0.06678124287552607,0.00944429393867006,-0.00013593599999999997,0.0005604091497325859,7.925382200297976e-05,-0.17825593599999948,0.11717674237567409,0.016571293826237645
THR 207,R THR 207,0.0,0.0,0.0,-0.018580000000000343,0.010258830342685439,0.0014508177004710374,0.00027999999999977376,0.022260314463188095,0.0031480838616530565,0.009579999999999991,0.021932706171377932,0.0031017530527106753,0.0,0.0,0.0,-0.008720000000000656,0.013325224200738886,0.0018844712786347116
LYS 208,R LYS 208,0.0,0.0,0.0,-0.004019999999999904,0.0022135040094835978,0.0003130367390578928,0.2483999999999999,0.1359577875665819,0.019227334708690026,-0.16331999999999994,0.09120316661169232,0.012898075515362832,0.0,0.0,0.0,0.0810600000000004,0.045816333332119,0.006479407997648919
VAL 209,R VAL 209,0.0,0.0,0.0,-0.0018599999999999106,0.0010772186407596058,0.00015234172114033452,0.007200000000000131,0.0063686733312367984,0.0009006664199358919,0.017559999999999968,0.012013592302055185,0.0016989785166387453,0.0,0.0,0.0,0.02290000000000017,0.01601030917877608,0.002264199637841158
CYX 210,R CYX 210,0.0,0.0,0.0,-0.0006399999999999473,0.0004799999999999607,6.7882250993903e-05,0.006680000000000206,0.003997199019313593,0.0005652893064617718,-0.0030999999999999873,0.0033719430600174616,0.0004768647607026529,0.0,0.0,0.0,0.0029400000000012307,0.003500914166329028,0.0004951040294726609
ASN 211,R ASN 211,0.0,0.0,0.0,-0.0011200000000000454,0.0007386474125046786,0.00010446051885759105,0.011499999999999488,0.01270787157631032,0.0017971644332113615,0.006399999999999997,0.006434283176858225,0.0009099450532861945,0.0,0.0,0.0,0.016780000000000114,0.013280496978653035,0.0018781458942266033
TYR 212,R TYR 212,0.0,0.0,0.0,-0.002819999999999858,0.001570859637268574,0.00022215310036096978,-0.005320000000000107,0.005143695169816955,0.0007274283469868118,-0.018940000000000012,0.012921934839643795,0.001827437550232566,0.0,0.0,0.0,-0.027080000000000534,0.016619073379704,0.002350291896765106
VAL 213,R VAL 213,0.0,0.0,0.0,-0.0004200000000000159,0.0004935585071701413,6.979971346646324e-05,0.0006599999999994566,0.0018826576959182118,0.00026624800468736173,0.0014400000000000012,0.002757970268150115,0.00039003589578396545,0.0,0.0,0.0,0.001679999999999575,0.003152395914221453,0.00044581610558615107
SER 214,R SER 214,0.0,0.0,0.0,-0.00025999999999998024,0.0004386342439891928,6.203224967707856e-05,0.00024000000000043542,0.0036472455360174083,0.0005157984102340548,-0.0003799999999999848,0.0035602808877952634,0.0005034997517377785,0.0,0.0,0.0,-0.00039999999999965394,0.0011313708498984583,0.0001599999999999975
TRP 215,R TRP 215,0.0,0.0,0.0,-0.0011599999999997125,0.0007578918128597836,0.00010718208805578377,0.0004599999999996385,0.0014171802990447268,0.00020041955992370112,-0.0046,0.004833218389437834,0.0006835202996254031,0.0,0.0,0.0,-0.005300000000000686,0.005052722038664153,0.000714562803398028
ILE 216,R ILE 216,0.0,0.0,0.0,-0.0006600000000000961,0.0004737087712931494,6.699253689778666e-05,0.007500000000000852,0.004234383071947604,0.000598832196863135,0.0006000000000000339,0.0026153393661244037,0.0003698648401781385,0.0,0.0,0.0,0.007440000000000903,0.004720847381560557,0.0006676286392896453
LYS 217,R LYS 217,0.0,0.0,0.0,-0.00022000000000003795,0.00041424630354423104,5.858327406351734e-05,0.1410799999999999,0.07187401199320909,0.010164520254296278,-0.1425200000000001,0.07260254540992302,0.010267550438152162,0.0,0.0,0.0,-0.0016599999999996839,0.001632298992217324,0.00023084193726416748
GLN 218,R GLN 218,0.0,0.0,0.0,-0.00016000000000000015,0.00036660605559646754,5.184592558726293e-05,0.006079999999999757,0.004165765235823667,0.0005891281694164185,-0.004280000000000292,0.0032313464685795297,0.0004569814000591577,0.0,0.0,0.0,0.0016399999999993043,0.0013676256797814947,0.00019341147845967132
THR 219,R THR 219,0.0,0.0,0.0,-9.999999999994457e-05,0.00029999999999983377,4.242640687116934e-05,0.00882000000000005,0.005078149269172783,0.000718158756821917,-0.0014399999999999613,0.002677013261080331,0.00037858684604724315,0.0,0.0,0.0,0.007280000000000087,0.004228664091649144,0.0005980234109130324
ILE 220,R ILE 220,0.0,0.0,0.0,-0.00019999999999997797,0.000399999999999956,5.656854249491758e-05,0.005100000000000335,0.0028722813232690703,0.0004062019202318059,-0.005420000000000025,0.003079545420999668,0.0004355134900321693,0.0,0.0,0.0,-0.0005199999999994454,0.0011702991070660423,0.00016550528692459198
ALA 221,R ALA 221,0.0,0.0,0.0,-2.000000000000668e-05,0.00014000000000004674,1.979898987322994e-05,0.003739999999998247,0.002189155088156234,0.0003095932815808614,-0.004060000000000059,0.0022307846153315977,0.0003154805857735193,0.0,0.0,0.0,-0.0003400000000018899,0.0005868560300464368,8.299397568521034e-05
SER 222,R SER 222,0.0,0.0,0.0,-6.000000000000227e-05,0.00023748684174076736,3.358571124749461e-05,0.0027400000000004352,0.001775499929596399,0.0002510936080427703,-0.0024600000000000043,0.00167582815348118,0.00023699789028597455,0.0,0.0,0.0,0.00022000000000046426,0.0006415605972945901,9.073036977781929e-05
ASN 223,R ASN 223,0.0,0.0,0.0,-0.0002000000000000135,0.000400000000000027,5.656854249492762e-05,-0.1132200000000006,0.059546717793680475,0.008421177589862622,0.11294000000000042,0.059152484309621105,0.008365424555872787,0.0,0.0,0.0,-0.0004800000000020077,0.0010998181667859909,0.0001555377767613063
UNK 224,L UNK   1,0.0,0.0,0.0,-17.161739999999998,9.201508930191835,1.3012898723374442,-5.6098599999999985,3.067271712841889,0.43377772557843525,3.3366599999999993,1.8202760077526698,0.25742590174261787,-2.89462536,1.541587673803934,0.21801341958807144,-22.32956536,11.9323838864634,1.687493912367872

Sidechain Energy Decomposition:
Residue,Location,Internal,,,van der Waals,,,Electrostatic,,,Polar Solvation,,,Non-Polar Solv.,,,TOTAL,,
,,Avg.,Std. Dev.,Std. Err. of Mean,Avg.,Std. Dev.,Std. Err. of Mean,Avg.,Std. Dev.,Std. Err. of Mean,Avg.,Std. Dev.,Std. Err. of Mean,Avg.,Std. Dev.,Std. Err. of Mean
ILE   1,R ILE   1,0.0,0.0,0.0,-0.018460000000000178,0.010284376500303815,0.0014544304727280803,0.051920000000000036,0.02946444637185646,0.004166901966689414,-0.04663999999999999,0.03183756272078625,0.004502511299263997,0.0,0.0,0.0,-0.013180000000000166,0.01906062958036778,0.002695580085992591
VAL   2,R VAL   2,0.0,0.0,0.0,-0.030579999999999927,0.01725466893336405,0.0024401786819821143,0.006280000000000179,0.005265130577677964,0.0007446019070617466,-0.03896,0.025488005021970635,0.003604548237990443,0.0,0.0,0.0,-0.06325999999999965,0.03689054621444341,0.005217111077981731
GLY   3,R GLY   3,0.0,0.0,0.0,-0.0005600000000000005,0.0004963869458396345,7.0199715099137e-05,-0.005099999999999985,0.0030282007859453383,0.0004282522621072763,0.0008399999999999875,0.0015666524822052828,0.0002215581187860185,0.0,0.0,0.0,-0.004819999999999998,0.002804924241401182,0.00039667619036186163
GLY   4,R GLY   4,0.0,0.0,0.0,-0.00038000000000000257,0.00048538644398046717,6.864400920692251e-05,-0.005840000000000001,0.0033368248380758465,0.0004718982941270269,0.0011599999999999922,0.0014192955999368256,0.00020071870864471172,0.0,0.0,0.0,-0.005060000000000029,0.0029148584871310558,0.00041222324048990607
TYR   5,R TYR   5,0.0,0.0,0.0,-0.0007800000000000296,0.0005015974481594446,7.093659140388219e-05,0.0004600000000000382,0.002499679979517314,0.00035350813286258854,-0.012080000000000002,0.00749357057750171,0.0010597509141302905,0.0,0.0,0.0,-0.012399999999999878,0.008316249154516663,0.0011760952342391249
THR   6,R THR   6,0.0,0.0,0.0,-0.00030000000000000247,0.0004582575694955879,6.480740698407915e-05,0.00011999999999989797,0.002413627974647379,0.00034133854162694284,-0.004360000000000004,0.0038717437931763883,0.0005475472582343899,0.0,0.0,0.0,-0.004540000000000397,0.003694374101251927,0.0005224633958470389
CYX   7,R CYX   7,0.0,0.0,0.0,-0.0004000000000000181,0.0004898979485566579,6.928203230275824e-05,0.002640000000000004,0.0013078226179417457,0.00018495404834715034,-0.008880000000000025,0.005278787739623541,0.0007465333214264426,0.0,0.0,0.0,-0.006640000000000254,0.004533254901282299,0.0006410990563087733
GLY   8,R GLY   8,0.0,0.0,0.0,-9.999999999999565e-05,0.0002999999999999869,4.2426406871191e-05,-0.0034599999999999995,0.0019100785324169289,0.0002701258965741718,0.002839999999999999,0.0014472042012100411,0.00020466558088745617,0.0,0.0,0.0,-0.0007199999999999963,0.0008255906976220648,0.00011675615615461889
ALA   9,R ALA   9,0.0,0.0,0.0,-4.000000000000004e-05,0.00019595917942265444,2.771281292110206e-05,0.003360000000000002,0.00167044904142569,0.00023623716896373467,-0.0030200000000000014,0.0014351306560728195,0.0002029581237595579,0.0,0.0,0.0,0.00029999999999995807,0.0005744562646539453,8.124038404637976e-05
ASN  10,R ASN  10,0.0,0.0,0.0,-0.00018000000000005124,0.0003841874542460803,5.433231082883996e-05,0.007700000000000009,0.0050328918128646274,0.0007117583859709669,-0.00498,0.003524145286448897,0.0004983894059869245,0.0,0.0,0.0,0.002539999999998912,0.001791200714606339,0.0002533140343528664
THR  11,R THR  11,0.0,0.0,0.0,-0.00017999999999998906,0.0003841874542459476,5.43323108288212e-05,-0.0027199999999999846,0.0020103730997006464,0.00028430969030266925,0.0019200000000000011,0.0017417232845661798,0.0002463168690934505,0.0,0.0,0.0,-0.0009800000000003805,0.0012081390648431389,0.0001708566650733915
VAL  12,R VAL  12,0.0,0.0,0.0,-0.0004800000000000093,0.0004995998398718817,7.065408693062416e-05,0.005540000000000021,0.0030146973314082513,0.0004263425852527526,0.00572,0.003720430082665175,0.0005261482680765945,0.0,0.0,0.0,0.01078000000000026,0.006165354815418402,0.0008719128396806973
PRO  13,R PRO  13,0.0,0.0,0.0,-0.00010000000000001563,0.0003000000000000469,4.242640687119948e-05,0.02828,0.013635307110586109,0.0019283236242913174,-0.027860000000000065,0.01342238428894068,0.0018982117900803459,0.0,0.0,0.0,0.0003199999999998937,0.000581033561853058,8.217055433665412e-05
TYR  14,R TYR  14,0.0,0.0,0.0,-0.000619999999999905,0.00048538644398038976,6.864400920691158e-05,0.0013400000000000035,0.0013800000000000296,0.0001951614716074913,-0.01702000000000007,0.009343425496037196,0.0013213599055518367,0.0,0.0,0.0,-0.01629999999999992,0.009383496150156158,0.0013270267518026562
GLN  15,R GLN  15,0.0,0.0,0.0,-0.002099999999999955,0.0012688577540450013,0.00017944358444927058,-0.0008000000000000018,0.01300153837051599,0.0018386951895297903,0.03552,0.026890325397808047,0.0038028662874205832,0.0,0.0,0.0,0.032619999999998865,0.020435155981787554,0.002889967473865364
VAL  16,R VAL  16,0.0,0.0,0.0,-0.0008000000000000185,0.0004898979485566252,6.928203230275362e-05,0.004039999999999964,0.002271211130652466,0.00032119775839814486,0.00013999999999999928,0.002584646977828888,0.0003655242809992246,0.0,0.0,0.0,0.003379999999999872,0.0030912133540082834,0.00043716358494273375
SER  17,R SER  17,0.0,0.0,0.0,-0.0008599999999999941,0.0005295280917949146,7.488658090739134e-05,0.01490000000000001,0.008521150157109055,0.0012050726119201254,-0.02004,0.012518721979499353,0.0017704146406986143,0.0,0.0,0.0,-0.005999999999999952,0.006714164132637787,0.0009495261976375346
LEU  18,R LEU  18,0.0,0.0,0.0,-0.003579999999999881,0.001970685160039453,0.00027869696804951874,0.012919999999999803,0.007530843246277193,0.0010650220654991032,-0.016980000000000006,0.01084710099519682,0.0015340117339838037,0.0,0.0,0.0,-0.007640000000000562,0.0063490471726077545,0.0008978908619648439
ASN  19,R ASN  19,0.0,0.0,0.0,-0.0006599999999999539,0.0005141984052872589,7.27186358507859e-05,0.011659999999999995,0.007755282070950067,0.0010967625084766486,-0.0026600000000000113,0.003350283570087751,0.0004738016462613849,0.0,0.0,0.0,0.00833999999999577,0.005715277771026982,0.0008082623336515831
SER  20,R SER  20,0.0,0.0,0.0,-0.0008200000000000074,0.0005173006862551312,7.315736463269159e-05,-0.005539999999999986,0.004167541241547584,0.00058937933455458,-0.002280000000000013,0.004613198456602531,0.0006524047823245929,0.0,0.0,0.0,-0.008639999999999983,0.006189539562843098,0.0008753330794617546
GLY  21,R GLY  21,0.0,0.0,0.0,-0.00010000000000000009,0.0003000000000000003,4.242640687119289e-05,-0.0004800000000000093,0.0010628264204469047,0.0001503063538244462,0.00018000000000000015,0.0012278436382536673,0.00017364331256918607,0.0,0.0,0.0,-0.00039999999999999145,0.0006633249580709857,9.380831519645525e-05
TYR  22,R TYR  22,0.0,0.0,0.0,-0.0036399999999999454,0.0021703455946000525,0.00030693321749200933,-0.00621999999999999,0.01032916259916548,0.0014607641835696751,0.01308000000000014,0.012617194616871049,0.0017843407746279843,0.0,0.0,0.0,0.0032200000000001516,0.003721773770663765,0.000526338294255715
HIE  23,R HIE  23,0.0,0.0,0.0,-0.006239999999999988,0.003403292523424923,0.000481298244335048,0.024079999999999976,0.015237900117798416,0.0021549645008677103,-0.026500000000000003,0.01684072444997544,0.0023816380917343447,0.0,0.0,0.0,-0.008659999999999978,0.007752702754524092,0.0010963977380495221
PHE  24,R PHE  24,0.0,0.0,0.0,-0.01318000000000005,0.007325817360540753,0.0010360270266745002,0.006279999999999981,0.005355520516252379,0.0007573849747651474,-0.028960000000000034,0.017205766475225707,0.002433262830028852,0.0,0.0,0.0,-0.035860000000000405,0.019974994367959416,0.0028248907943494396
CYX  25,R CYX  25,0.0,0.0,0.0,-0.026300000000000025,0.014608559134972932,0.002065962245540809,-2.0000000000000713e-05,0.006379623813360781,0.0009022150519693179,0.026779999999999998,0.017000341173047082,0.0024042113051892917,0.0,0.0,0.0,0.00045999999999985164,0.004984816947491578,0.0007049595733089842
GLY  26,R GLY  26,0.0,0.0,0.0,-0.0013800000000000034,0.0008459314393022584,0.00011963277142990464,-0.01294,0.007072227371910503,0.0010001639865542063,0.0076399999999999975,0.004542070012670434,0.0006423457013166663,0.0,0.0,0.0,-0.006680000000000007,0.0036956190279843633,0.0005226394550739561
GLY  27,R GLY  27,0.0,0.0,0.0,-0.0006200000000000028,0.00048538644398046614,6.864400920692238e-05,-0.011480000000000013,0.0062393589414298034,0.0008823786035483866,0.006839999999999997,0.003915916240166533,0.0005537941855960569,0.0,0.0,0.0,-0.005259999999999971,0.002862236887471044,0.0004047814224986104
SER  28,R SER  28,0.0,0.0,0.0,-0.000639999999999965,0.0004799999999999741,6.78822509939049e-05,0.01366000000000003,0.00924902156987432,0.0013080091742797557,-0.02024000000000002,0.012828967222656716,0.0018142899437521025,0.0,0.0,0.0,-0.007219999999999876,0.007611281101102395,0.001076397696021303
LEU  29,R LEU  29,0.0,0.0,0.0,-0.00024000000000002687,0.0004270831300813002,6.0398675482172746e-05,0.0023199999999999753,0.0012399999999999772,0.00017536248173426056,-0.00016000000000000126,0.0012387090053761574,0.00017517990752366488,0.0,0.0,0.0,0.0019200000000001438,0.001718604084715197,0.00024304732049540312
ILE  30,R ILE  30,0.0,0.0,0.0,-0.0005200000000000493,0.0004995998398719194,7.065408693062949e-05,0.00759999999999998,0.0041036569057366305,0.0005803447251418753,-0.007140000000000004,0.003944667286350021,0.0005578601975405672,0.0,0.0,0.0,-5.9999999999913455e-05,0.0011029052543170953,0.00015597435686677836
ASN  31,R ASN  31,0.0,0.0,0.0,-6.000000000000227e-05,0.00023748684174076736,3.358571124749461e-05,0.0023199999999999775,0.0031964980838411947,0.0004520530942267828,-0.0019200000000000196,0.002805993585167301,0.00039682741840755013,0.0,0.0,0.0,0.00034000000000133923,0.0007644605941445287,0.00010811105401389867
SER  32,R SER  32,0.0,0.0,0.0,-1.9999999999997796e-05,0.0001399999999999846,1.979898987322115e-05,0.0031800000000000673,0.0023211204191079357,0.0003282559976603565,-0.003360000000000021,0.002269449272400788,0.0003209485940146947,0.0,0.0,0.0,-0.00020000000000003126,0.0005999999999999753,8.485281374238221e-05
GLN  33,R GLN  33,0.0,0.0,0.0,-0.000140000000000029,0.0003469870314580213,4.907137658555135e-05,0.005799999999999999,0.003560898762952956,0.0005035871324805647,-0.00459999999999999,0.003046309242345581,0.00043081318457076286,0.0,0.0,0.0,0.0010599999999999455,0.0009676776322723266,0.0001368502831564609
TRP  34,R TRP  34,0.0,0.0,0.0,-0.00036000000000001363,0.00048000000000001817,6.788225099391113e-05,-0.003979999999999961,0.0024697368280851622,0.00034927353177703456,-0.00457999999999997,0.002646431559666709,0.00037426194035728426,0.0,0.0,0.0,-0.008919999999999746,0.0050193226634676425,0.0007098394184602586
VAL  35,R VAL  35,0.0,0.0,0.0,-0.0005999999999999873,0.0004898979485566253,6.928203230275363e-05,0.004600000000000186,0.002683281572999795,0.00037947331922021224,-0.00032000000000000084,0.0022754340245324622,0.0003217949657779002,0.0,0.0,0.0,0.003679999999999932,0.0029219171788397703,0.00041322149024461353
VAL  36,R VAL  36,0.0,0.0,0.0,-0.00126000000000003,0.0007952358140828331,0.00011246332735607516,0.006179999999999844,0.0033626775046084294,0.00047555441329041567,-0.004219999999999999,0.0031131334696732787,0.0004402635574289561,0.0,0.0,0.0,0.0006999999999995233,0.0022472205054243632,0.00031780497164140555
SER  37,R SER  37,0.0,0.0,0.0,-0.004319999999999986,0.0023869645996537083,0.0003375677709734739,-0.01860000000000003,0.011497825881443845,0.001626038129934227,0.020660000000000033,0.01800401066429368,0.0025461516058553958,0.0,0.0,0.0,-0.0022599999999999643,0.013943901892942295,0.0019719655169398867
ALA  38,R ALA  38,0.0,0.0,0.0,-0.027179999999999982,0.015221944685223367,0.002152708061953594,0.04473999999999998,0.02417007240369795,0.0034181644196849314,-0.05372,0.029284835666262506,0.004141501177109577,0.0,0.0,0.0,-0.03615999999999993,0.020613937032988163,0.002915250932595686
ALA  39,R ALA  39,0.0,0.0,0.0,-0.009399999999999986,0.005276362383309158,0.0007461903242471038,0.02148000000000001,0.011658885023877696,0.0016488153322916403,-0.022000000000000006,0.012167168939404095,0.0017206975329789938,0.0,0.0,0.0,-0.009919999999999929,0.005959328821268286,0.0008427763641678479
HID  40,R HID  40,0.0,0.0,0.0,-1.0267399999999998,0.6914773694055357,0.09778966738873793,-0.03291999999999997,0.13824917214942012,0.01955138542405627,0.3635,0.31315339691595256,0.044286578102174505,-0.13438454400000002,0.07277223392510125,0.010291548018106564,-0.8305445440000004,0.7084961336015672,0.10019648410282365
CYX  41,R CYX  41,0.0,0.0,0.0,-0.03236000000000001,0.018078451261100914,0.0025566790960149894,-0.012420000000000002,0.007743616726052493,0.0010951127795802579,0.03668000000000002,0.022192286948397172,0.0031384633182498707,0.0,0.0,0.0,-0.00810000000000013,0.007014983962918271,0.000992068546018878
TYR  42,R TYR  42,0.0,0.0,0.0,-0.005700000000000021,0.0031256999216175496,0.0004420407221060059,0.007819999999999938,0.006042151934534517,0.0008544893211737547,-0.0055400000000000735,0.005329953095478488,0.0007537691954438137,0.0,0.0,0.0,-0.003420000000000094,0.002324564475337395,0.0003287430607632842
LYS  43,R LYS  43,0.0,0.0,0.0,-0.004779999999999998,0.0026479425975651505,0.00037447563338620783,0.032839999999999925,0.08475077816751898,0.011985569990617895,0.005799999999999983,0.08002449624958638,0.011317172791823994,0.0,0.0,0.0,0.03386000000000038,0.01971599350780961,0.0027882625414404243
SER  44,R SER  44,0.0,0.0,0.0,-0.0003600000000000042,0.0004800000000000057,6.788225099390937e-05,0.00038000000000006697,0.005336253367298105,0.0007546601884292077,0.002300000000000111,0.005220153254455403,0.0007382411530116881,0.0,0.0,0.0,0.0023200000000001175,0.0016904437287292625,0.00023906484475974681
GLY  45,R GLY  45,0.0,0.0,0.0,-8.000000000000007e-05,0.00027129319932501096,3.836665218650179e-05,-0.00226,0.0016469365500832165,0.00023291200054956408,0.001919999999999984,0.001494523335381562,0.00021135751701796784,0.0,0.0,0.0,-0.0004200000000000248,0.0006352952069707806,8.984430978087003e-05
ILE  46,R ILE  46,0.0,0.0,0.0,-0.00144000000000001,0.000852291030106518,0.00012053215338655735,0.006780000000000061,0.003941015097661995,0.000557343700063072,-0.00632000000000001,0.00375467708331889,0.000530991525356103,0.0,0.0,0.0,-0.0009799999999998122,0.0009897474425328125,0.00013997142565539889
GLN  47,R GLN  47,0.0,0.0,0.0,-0.00040000000000000034,0.0004898979485566361,6.928203230275516e-05,0.001639999999999988,0.002397999165971483,0.0003391282943076242,-0.0009799999999999898,0.0019948934808654887,0.0002821205416129646,0.0,0.0,0.0,0.0002600000000002467,0.0008901685233711058,0.0001258888398549049
VAL  48,R VAL  48,0.0,0.0,0.0,-0.0005400000000000915,0.000498397431775169,7.048404074683634e-05,0.0039399999999999834,0.0021392522057952263,0.00030253594827721683,0.0006600000000000005,0.0015047923444781327,0.00021280977421161816,0.0,0.0,0.0,0.004060000000000192,0.0025722363810506054,0.0003637691575711255
ARG  49,R ARG  49,0.0,0.0,0.0,-0.0004600000000001181,0.0004983974317752124,7.048404074684248e-05,0.0495999999999998,0.03896254611803591,0.0055101361144713566,-0.05723999999999947,0.041863377790140356,0.00592037566375651,0.0,0.0,0.0,-0.008100000000003433,0.0051623637996580036,0.0007300684899380252
LEU  50,R LEU  50,0.0,0.0,0.0,-0.0003399999999999892,0.0004737087712930653,6.699253689777476e-05,0.0029200000000000515,0.0015600000000001108,0.0002206173157302185,0.0014399999999999999,0.00175681530047982,0.0002484512024523126,0.0,0.0,0.0,0.0040199999999999125,0.002824818578245306,0.0003994896744597996
GLY  51,R GLY  51,0.0,0.0,0.0,-1.9999999999997796e-05,0.0001399999999999846,1.979898987322115e-05,-0.0045000000000000005,0.0022383029285599366,0.0003165438358268879,0.00362,0.0019379370474811616,0.0002740656855573131,0.0,0.0,0.0,-0.0009000000000000363,0.0006708203932499099,9.486832980504756e-05
GLU  52,R GLU  52,0.0,0.0,0.0,-0.0003200000000000713,0.00046647615158772806,6.596969000989727e-05,-0.0879199999999996,0.0504169971339034,0.007130040112089165,0.0932400000000004,0.053190059221625105,0.007522210313465033,0.0,0.0,0.0,0.005000000000000426,0.003124099870361251,0.00044181444068729087
ASP  53,R ASP  53,0.0,0.0,0.0,-0.00023999999999997358,0.00042708313008120533,6.039867548215933e-05,-0.07775999999999997,0.04302583409999198,0.006084771811662344,0.07884000000000033,0.04348901470486563,0.006150275440986393,0.0,0.0,0.0,0.0008399999999993213,0.0011892854997867046,0.00016819036833320224
ASN  54,R ASN  54,0.0,0.0,0.0,-0.00030000000000001136,0.0004582575694956014,6.480740698408106e-05,0.0011200000000000277,0.0024709512338369024,0.00034944527468546804,-0.0010200000000000053,0.002121226060560279,0.00029998666637035985,0.0,0.0,0.0,-0.00019999999999924966,0.0020591260281949755,0.00029120439557087785
ILE  55,R ILE  55,0.0,0.0,0.0,-0.0010999999999999766,0.0007280109889280555,0.00010295630140987053,0.004520000000000004,0.0031384072393492767,0.0004438378082137651,-0.002300000000000002,0.002523885892824797,0.00035693136595149556,0.0,0.0,0.0,0.0011200000000000543,0.001464786673888705,0.00020715211801967826
ASN  56,R ASN  56,0.0,0.0,0.0,-0.00031999999999999585,0.0004664761515876181,6.596969000988173e-05,0.0009799999999999876,0.0038078340299965412,0.0005385090528486908,0.0019399999999999973,0.0045317104938422835,0.0006408806441140233,0.0,0.0,0.0,0.002599999999998772,0.002144761058954323,0.00030331501776228846
VAL  57,R VAL  57,0.0,0.0,0.0,-0.00014000000000001124,0.00034698703145797727,4.907137658554512e-05,0.0008400000000000318,0.000945727233402962,0.00013374602797840544,-0.00022000000000000025,0.0006720119046564565,9.50368349641336e-05,0.0,0.0,0.0,0.00047999999999992493,0.0009641576634555636,0.00013635248439248122
VAL  58,R VAL  58,0.0,0.0,0.0,-4.0000000000004476e-05,0.00019595917942267618,2.7712812921105138e-05,0.0010200000000000742,0.000859999999999963,0.00012162236636408094,-0.0005200000000000005,0.0007277362159464109,0.00010291744264214897,0.0,0.0,0.0,0.0004600000000001625,0.0006988562083860033,9.883319280481238e-05
GLU  59,R GLU  59,0.0,0.0,0.0,-8.000000000000007e-05,0.00027129319932501096,3.836665218650179e-05,-0.03164000000000005,0.022766431428750532,0.003219659609337608,0.0319000000000004,0.022325993818864586,0.0031573723252096187,0.0,0.0,0.0,0.0001800000000012858,0.000952680429103517,0.00013472935834456134
GLY  60,R GLY  60,0.0,0.0,0.0,-2.000000000000002e-05,0.00014000000000000012,1.9798989873223346e-05,-0.0015800000000000009,0.0007507329751649386,0.00010616967551989601,0.0016199999999999995,0.0007717512552629894,0.000109142109197138,0.0,0.0,0.0,2.000000000006441e-05,0.0005095095681143344,7.2055534138615e-05
ASN  61,R ASN  61,0.0,0.0,0.0,-4.000000000001336e-05,0.00019595917942271968,2.771281292111129e-05,0.0016800000000000105,0.0019742340286803815,0.0002791988538658269,-0.0016999999999998928,0.0020904544960366174,0.00029563490998187975,0.0,0.0,0.0,-5.999999999943384e-05,0.0005799999999989375,8.202438661748924e-05
GLU  62,R GLU  62,0.0,0.0,0.0,-0.00010000000000000675,0.00030000000000002025,4.2426406871195715e-05,-0.05496000000000038,0.027619529322564992,0.003905991295433279,0.055299999999999724,0.027697111762781158,0.003916963109348849,0.0,0.0,0.0,0.00023999999999944067,0.0006800000000000869,9.616652224138275e-05
GLN  63,R GLN  63,0.0,0.0,0.0,-3.999999999997783e-05,0.00019595917942254564,2.7712812921086676e-05,0.0013399999999999922,0.0016686521506892743,0.00023598305023878052,-0.0006799999999999784,0.0016666133324799728,0.00023569471780249975,0.0,0.0,0.0,0.000619999999999834,0.000771751255263478,0.0001091421091972071
PHE  64,R PHE  64,0.0,0.0,0.0,-0.0002799999999999692,0.00044899888641282344,6.349803146554316e-05,0.000920000000000002,0.0007959899496852892,0.00011256997823576134,-0.0033400000000000096,0.0021317598363793564,0.0003014763672329936,0.0,0.0,0.0,-0.002699999999999996,0.0017804493814764495,0.00025179356624027835
ILE  65,R ILE  65,0.0,0.0,0.0,-0.00012000000000002231,0.0003249615361854988,4.595650117231277e-05,0.0037600000000000034,0.0019448393249829061,0.0002750418150027361,-0.002759999999999998,0.0014636939570825543,0.00020699758452696911,0.0,0.0,0.0,0.0008800000000001518,0.000738647412504855,0.000104460518857616
SER  66,R SER  66,0.0,0.0,0.0,-3.999999999999559e-05,0.00019595917942263265,2.771281292109898e-05,0.0024600000000000576,0.0020708452380609503,0.00029286174212415363,-0.0026400000000001357,0.0020953281365933083,0.00029632414683922014,0.0,0.0,0.0,-0.00022000000000018004,0.0007820485918406901,0.0001105983725015885
ALA  67,R ALA  67,0.0,0.0,0.0,-0.0001800000000000157,0.00038418745424600444,5.4332310828829236e-05,0.005419999999999993,0.0030403289295732466,0.000429967440627776,-0.005039999999999996,0.0029594594100950306,0.00041853076350490716,0.0,0.0,0.0,0.00019999999999990693,0.000632455532033713,8.944271909999684e-05
SER  68,R SER  68,0.0,0.0,0.0,-6.000000000000227e-05,0.00023748684174076736,3.358571124749461e-05,-0.0008199999999999052,0.001762838619953735,0.0002493030284613642,-0.00031999999999992923,0.001139122469271845,0.00016109624452481723,0.0,0.0,0.0,-0.0011999999999999034,0.0010954451150105298,0.0001549193338483246
LYS  69,R LYS  69,0.0,0.0,0.0,-0.00018000000000000681,0.00038418745424598547,5.433231082882655e-05,0.0816199999999997,0.04394719103651573,0.006215071359204186,-0.08386000000000067,0.0449056833819513,0.006350622646638764,0.0,0.0,0.0,-0.002420000000000755,0.001662407892186401,0.00023509997873260782
SER  70,R SER  70,0.0,0.0,0.0,-0.0004999999999999894,0.0004999999999999894,7.071067811865325e-05,0.004199999999999982,0.006183849933496051,0.0008745284443630077,-0.005159999999999947,0.00679517475860638,0.0009609828302316464,0.0,0.0,0.0,-0.0014600000000000702,0.006086739685578957,0.0008607949813980309
ILE  71,R ILE  71,0.0,0.0,0.0,-0.0004599999999999582,0.0004983974317750393,7.048404074681799e-05,0.004759999999999955,0.0026119724347702902,0.0003693886841796819,-0.0036799999999999945,0.0020730653631759874,0.0002931757152289387,0.0,0.0,0.0,0.0006200000000000472,0.0008692525524837183,0.0001229308748849905
VAL  72,R VAL  72,0.0,0.0,0.0,-0.0030999999999999873,0.00172336879396139,0.00024372115213907618,0.006239999999999952,0.0035696498427717684,0.0005048247220570821,-0.005159999999999994,0.0031708673892170175,0.0004484283666317274,0.0,0.0,0.0,-0.0020199999999997065,0.0017145261736113452,0.0002424706167764812
HID  73,R HID  73,0.0,0.0,0.0,-0.0017799999999999728,0.0010254754994634906,0.0001450241359222592,0.01833999999999994,0.010871264875809047,0.0015374290227519415,-0.011760000000000007,0.008122955127292046,0.0011487593307564481,0.0,0.0,0.0,0.004799999999999827,0.0036932370625235244,0.0005223025942879739
PRO  74,R PRO  74,0.0,0.0,0.0,-0.0005599999999999827,0.0004963869458396191,7.019971509913482e-05,0.03549999999999998,0.019256427498370525,0.0027232700931049806,-0.03288000000000009,0.01784448374148158,0.002523591092074944,0.0,0.0,0.0,0.002059999999999498,0.0014478950238191648,0.00020476327795775783
SER  75,R SER  75,0.0,0.0,0.0,-0.000720000000000005,0.0004489988864128764,6.349803146555066e-05,0.0035999999999999856,0.0069079664156682955,0.000976933979345596,0.0005199999999998717,0.0050487226107205265,0.0007139971988740668,0.0,0.0,0.0,0.003399999999999821,0.003026549190084252,0.00042801869118064555
TYR  76,R TYR  76,0.0,0.0,0.0,-0.06337999999999987,0.041026766872372424,0.005802061013122828,0.03401999999999992,0.04902468357878494,0.006933137240816722,-0.006640000000000028,0.06727904874476147,0.009514694319840223,-0.00010958400000000146,0.0003935188043080071,5.5651963010122756e-05,-0.03610958400000003,0.039609392131782536,0.0056016139550121025
ASN  77,R ASN  77,0.0,0.0,0.0,-0.02267999999999999,0.013983475962721153,0.0019775621355598424,0.002580000000000004,0.01535329280643078,0.002171283491393969,-0.02305999999999992,0.03763637070707006,0.0053225865892439946,0.0,0.0,0.0,-0.04315999999999917,0.052401282427055385,0.007410660429408466
SER  78,R SER  78,0.0,0.0,0.0,-0.05953999999999998,0.040788826901493484,0.005768411219738063,0.04379999999999999,0.031221787264665044,0.004415427499121688,0.0004599999999999582,0.03446981868243592,0.004874768507324236,-0.0013219199999999975,0.004358728718881221,0.0006164173268946928,-0.01660191999999973,0.027151498537737847,0.003839801747082212
ASN  79,R ASN  79,0.0,0.0,0.0,-0.19027999999999998,0.14981121987354626,0.021186505894082688,0.03709999999999998,0.056301420941216034,0.00796222330759443,0.10632000000000001,0.10097949098703159,0.014280656567539178,-0.008233055999999996,0.0162391742185637,0.0022965660421632294,-0.05509305600000133,0.0842638814379042,0.011916712394768261
THR  80,R THR  80,0.0,0.0,0.0,-0.20439999999999994,0.13964082497607924,0.019748194854213887,-0.02548000000000016,0.01582812686327742,0.002238435167700884,-0.04493999999999995,0.06188486406222444,0.008751841406241315,-0.0016698240000000053,0.006319971317484295,0.0008937789150995247,-0.27648982400000033,0.188406401478543,0.026644688820886588
LEU  81,R LEU  81,0.0,0.0,0.0,-1.3717000000000001,0.8443506913599348,0.1194092199120319,0.032720000000000124,0.03157913235033558,0.0044659637257819535,0.07362000000000003,0.06205091135511223,0.00877532403960104,-0.20506132800000004,0.11474562517681801,0.01622748193480357,-1.4704213279999996,0.9006861503748459,0.127376256930172
ASN  82,R ASN  82,0.0,0.0,0.0,-0.014179999999999948,0.008394498198224845,0.0011871613201246084,-0.019340000000000006,0.012827486113810396,0.001814080483330321,0.02879999999999999,0.018158193742770706,0.0025679563859224604,0.0,0.0,0.0,-0.004720000000001221,0.00876136975592341,0.001239044793379234
ASN  83,R ASN  83,0.0,0.0,0.0,-0.004319999999999995,0.0024036638700117977,0.00033992940443568843,0.0028000000000000034,0.0089509776002401,0.0012658593918757329,0.023939999999999975,0.014670255621494814,0.0020746874463398106,0.0,0.0,0.0,0.022420000000000755,0.015415693302606304,0.0021801082541929922
ASP  84,R ASP  84,0.0,0.0,0.0,-0.13126,0.07746013426272887,0.010954517241759202,-1.4928799999999984,0.808135796509472,0.1142876603662879,1.8349800000000005,0.9968144559545673,0.14097085227805073,0.0,0.0,0.0,0.2108400000000003,0.16730969607288168,0.023661164130278984
ILE  85,R ILE  85,0.0,0.0,0.0,-0.004719999999999978,0.002607987730032494,0.0003688251618314575,0.011040000000000001,0.006085918172305628,0.0008606788018767498,-0.011440000000000014,0.0064997230710238715,0.0009191996518711262,0.0,0.0,0.0,-0.005120000000000076,0.003271941319767254,0.0004627223789703774
MET  86,R MET  86,0.0,0.0,0.0,-0.005160000000000036,0.002802570248896563,0.000396343285549286,0.02088,0.015394336620978503,0.00217708796331246,-0.019760000000000003,0.016238916219994473,0.002296529555655662,0.0,0.0,0.0,-0.004040000000000017,0.0037200000000002045,0.0005260874452028203
LEU  87,R LEU  87,0.0,0.0,0.0,-0.0007000000000000028,0.0004582575694955862,6.480740698407892e-05,0.0038399999999999324,0.0021666564102321016,0.00030641148803528425,6.000000000000227e-05,0.0012713772060250316,0.00017979988876526122,0.0,0.0,0.0,0.0032000000000001272,0.002181742422927372,0.0003085449724108626
ILE  88,R ILE  88,0.0,0.0,0.0,-0.0011799999999999855,0.0007665507158694068,0.00010840664186293199,0.007839999999999974,0.004415246312494922,0.0006244101216348114,-0.006979999999999995,0.00395216396420999,0.0005589203878907983,0.0,0.0,0.0,-0.00031999999999991145,0.0010665833300778525,0.00015083766107971584
LYS  89,R LYS  89,0.0,0.0,0.0,-0.0002399999999999558,0.0004270831300811738,6.039867548215487e-05,0.07995999999999989,0.040696417532751064,0.005755342561481476,-0.08867999999999952,0.045267401074062026,0.006401777253232092,0.0,0.0,0.0,-0.008959999999999085,0.005047613297391105,0.000713840318278528
LEU  90,R LEU  90,0.0,0.0,0.0,-0.00012000000000002231,0.00032496153618549885,4.5956501172312775e-05,0.003799999999999777,0.0019999999999999168,0.00028284271247460725,0.0005999999999999995,0.0011489125293076053,0.00016248076809271915,0.0,0.0,0.0,0.004279999999999689,0.0025693578964400797,0.00036336207837359667
LYS  91,R LYS  91,0.0,0.0,0.0,-6.000000000000227e-05,0.00023748684174076736,3.358571124749461e-05,0.04731999999999978,0.026812265849793664,0.0037918270002731177,-0.04864000000000033,0.02745232959149361,0.0038823456827026506,0.0,0.0,0.0,-0.001380000000001047,0.0009977975746607833,0.00014110988625882606
SER  92,R SER  92,0.0,0.0,0.0,-4.0000000000004476e-05,0.00019595917942267618,2.7712812921105138e-05,0.0015999999999999793,0.0013711309200802556,0.00019390719429665976,-0.0019399999999999906,0.0014887578715157312,0.00021054215729872486,0.0,0.0,0.0,-0.0003800000000002157,0.0005963220606350762,8.433267456923958e-05
ALA  93,R ALA  93,0.0,0.0,0.0,0.0,0.0,0.0,0.003320000000000003,0.0017599999999999992,0.0002489015869776646,-0.003359999999999994,0.0016942254867637987,0.00023959966610995228,0.0,0.0,0.0,-4.000000000003112e-05,0.0006916646586316992,9.781615408511061e-05
ALA  94,R ALA  94,0.0,0.0,0.0,0.0,0.0,0.0,0.004319999999999998,0.0021766028576660425,0.00030781812812113524,-0.004340000000000006,0.002045580602176307,0.0002892887830525056,0.0,0.0,0.0,-2.0000000000024444e-05,0.0006779380502672267,9.58749185136685e-05
SER  95,R SER  95,0.0,0.0,0.0,0.0,0.0,0.0,0.0027999999999999605,0.0017888543819998654,0.0002529822128134751,-0.0027600000000000337,0.0016680527569594584,0.0002358982831645898,0.0,0.0,0.0,3.9999999999906775e-05,0.0005986651818838299,8.46640419540668e-05
LEU  96,R LEU  96,0.0,0.0,0.0,-2.000000000000668e-05,0.00014000000000004674,1.979898987322994e-05,0.0029800000000000182,0.0014898322053171044,0.00021069409104196665,-0.00254000000000002,0.0010809255293497252,0.00015286595435216985,0.0,0.0,0.0,0.00042000000000008697,0.0008022468448056477,0.00011345483682951705
ASN  97,R ASN  97,0.0,0.0,0.0,-7.999999999999118e-05,0.0002712931993249808,3.836665218649753e-05,-0.0005400000000000287,0.002967894876844533,0.00041972371865311656,0.0005600000000000449,0.0025546819762936957,0.0003612865898424646,0.0,0.0,0.0,-6.000000000028649e-05,0.000810185164021875,0.00011457748469932061
SER  98,R SER  98,0.0,0.0,0.0,-8.00000000000045e-05,0.00027129319932502603,3.836665218650392e-05,0.0024400000000000754,0.0014164744967701994,0.0002003197444088021,-0.002460000000000022,0.0013595587519484368,0.00019227064258485178,0.0,0.0,0.0,-9.999999999974917e-05,0.0006403124237433766,9.055385138138714e-05
ARG  99,R ARG  99,0.0,0.0,0.0,-0.00013999999999999346,0.00034698703145793325,4.9071376585538894e-05,0.06694000000000187,0.027349157208219326,0.0038677549043337664,-0.06849999999999995,0.028003035549739416,0.00396022726620574,0.0,0.0,0.0,-0.0016999999999995907,0.0011874342087053922,0.00016792855623769297
VAL 100,R VAL 100,0.0,0.0,0.0,-0.00014000000000001124,0.00034698703145797727,4.907137658554512e-05,0.0020599999999999243,0.0009881295461628135,0.0001397426205565022,0.00019999999999999977,0.0007483314773547883,0.00010583005244258362,0.0,0.0,0.0,0.0021200000000000064,0.0013362634470791557,0.00018897618897627646
ALA 101,R ALA 101,0.0,0.0,0.0,-3.999999999999559e-05,0.00019595917942263265,2.771281292109898e-05,0.00482,0.0021880585001320214,0.0003094382006152437,-0.0045799999999999955,0.002145600149142446,0.0003034336830346982,0.0,0.0,0.0,0.00019999999999988915,0.000565685424949207,7.999999999999562e-05
SER 102,R SER 102,0.0,0.0,0.0,-5.9999999999993395e-05,0.0002374868417407322,3.358571124748963e-05,0.004980000000000011,0.0039572212472894965,0.0005596355957227781,-0.005399999999999925,0.0035944401511223065,0.0005083306010855563,0.0,0.0,0.0,-0.00047999999999973395,0.001081480466767342,0.00015294443435439603
ILE 103,R ILE 103,0.0,0.0,0.0,-0.0003399999999999892,0.00047370877129306537,6.699253689777477e-05,0.007899999999999983,0.004253234063627383,0.0006014981296729076,-0.005519999999999992,0.00292054789380347,0.0004130278440977045,0.0,0.0,0.0,0.0020400000000001485,0.0018325937902329398,0.0002591678992468138
SER 104,R SER 104,0.0,0.0,0.0,-0.00012000000000001343,0.0003249615361854748,4.5956501172309374e-05,0.004359999999999992,0.0028897058673851314,0.0004086661228925161,-0.005480000000000036,0.003226391172812198,0.0004562806154111847,0.0,0.0,0.0,-0.0012400000000001388,0.0008845337754998275,0.00012509196616889345
LEU 105,R LEU 105,0.0,0.0,0.0,-0.0004199999999999715,0.0004935585071700892,6.979971346645586e-05,0.004379999999999988,0.0023314373249135015,0.00032971502847155217,-0.0018400000000000126,0.001629232948353294,0.00023040833318263326,0.0,0.0,0.0,0.0021200000000000507,0.0020458738964070832,0.00028933026112039855
PRO 106,R PRO 106,0.0,0.0,0.0,-0.00021999999999994913,0.0004142463035440638,5.858327406349369e-05,0.04300000000000008,0.02239464221638725,0.003167080674690792,-0.03628000000000007,0.01897897784391981,0.002684032786684988,0.0,0.0,0.0,0.006499999999999559,0.003716180835212018,0.0005255473337387811
THR 107,R THR 107,0.0,0.0,0.0,-7.999999999999563e-05,0.0002712931993249959,3.8366652186499655e-05,0.0008599999999998964,0.002600076921939219,0.0003677064046219735,-0.0009199999999999164,0.002348105619430191,0.0003320722812882653,0.0,0.0,0.0,-0.00013999999999995795,0.0006003332407923961,8.489994110719996e-05
SER 108,R SER 108,0.0,0.0,0.0,-2.0000000000002238e-05,0.00014000000000001568,1.979898987322555e-05,0.00225999999999992,0.002339316139387825,0.0003308292611000532,-0.0025999999999999092,0.0022000000000000908,0.00031112698372209375,0.0,0.0,0.0,-0.00035999999999992483,0.0006858571279795178,9.699484522388936e-05
CYX 109,R CYX 109,0.0,0.0,0.0,-0.0003200000000000003,0.0004664761515876245,6.596969000988264e-05,0.007980000000000006,0.0044832577440963575,0.0006340283905315275,-0.006700000000000004,0.00374833296279825,0.0005300943312279411,0.0,0.0,0.0,0.0009600000000000541,0.0011482160075526973,0.00016238226504149125
ALA 110,R ALA 110,0.0,0.0,0.0,-0.0002799999999999958,0.0004489988864128663,6.349803146554924e-05,0.008039999999999993,0.004331096858764542,0.0006125095917616324,-0.007619999999999996,0.004078676255845766,0.0005768119277546199,0.0,0.0,0.0,0.00014000000000024214,0.0006931089380463202,9.802040603871193e-05
SER 111,R SER 111,0.0,0.0,0.0,-0.00014000000000000235,0.00034698703145795526,4.907137658554201e-05,0.004160000000000075,0.0034138541269363542,0.0004827918806276754,-0.003979999999999979,0.003049524553106561,0.000431267898179305,0.0,0.0,0.0,4.0000000000084415e-05,0.0008708616422832752,0.00012315843454675145
ALA 112,R ALA 112,0.0,0.0,0.0,-0.00021999999999999353,0.00041424630354414745,5.8583274063505524e-05,0.005100000000000018,0.002808914381037627,0.00039724048132082395,-0.004499999999999993,0.0025632011235952627,0.0003624913792078376,0.0,0.0,0.0,0.0003800000000001802,0.0006600000000002166,9.33380951166549e-05
GLY 113,R GLY 113,0.0,0.0,0.0,-0.00010000000000000009,0.0003000000000000003,4.242640687119289e-05,-0.004260000000000002,0.0024560944607241917,0.00034734420968255845,0.003920000000000003,0.002171082679217913,0.00030703745699832885,0.0,0.0,0.0,-0.00043999999999996044,0.000725534285888707,0.0001026060427070488
THR 114,R THR 114,0.0,0.0,0.0,-0.000279999999999978,0.0004489988864128378,6.34980314655452e-05,0.0082599999999999,0.004761554368060846,0.00067338547652885,-0.0005800000000000255,0.0028006427833624373,0.00039607070075934925,0.0,0.0,0.0,0.007400000000000233,0.004694677837722037,0.0006639277069078901
GLN 115,R GLN 115,0.0,0.0,0.0,-0.00048000000000003595,0.0004995998398719093,7.065408693062807e-05,-0.0008600000000000918,0.0049639097493812245,0.0007020028489970959,0.005019999999999953,0.004027356453059478,0.0005695542116427517,0.0,0.0,0.0,0.0036800000000006606,0.003916324807775355,0.0005538519657814111
CYX 116,R CYX 116,0.0,0.0,0.0,-0.0008399999999999963,0.0005425863986500535,7.673330437300804e-05,0.01644,0.00893791922093728,0.0012640126581644668,-0.009759999999999986,0.005981839182057623,0.0008459598099200673,0.0,0.0,0.0,0.005839999999999943,0.0035460400448950958,0.0005014857924208743
LEU 117,R LEU 117,0.0,0.0,0.0,-0.0009800000000000253,0.0006477653896280804,9.160785992479234e-05,0.004019999999999957,0.0022846443924602745,0.000323097508501696,0.004080000000000015,0.003387270287414331,0.00047903235798847584,0.0,0.0,0.0,0.00711999999999998,0.004831728469191829,0.0006833095930835277
ILE 118,R ILE 118,0.0,0.0,0.0,-0.013160000000000043,0.007333103026686624,0.0010370573754619416,0.01875999999999995,0.010352893315397392,0.0014641202136436748,-0.02509999999999999,0.013829316685939327,0.001955760721560794,0.0,0.0,0.0,-0.01950000000000002,0.01096038320497963,0.0015500322577288483
SER 119,R SER 119,0.0,0.0,0.0,-0.0015199999999999836,0.0008997777503361509,0.00012724778976469373,0.010320000000000044,0.006338580282681577,0.0008964106201958972,-0.03974000000000002,0.024308689804265465,0.0034377678804712796,0.0,0.0,0.0,-0.030939999999999985,0.020771528590837935,0.002937537744438351
GLY 120,R GLY 120,0.0,0.0,0.0,-0.0011200000000000055,0.0007652450587883652,0.00010822199406775025,-0.010420000000000007,0.005789956821946096,0.0008188235463150792,0.0017000000000000014,0.0019621416870348597,0.00027748873851023235,0.0,0.0,0.0,-0.009840000000000008,0.005668721196178217,0.0008016782396947068
TRP 121,R TRP 121,0.0,0.0,0.0,-0.004499999999999886,0.0025159491250817817,0.0003558089374931378,-0.011639999999999978,0.006295268064189169,0.0008902853475150543,-0.07036000000000003,0.03956754225372105,0.00559569548849828,0.0,0.0,0.0,-0.08649999999999976,0.0477913172030233,0.006758712895219016
GLY 122,R GLY 122,0.0,0.0,0.0,-0.004920000000000007,0.0027483813418083033,0.00038867981681584674,-0.00687999999999999,0.004407448241329678,0.0006233073078345876,-0.005119999999999996,0.00461146397578902,0.0006521594896955785,0.0,0.0,0.0,-0.016919999999999984,0.009643318930741648,0.0013637712418144053
ASN 123,R ASN 123,0.0,0.0,0.0,-0.028539999999999992,0.016539903264529705,0.002339095551703694,-0.0638800000000002,0.03898083631734978,0.005512722739264175,0.08731999999999998,0.05719560822300956,0.008088680485715823,0.0,0.0,0.0,-0.005099999999999909,0.03062890791392946,0.004331581697255567
THR 124,R THR 124,0.0,0.0,0.0,-0.0038799999999999633,0.0021784398086703714,0.00030807791222350894,0.010700000000000003,0.007192357054540527,0.001017152889196102,0.0030399999999999507,0.014621846668598329,0.0020678413865671615,0.0,0.0,0.0,0.009860000000000077,0.013425364054654111,0.0018986331925888089
LYS 125,R LYS 125,0.0,0.0,0.0,-0.004900000000000038,0.002801785145224404,0.00039623225512318234,-0.06871999999999978,0.056285003331260505,0.007959901506928343,0.03365999999999986,0.051653696866731366,0.007304935865564014,0.0,0.0,0.0,-0.039959999999999524,0.028178686981475125,0.003985068129906829
SER 126,R SER 126,0.0,0.0,0.0,-0.01132000000000001,0.006475924644404081,0.0009158340461022414,0.016600000000000018,0.019072493282211448,0.0026972578667973173,0.026019999999999942,0.024639391226245838,0.0034845361240773507,0.0,0.0,0.0,0.031299999999999786,0.019728405916342957,0.0027900179210893815
SER 127,R SER 127,0.0,0.0,0.0,-0.0035399999999999876,0.002316980794050732,0.0003276705662704528,-0.005279999999999929,0.020790420871160835,0.002940209516344031,0.01715999999999987,0.023884187237584426,0.0033777341517650284,0.0,0.0,0.0,0.008339999999999818,0.007173869248878223,0.001014538318645487
GLY 128,R GLY 128,0.0,0.0,0.0,-0.0009199999999999997,0.0006881860213634092,9.732420048477138e-05,0.0085,0.004721228653645165,0.000667682559304946,-0.010239999999999996,0.005718601227573038,0.000808732341383722,0.0,0.0,0.0,-0.002660000000000049,0.0018178008691823533,0.00025707586428912844
THR 129,R THR 129,0.0,0.0,0.0,-0.007200000000000007,0.00465188133984518,0.0006578753681359378,0.011520000000000188,0.013003445697198818,0.0018389649262560634,-0.006419999999999959,0.014576817210900333,0.00206147325958888,0.0,0.0,0.0,-0.002099999999999884,0.017652478579508028,0.00249643746166408
SER 130,R SER 130,0.0,0.0,0.0,-0.0011599999999999876,0.0007578918128598604,0.00010718208805579462,-0.008099999999999781,0.008369587803470422,0.0011836384583140311,0.014119999999999902,0.010856592467252233,0.001535354030834569,0.0,0.0,0.0,0.004859999999999971,0.00409394675099707,0.0005789715018893325
TYR 131,R TYR 131,0.0,0.0,0.0,-0.01955999999999996,0.010941955949463518,0.0015474262502620283,-0.007820000000000035,0.025279786391502575,0.0035751016768757744,-0.02433999999999985,0.030406979461959076,0.004300196274590268,0.0,0.0,0.0,-0.05171999999999967,0.036279492829971914,0.005130695079616374
PRO 132,R PRO 132,0.0,0.0,0.0,-0.0022999999999999687,0.0012999999999999774,0.00018384776310849916,0.018940000000000016,0.014616990114247186,0.002067154566064183,0.01885999999999994,0.014793255219862847,0.0020920822163576617,0.0,0.0,0.0,0.035499999999999796,0.020072119967756322,0.00283862642839808
ASP 133,R ASP 133,0.0,0.0,0.0,-0.00030000000000000247,0.0004582575694955879,6.480740698407915e-05,-0.007420000000000187,0.03027414078054008,0.004281410048103218,0.01650000000000034,0.03273728760908554,0.004629751613207745,0.0,0.0,0.0,0.008779999999999859,0.004908319468005532,0.0006941411960113318
VAL 134,R VAL 134,0.0,0.0,0.0,-0.0003199999999999914,0.00046647615158761156,6.596969000988081e-05,0.0009999999999999432,0.0009165151389913187,0.0001296148139681785,0.0035000000000000014,0.0024269322199023213,0.0003432200460346105,0.0,0.0,0.0,0.004179999999999977,0.0029030328968167028,0.0004105508494693435
LEU 135,R LEU 135,0.0,0.0,0.0,-0.0011599999999999788,0.000757891812859891,0.00010718208805579894,0.0052600000000000155,0.0028831233064161754,0.00040773520819277156,0.0017800000000000016,0.0033840212765288607,0.0004785728784626228,0.0,0.0,0.0,0.005880000000000241,0.004320370354495001,0.0006109926349801486
LYS 136,R LYS 136,0.0,0.0,0.0,-0.002200000000000113,0.001280624847486693,0.00018110770276276575,0.07411999999999981,0.05374333074903328,0.007600454723238585,-0.05606000000000051,0.04360064678419424,0.006166062601044636,0.0,0.0,0.0,0.015859999999999274,0.01797666264911291,0.0025422840124581327
CYX 137,R CYX 137,0.0,0.0,0.0,-0.0007599999999999785,0.0005122499389946355,7.24430811051004e-05,0.009620000000000064,0.005268358378090848,0.0007450583869737998,-0.0026799999999999715,0.0030228463407854594,0.0004274950292108679,0.0,0.0,0.0,0.006179999999999941,0.004165045017764027,0.0005890263152016376
LEU 138,R LEU 138,0.0,0.0,0.0,-0.006999999999999958,0.004054626986542637,0.000573410847473255,0.013119999999999923,0.007614827640859609,0.0010768992524837178,-0.017280000000000007,0.011225043429760082,0.001587460865659371,0.0,0.0,0.0,-0.011160000000000139,0.008357894471695488,0.0011819847714754873
LYS 139,R LYS 139,0.0,0.0,0.0,-0.0007000000000000206,0.0005000000000000036,7.071067811865526e-05,0.11502000000000039,0.05896964982090368,0.008339567854511414,-0.1432200000000006,0.07429328098825498,0.010506656556678541,0.0,0.0,0.0,-0.02890000000000242,0.017739503938949575,0.002508744706023343
ALA 140,R ALA 140,0.0,0.0,0.0,-0.0015799999999999948,0.001001798382909451,0.00014167568598739806,0.012299999999999978,0.006774215821775969,0.0009580187889597977,-0.008620000000000006,0.00518416820714762,0.0007331520988171576,0.0,0.0,0.0,0.002099999999999911,0.0017000000000000925,0.00024041630560343923
PRO 141,R PRO 141,0.0,0.0,0.0,-0.0011999999999999034,0.0007745966692414119,0.0001095445115010231,0.04275999999999998,0.023807192190596533,0.003366845407796445,-0.03347999999999999,0.018984456800235243,0.002684807628117881,0.0,0.0,0.0,0.008079999999999999,0.005298452604298911,0.0007493143532590565
ILE 142,R ILE 142,0.0,0.0,0.0,-0.0018799999999998995,0.0010888526071052534,0.00015398701243935522,0.005959999999999983,0.0034523035787716923,0.00048822945425280997,-0.007040000000000029,0.0038985125368530093,0.0005513329302699067,0.0,0.0,0.0,-0.0029599999999996916,0.0022177466041004225,0.00031363673254256925
LEU 143,R LEU 143,0.0,0.0,0.0,-0.004799999999999951,0.002675817632051895,0.00037841775856848497,0.006039999999999815,0.004009788024322399,0.0005670696606237955,-0.006199999999999994,0.006514598989960932,0.0009213034245024816,0.0,0.0,0.0,-0.004960000000000306,0.005377583100241499,0.0007605050953149883
SER 144,R SER 144,0.0,0.0,0.0,-0.00028000000000001136,0.00044899888641289126,6.349803146555276e-05,0.0023799999999999464,0.003944058823090727,0.0005577741478412174,-0.002080000000000002,0.004555611923770517,0.0006442608167504851,0.0,0.0,0.0,1.9999999999935624e-05,0.003786766430610601,0.0005355296443708668
ASP 145,R ASP 145,0.0,0.0,0.0,-0.0007200000000000473,0.0004915282290978163,6.951258878793615e-05,-0.10116000000000014,0.06250259514612197,0.008839201773916047,0.10909999999999992,0.06614295124954697,0.009354025871249177,0.0,0.0,0.0,0.007220000000000084,0.0043326204541842385,0.0006127250606922428
SER 146,R SER 146,0.0,0.0,0.0,-0.00027999999999999136,0.0004489988864128592,6.349803146554823e-05,0.0005400000000000061,0.0029476092006913614,0.00041685489081934416,0.000439999999999845,0.0024426215425235433,0.00034543885131814846,0.0,0.0,0.0,0.0007000000000000739,0.0015132745950420306,0.00021400934559030928
SER 147,R SER 147,0.0,0.0,0.0,-0.0008999999999999897,0.0005744562646538016,8.124038404635941e-05,-0.000499999999999976,0.003966106403010368,0.0005608921464952035,-0.00810000000000003,0.008653900854527927,0.001223846395590551,0.0,0.0,0.0,-0.009499999999999788,0.010332956982393686,0.0014613007903918921
CYX 148,R CYX 148,0.0,0.0,0.0,-0.004440000000000008,0.002475156560704826,0.00035003999771455096,0.0023000000000000485,0.001723368793961435,0.00024372115213908255,-0.002320000000000011,0.0028736040089058904,0.00040638897622844063,0.0,0.0,0.0,-0.004459999999999864,0.0034363352572182424,0.00048597119256188763
LYS 149,R LYS 149,0.0,0.0,0.0,-0.0023200000000000286,0.0013029197979922212,0.00018426068490050125,0.09532000000000007,0.05715818051687797,0.008083387408753842,-0.09622000000000014,0.05704113953980994,0.008066835315041541,0.0,0.0,0.0,-0.003219999999999743,0.008807474098742921,0.001245564932069199
SER 150,R SER 150,0.0,0.0,0.0,-0.0008999999999999786,0.000574456264653761,8.124038404635368e-05,0.0012800000000001354,0.004578383994380657,0.000647481273860503,0.0017000000000000704,0.004229657196511206,0.0005981638571495111,0.0,0.0,0.0,0.002080000000000517,0.004546823066713567,0.0006430178846657154
ALA 151,R ALA 151,0.0,0.0,0.0,-0.004299999999999997,0.002443358344574135,0.00034554305086342157,0.0014400000000000025,0.0032196894260161134,0.00045533284529012335,0.00021999999999999797,0.0032267011017446472,0.0004563244459811488,0.0,0.0,0.0,-0.0026400000000000555,0.0019875613198088683,0.000281083617452187
TYR 152,R TYR 152,0.0,0.0,0.0,-0.15719999999999992,0.0902828887442133,0.012767928571228769,0.09481999999999996,0.06002322550479937,0.008488565956626592,-0.14584000000000003,0.09298717330901074,0.013150372162034045,-0.0001337759999999999,0.0009364319999999993,0.0001324314834640161,-0.20835377599999982,0.1259803473381887,0.01781631157981397
PRO 153,R PRO 153,0.0,0.0,0.0,-0.005480000000000032,0.0036013330865111628,0.0005093054093567045,-0.014560000000000017,0.014494357522843181,0.0020498116986689325,0.0186399999999999,0.015552183126493863,0.0021994108301997624,0.0,0.0,0.0,-0.0014000000000004675,0.0022627416997970957,0.0003200000000000203
GLY 154,R GLY 154,0.0,0.0,0.0,-0.0012,0.0008246211251235328,0.0001166190378969061,-0.0006399999999999917,0.0016463292501805447,0.00023282611537368543,-0.0008599999999999941,0.0016001249951175616,0.0002262918469587438,0.0,0.0,0.0,-0.002699999999999929,0.0016401219466856585,0.00023194827009486205
GLN 155,R GLN 155,0.0,0.0,0.0,-0.3955,0.30490610029974796,0.04312023422941948,0.0585,0.06302705768160213,0.00891337197697931,0.56548,0.4069373534095881,0.05754963242280527,-0.10591444799999997,0.06833375708094572,0.009663852603178195,0.12256555200000008,0.1512353283689941,0.021387905248937994
ILE 156,R ILE 156,0.0,0.0,0.0,-0.016020000000000076,0.009714916366083716,0.0013738966482235934,0.0025600000000000735,0.0025072694310744196,0.0003545814433948918,-0.0031399999999999826,0.0028000714276603758,0.0003959898988610698,0.0,0.0,0.0,-0.016599999999999965,0.010231324449943145,0.0014469277798149043
THR 157,R THR 157,0.0,0.0,0.0,-0.00574000000000007,0.0037989998683864885,0.0005372597137325775,-0.0032999999999999475,0.006570388116390214,0.0009291931984254055,-0.012080000000000018,0.01649222847282934,0.0023323533180030966,0.0,0.0,0.0,-0.021119999999999573,0.019954588444766254,0.002822004961016188
SER 158,R SER 158,0.0,0.0,0.0,-0.0007399999999999985,0.0004386342439892253,6.203224967708316e-05,0.002539999999999909,0.005632796818632861,0.0007965977655002615,-0.0011799999999999678,0.004160240377670553,0.0005883468364833863,0.0,0.0,0.0,0.0006199999999998874,0.0030586925311317536,0.0004325644460655816
ASN 159,R ASN 159,0.0,0.0,0.0,-0.0026600000000000447,0.0015047923444781821,0.00021280977421162515,0.017899999999999947,0.01131591799192628,0.0016003124694883865,0.017739999999999992,0.016045946528640883,0.0022692395201917423,0.0,0.0,0.0,0.032980000000002146,0.021010940007528196,0.002971395631685383
MET 160,R MET 160,0.0,0.0,0.0,-0.03791999999999991,0.02519114130006808,0.0035625653678213283,0.030320000000000003,0.021434962094671408,0.003031361410323751,-0.019680000000000003,0.023437098796566122,0.0033145062980781954,0.0,0.0,0.0,-0.02727999999999973,0.02441478240738602,0.003452771640291335
PHE 161,R PHE 161,0.0,0.0,0.0,-0.006579999999999906,0.003763455858648999,0.0005322330316693896,0.004660000000000006,0.00368027172909829,0.0005204690192509083,-0.04460000000000001,0.025095019426173006,0.0035489716820510148,0.0,0.0,0.0,-0.04651999999999998,0.02664900748620843,0.0037687387810778103
CYX 162,R CYX 162,0.0,0.0,0.0,-0.011260000000000022,0.00611493254255515,0.0008647820534678087,0.019060000000000007,0.010596999575351505,0.0014986420519924027,-0.013519999999999971,0.009796407504794795,0.001385421235581437,0.0,0.0,0.0,-0.00572000000000001,0.006161298564426215,0.0008713391991641433
ALA 163,R ALA 163,0.0,0.0,0.0,-0.005460000000000029,0.0031254439684627456,0.00044200452486372027,0.014660000000000006,0.00825496214406826,0.0011674279421017817,-0.015300000000000003,0.008702298546935753,0.001230690862889622,0.0,0.0,0.0,-0.006100000000000118,0.003811823710509159,0.0005390732788777387
GLY 164,R GLY 164,0.0,0.0,0.0,-0.0026799999999999845,0.0016666133324799623,0.0002356947178024983,-0.01188,0.006623111051462152,0.0009366493474080906,0.011059999999999997,0.007049567362611693,0.0009969593773068186,0.0,0.0,0.0,-0.003499999999999981,0.003488552708502491,0.0004933558553417617
TYR 165,R TYR 165,0.0,0.0,0.0,-0.00420000000000007,0.0022978250586152254,0.00032496153618544036,0.007280000000000024,0.007400108107318401,0.0010465333248396778,-0.020260000000000025,0.012852719556576329,0.0018176490310288155,0.0,0.0,0.0,-0.017179999999999963,0.01108095663740291,0.0015670839160683361
LEU 166,R LEU 166,0.0,0.0,0.0,-0.0028200000000000182,0.0016815469068688009,0.00023780664414603858,0.001180000000000021,0.0015321879780236644,0.00021668410186260757,0.001040000000000001,0.002778200856669662,0.00039289693304987873,0.0,0.0,0.0,-0.0006000000000000405,0.0025139610179953503,0.00035552777669262966
GLU 167,R GLU 167,0.0,0.0,0.0,-0.00127999999999997,0.00080099937578001,0.00011327841806804734,-0.12178000000000011,0.07270331216664175,0.01028180100955096,0.13040000000000002,0.07679947916490075,0.010861086501819257,0.0,0.0,0.0,0.0073399999999995205,0.004885120264640307,0.0006908603332077965
GLY 168,R GLY 168,0.0,0.0,0.0,-0.0013200000000000056,0.000835224520712848,0.00011811858448186777,-0.0054800000000000135,0.003534062817777849,0.000499791956717991,0.0029199999999999938,0.0028763866221354862,0.00040678249716525396,0.0,0.0,0.0,-0.0038800000000000145,0.002479032069175386,0.0003505880773785667
GLY 169,R GLY 169,0.0,0.0,0.0,-0.0008600000000000007,0.0005660388679233972,8.004998438475813e-05,-0.004820000000000002,0.0031729481558954013,0.0004487226314773978,0.0010999999999999899,0.0019519221295942952,0.0002760434748368426,0.0,0.0,0.0,-0.0045800000000000155,0.0027209557144503645,0.000384801247399228
LYS 170,R LYS 170,0.0,0.0,0.0,-0.00456000000000004,0.0024912647390432302,0.0003523180381416805,0.10811999999999994,0.062431607379595896,0.008829162587697672,-0.08388000000000019,0.05419064125843084,0.007663713982136789,0.0,0.0,0.0,0.019679999999998615,0.02640715054677423,0.003734535044687621
ASP 171,R ASP 171,0.0,0.0,0.0,0.34158,0.5187273692412999,0.07335912807551626,-2.2913799999999993,1.2589053799233691,0.17803610620320826,2.80784,1.5810613822366286,0.2235958449703392,-0.006551424,0.005379889112409661,0.0007608312146833095,0.8514885760000012,0.7688419051383556,0.1087306649567431
SER 172,R SER 172,0.0,0.0,0.0,-0.2888600000000001,0.1698054192303649,0.024014112684003122,0.1109,0.07287063880603764,0.010305464569828959,-0.03278000000000001,0.059415920425421355,0.008402680048651147,-0.014692320000000002,0.011273469292458291,0.0015943093168391135,-0.22543232000000007,0.13054268842140487,0.018461524043419598
CYX 173,R CYX 173,0.0,0.0,0.0,-0.4661000000000001,0.2692648695986907,0.038079803045709126,0.08428000000000001,0.048585611038660395,0.006871043006705748,-0.05718,0.03930785672101699,0.005558970408268064,-0.0011973599999999997,0.0015524036526625414,0.00021954302998728975,-0.4401973600000002,0.25514745190399346,0.036083298688756454
GLN 174,R GLN 174,0.0,0.0,0.0,-0.7463599999999998,0.46479276070093867,0.06573162258760999,-0.11076000000000001,0.36141259302907525,0.051111459067414614,0.5042799999999998,0.6726605396483435,0.09512856580438923,-0.13231943999999998,0.08625538066856117,0.012198352916913329,-0.4851594400000006,0.3519248342289559,0.04976968735024926
GLY 175,R GLY 175,0.0,0.0,0.0,-0.014080000000000004,0.008108859352584664,0.0011467658871801146,-0.01046,0.007046162075910556,0.000996477797043167,-0.001279999999999999,0.005299207487917413,0.0007494211099241865,0.0,0.0,0.0,-0.025820000000000013,0.014810388246092675,0.0020945051921635338
ASP 176,R ASP 176,0.0,0.0,0.0,-0.07845999999999993,0.04515892381357195,0.0063864362519326775,-0.44327999999999973,0.25491034031596327,0.03604976604639764,0.023079999999999715,0.14828888562532286,0.020971215320052427,0.0,0.0,0.0,-0.49866000000000144,0.3010317332109697,0.04257231598116326
SER 177,R SER 177,0.0,0.0,0.0,-0.36075999999999986,0.2251223276354437,0.03183710489350439,-0.11732,0.17649446903515134,0.024960087179334928,-0.052040000000000045,0.2914273123782327,0.041214045761123724,-0.047687040000000014,0.0289274091315762,0.004090953431819038,-0.57780704,0.4271488875760602,0.06040797499626447
GLY 178,R GLY 178,0.0,0.0,0.0,-0.00657999999999999,0.0037260703160300153,0.0005269459175285451,-0.0252,0.0136,0.001923330444827409,0.024160000000000004,0.013520887544832248,0.0019121422541223223,0.0,0.0,0.0,-0.00761999999999998,0.004987544486017134,0.0007053453055064577
GLY 179,R GLY 179,0.0,0.0,0.0,-0.002379999999999982,0.001369525465261592,0.00019368014869882664,-0.01737999999999998,0.00937206487386851,0.0013254101252065337,0.010259999999999997,0.00585084609266044,0.0008274345895598024,0.0,0.0,0.0,-0.009499999999999953,0.005360037313302919,0.0007580237463298834
PRO 180,R PRO 180,0.0,0.0,0.0,-0.002740000000000009,0.0015206577524216453,0.00021505348172024788,0.07505999999999996,0.04001470229803041,0.005658933468419646,-0.041279999999999914,0.022522024775761183,0.0031850952889984326,0.0,0.0,0.0,0.03103999999999978,0.01695046902005939,0.0023971583176752975
VAL 181,R VAL 181,0.0,0.0,0.0,-0.0054800000000000005,0.0030413155048432785,0.0004301069634404941,0.01031999999999993,0.005873465757114767,0.0008306334931845662,-0.020740000000000012,0.013565854193525732,0.0019185014985660016,0.0,0.0,0.0,-0.01590000000000007,0.011321219015636158,0.0016010621474508834
VAL 182,R VAL 182,0.0,0.0,0.0,-0.0006600000000000073,0.0005141984052872941,7.271863585079086e-05,0.004239999999999959,0.0021218859535800812,0.0003000799893361918,0.0059600000000000035,0.004049493795525559,0.0005726849046377946,0.0,0.0,0.0,0.009539999999999915,0.005539711183807288,0.000783433468777018
CYX 183,R CYX 183,0.0,0.0,0.0,-0.000519999999999996,0.0004995998398718681,7.065408693062224e-05,0.0031799999999999693,0.0016209873534361694,0.00022924222996647002,-0.00679999999999998,0.0034756294393965444,0.000491528229097779,0.0,0.0,0.0,-0.004140000000000006,0.0025377943179063097,0.0003588983142896481
SER 184,R SER 184,0.0,0.0,0.0,-8.00000000000045e-05,0.00027129319932502603,3.836665218650392e-05,0.002740000000000016,0.0030252933742035562,0.0004278410919956132,-0.002779999999999827,0.002794923970343374,0.00039526193846612577,0.0,0.0,0.0,-0.0001199999999997381,0.0008158431221747923,0.00011537764081484012
GLY 185,R GLY 185,0.0,0.0,0.0,-4.000000000000004e-05,0.00019595917942265444,2.771281292110206e-05,-0.004799999999999968,0.002465765601187586,0.0003487119154832532,0.004499999999999993,0.0022649503305812316,0.00032031234756094027,0.0,0.0,0.0,-0.0003399999999999093,0.0006514598989960971,9.213034245024871e-05
LYS 186,R LYS 186,0.0,0.0,0.0,-0.0001800000000000157,0.00038418745424600444,5.4332310828829236e-05,0.11306000000000047,0.05551014682019889,0.0078503202482447,-0.12458000000000084,0.061693464807870094,0.008724773464107714,0.0,0.0,0.0,-0.01170000000000087,0.006691038783327107,0.0009462557793745568
LEU 187,R LEU 187,0.0,0.0,0.0,-0.0011399999999998477,0.000748598690888391,0.00010586784214291069,0.008399999999999963,0.004409081537009697,0.0006235382907247924,-0.0064600000000000005,0.004276493891028022,0.0006047875660097517,0.0,0.0,0.0,0.0008000000000001961,0.0025999999999998654,0.00036769552621698564
GLN 188,R GLN 188,0.0,0.0,0.0,-0.000839999999999943,0.0005043808085166956,7.133021800050179e-05,-0.002339999999999989,0.0026352229507197143,0.0003726768036784666,0.01551999999999997,0.009128504806374355,0.0012909655301362596,0.0,0.0,0.0,0.012340000000000231,0.007089739064309755,0.0010026405138433192
GLY 189,R GLY 189,0.0,0.0,0.0,-0.0006999999999999918,0.0004582575694955787,6.480740698407785e-05,-0.012479999999999993,0.00664903000444426,0.0009403148408910713,0.005959999999999998,0.003440697603684458,0.00048658812151551687,0.0,0.0,0.0,-0.007219999999999953,0.003879639158478489,0.0005486638315034021
ILE 190,R ILE 190,0.0,0.0,0.0,-0.013340000000000138,0.0072817854953301855,0.0010297999805787634,0.02094000000000004,0.0115315393595131,0.001630805935726258,-0.0255,0.014246754016266298,0.002014795274959716,0.0,0.0,0.0,-0.01790000000000006,0.010111874208078332,0.0014300349646075078
VAL 191,R VAL 191,0.0,0.0,0.0,-0.29674,0.16313820030881812,0.02307122554178692,0.02673999999999989,0.016004761791416917,0.0022634151187972515,-0.07692000000000002,0.04482849094047222,0.006339705986873523,-0.03696148800000001,0.021785746351453177,0.0030809697956645254,-0.38388148800000077,0.2101019346654618,0.0297129005484722
SER 192,R SER 192,0.0,0.0,0.0,-0.23772000000000004,0.13234652092140542,0.018716624481994612,-0.02606000000000004,0.06809887223735796,0.009630634870038426,0.012779999999999996,0.0964825973945561,0.013644699776836428,0.0,0.0,0.0,-0.2510000000000001,0.1500113329052175,0.021214806150422393
TRP 193,R TRP 193,0.0,0.0,0.0,-2.3664199999999997,1.3259883421810312,0.18752306970610305,0.08526000000000007,0.05342501661207045,0.007555438306279793,0.06231999999999995,0.19499583995562567,0.027576576147157927,-0.16288070400000002,0.09305346816963446,0.013159747671135015,-2.381720704,1.352792587266679,0.1913137623990326
GLY 194,R GLY 194,0.0,0.0,0.0,-0.20458,0.1495699287958645,0.021152382182628972,0.05136,0.031630213404275326,0.004473187677708143,-0.060039999999999996,0.035035387824312716,0.004954752062414424,-0.0023820479999999995,0.002289111960061369,0.00032372931797092463,-0.21564204800000006,0.15850052429126424,0.022415359109595207
SER 195,R SER 195,0.0,0.0,0.0,-0.13892000000000004,0.08160608800818725,0.01154084364333908,-0.01363999999999998,0.024689884568381396,0.003491676961003116,0.10293999999999998,0.0688271487132803,0.009733628716979092,0.0,0.0,0.0,-0.049620000000000025,0.04654971106247582,0.006583123270910219
GLY 196,R GLY 196,0.0,0.0,0.0,-0.12616000000000002,0.07156797048959813,0.01012123944979071,0.040119999999999996,0.022706510079710605,0.0032111854508888125,-0.05973999999999996,0.033956330779399635,0.004802150351665393,-0.000869328,0.0015311086084324652,0.00021653145595113888,-0.14664932799999997,0.08271438258181475,0.011697580165051931
CYX 197,R CYX 197,0.0,0.0,0.0,-0.6894999999999999,0.3845547165228899,0.054384249558121184,0.07704000000000001,0.05179187581078714,0.007324477319235821,-0.09957999999999999,0.06671464307031853,0.009434875303892469,-0.04061649599999999,0.027639041662061742,0.003908750756948272,-0.7526564959999998,0.4213642673890577,0.05958990616410086
ALA 198,R ALA 198,0.0,0.0,0.0,-0.037800000000000014,0.02320344801963708,0.0032814630883189894,0.012700000000000012,0.007813449942247015,0.0011049886877249004,-0.00954000000000001,0.007513215024209003,0.0010625290584261673,0.0,0.0,0.0,-0.03463999999999979,0.02181262020024174,0.0030847703318075204
GLN 199,R GLN 199,0.0,0.0,0.0,-0.057819999999999955,0.032714944597232565,0.00462659183416907,-0.01231999999999999,0.04454590441331279,0.0062997422169482455,0.07969999999999988,0.07324431718570391,0.010358310673077924,0.0,0.0,0.0,0.009559999999999179,0.03304673054932926,0.004673513453495072
LYS 200,R LYS 200,0.0,0.0,0.0,-0.003039999999999976,0.0017199999999999854,0.00024324473272817028,-0.02007999999999967,0.042906801325663775,0.00606793803528016,0.005839999999999747,0.043770474066430205,0.006190079805624543,0.0,0.0,0.0,-0.017279999999999518,0.014601424588034819,0.002064953268236682
ASN 201,R ASN 201,0.0,0.0,0.0,-0.0023800000000000045,0.0013548431643552019,0.00019160375779196068,-0.017320000000000065,0.011248893278896352,0.0015908337436702775,0.0279600000000001,0.016232017742720713,0.002295553963643634,0.0,0.0,0.0,0.008259999999998371,0.00487774538080842,0.0006898173671341984
LYS 202,R LYS 202,0.0,0.0,0.0,-0.028259999999999987,0.01574650437398727,0.002226892004566006,-0.2275200000000003,0.13743554707571104,0.01943632146266365,0.2875599999999993,0.16935668395430992,0.0239506519326719,0.0,0.0,0.0,0.03177999999999926,0.031137944697747756,0.004403570369597828
PRO 203,R PRO 203,0.0,0.0,0.0,-0.07462,0.0444503723268996,0.006286231939723512,0.06212000000000001,0.03757480006600168,0.005313879185679705,-0.058339999999999906,0.04378475077010259,0.00619209883642049,0.0,0.0,0.0,-0.07083999999999957,0.05029606744070555,0.007112938070867763
GLY 204,R GLY 204,0.0,0.0,0.0,-0.14696000000000004,0.08802180638909884,0.012448163238004233,-0.003220000000000005,0.011942009881087854,0.0016888552335827954,0.0114,0.01413081738612456,0.001998399359487488,-0.0032875200000000004,0.003238594255043381,0.00045800639185059397,-0.14206752,0.08665369204799521,0.012254682652397644
VAL 205,R VAL 205,0.0,0.0,0.0,-0.10884000000000003,0.06008971958663155,0.008497969639861054,0.0008799999999999031,0.006423830632885754,0.0009084668403414776,-0.01564,0.01977246570359903,0.0027962489159586625,0.0,0.0,0.0,-0.12360000000000015,0.07027318122868792,0.009938128596471285
TYR 206,R TYR 206,0.0,0.0,0.0,-0.13087999999999994,0.0749302715863221,0.010596740630967607,-0.00963999999999988,0.026130258322488834,0.0036953765707976147,-0.03889999999999999,0.0630816138030726,0.00892108737766871,-0.00013593599999999997,0.0005604091497325859,7.925382200297976e-05,-0.17955593599999964,0.11815413898875933,0.016709518580841912
THR 207,R THR 207,0.0,0.0,0.0,-0.011800000000000033,0.006615134163416518,0.0009355212450821238,0.0031400000000000716,0.02274467849849723,0.0032165832804390507,-0.0010999999999999678,0.021812152576029684,0.003084704199757242,0.0,0.0,0.0,-0.009759999999999991,0.012030893566148324,0.001701425284871417
LYS 208,R LYS 208,0.0,0.0,0.0,-0.0024200000000000445,0.0013577923257995313,0.00019202083220318052,0.1637199999999999,0.09048205125879909,0.012796094404153123,-0.15652000000000085,0.08592979460001027,0.012152308093526886,0.0,0.0,0.0,0.0047799999999986655,0.011539999999998562,0.0016320024509783482
VAL 209,R VAL 209,0.0,0.0,0.0,-0.0012200000000000166,0.0007820485918406708,0.00011059837250158576,0.0064000000000000055,0.003492849839314561,0.0004939635614091337,-0.0006200000000000012,0.0027341543482400548,0.00038666781609024556,0.0,0.0,0.0,0.004560000000000144,0.0034994856764960923,0.0004949020105031159
CYX 210,R CYX 210,0.0,0.0,0.0,-0.00038000000000000257,0.00048538644398046717,6.864400920692251e-05,0.0070599999999999795,0.003646422904710878,0.000515682072599002,-0.007219999999999991,0.003790989316787899,0.000536126850661296,0.0,0.0,0.0,-0.000540000000000056,0.0013447676379212286,0.00019017886317886331
ASN 211,R ASN 211,0.0,0.0,0.0,-0.0008399999999999963,0.0005043808085167126,7.13302180005042e-05,0.0037399999999999465,0.011270865095457407,0.0015939410277673394,0.005120000000000009,0.005271204795869668,0.0007454609312364986,0.0,0.0,0.0,0.008019999999999215,0.009694307608076594,0.0013709821297158598
TYR 212,R TYR 212,0.0,0.0,0.0,-0.0026199999999999336,0.0014545102268461337,0.00020569880894161693,-0.0018600000000000528,0.0035100427347825596,0.0004963950040038645,-0.025779999999999983,0.015373080367967919,0.0021740818751831803,0.0,0.0,0.0,-0.03025999999999975,0.01745486751596813,0.0024684910370507706
VAL 213,R VAL 213,0.0,0.0,0.0,-0.00014000000000001124,0.00034698703145797727,4.907137658554512e-05,0.0029000000000000627,0.0015905973720586933,0.00022494443758404079,-0.0013999999999999967,0.001166190378969055,0.0001649242250247057,0.0,0.0,0.0,0.0013600000000000834,0.001338058294694108,0.0001892300187602223
SER 214,R SER 214,0.0,0.0,0.0,-9.999999999999786e-05,0.0002999999999999936,4.242640687119194e-05,0.001600000000000006,0.0036221540552549536,0.0005122499389946261,-0.0018799999999999173,0.0033084135170804033,0.00046788032657935774,0.0,0.0,0.0,-0.000379999999999896,0.0007717512552629236,0.0001091421091971287
TRP 215,R TRP 215,0.0,0.0,0.0,-0.0010600000000001231,0.0007045565981521935,9.963934965662828e-05,-0.005979999999999954,0.003367432256185682,0.0004762268367070422,-0.0070000000000000106,0.00534415568635494,0.0007557777451076452,0.0,0.0,0.0,-0.014039999999999893,0.008604556932230615,0.0012168681111771969
ILE 216,R ILE 216,0.0,0.0,0.0,-0.0005200000000000315,0.0004995998398719024,7.065408693062709e-05,0.007339999999999965,0.0038189527360259234,0.0005400814753349699,-0.005179999999999985,0.002776256472302206,0.00039262195557558644,0.0,0.0,0.0,0.0016400000000000503,0.001212600511297894,0.0001714876088818031
LYS 217,R LYS 217,0.0,0.0,0.0,-0.00014000000000001124,0.00034698703145797727,4.907137658554512e-05,0.10269999999999982,0.05227322450356422,0.007392550304191411,-0.10507999999999981,0.053584266347500895,0.007577959619844799,0.0,0.0,0.0,-0.002519999999998106,0.001802664694281377,0.00025493528590638724
GLN 218,R GLN 218,0.0,0.0,0.0,-2.000000000000668e-05,0.00014000000000004674,1.979898987322994e-05,0.004960000000000004,0.00328609190376659,0.00046472357375111346,-0.004780000000000015,0.0032636789057748933,0.00046155389717778363,0.0,0.0,0.0,0.00016000000000047975,0.0006437390775775178,9.103845341396716e-05
THR 219,R THR 219,0.0,0.0,0.0,-0.00016000000000003566,0.00036660605559654896,5.1845925587274444e-05,0.003759999999999977,0.0025578115645996493,0.00036172918046515696,-0.0005199999999999938,0.0017690675509996756,0.00025018393233778983,0.0,0.0,0.0,0.0030799999999996074,0.0018529975715039701,0.0002620534296665323
ILE 220,R ILE 220,0.0,0.0,0.0,-0.00019999999999999573,0.00039999999999999145,5.656854249492259e-05,0.004720000000000049,0.0024334337878808457,0.0003441395065958025,-0.004100000000000015,0.00209045449603669,0.00029563490998189,0.0,0.0,0.0,0.0004200000000000159,0.0008022468448049764,0.00011345483682942211
ALA 221,R ALA 221,0.0,0.0,0.0,0.0,0.0,0.0,0.0038000000000000013,0.002,0.000282842712474619,-0.0037399999999999834,0.001957651654406353,0.0002768537520063591,0.0,0.0,0.0,6.000000000014438e-05,0.0005800000000001196,8.202438661765643e-05
SER 222,R SER 222,0.0,0.0,0.0,-3.999999999999559e-05,0.00019595917942263265,2.771281292109898e-05,0.00225999999999996,0.0013972830779766634,0.00019760566793490202,-0.002600000000000007,0.0014560219778561195,0.00020591260281974225,0.0,0.0,0.0,-0.0003799999999999226,0.0006896375859828679,9.752948272192132e-05
ASN 223,R ASN 223,0.0,0.0,0.0,-9.999999999998011e-05,0.0002999999999999403,4.2426406871184405e-05,-0.02176000000000002,0.012931450034702455,0.0018287832020226242,0.022200000000000043,0.012924395537122836,0.0018277855454073416,0.0,0.0,0.0,0.00034000000000020234,0.0008627861844054817,0.00012201639234143663
UNK 224,L UNK   1,0.0,0.0,0.0,-17.161739999999998,9.201508930191835,1.3012898723374442,-5.6098599999999985,3.067271712841889,0.43377772557843525,3.3366599999999993,1.8202760077526698,0.25742590174261787,-2.89462536,1.541587673803934,0.21801341958807144,-22.32956536,11.9323838864634,1.687493912367872

Backbone Energy Decomposition:
Residue,Location,Internal,,,van der Waals,,,Electrostatic,,,Polar Solvation,,,Non-Polar Solv.,,,TOTAL,,
,,Avg.,Std. Dev.,Std. Err. of Mean,Avg.,Std. Dev.,Std. Err. of Mean,Avg.,Std. Dev.,Std. Err. of Mean,Avg.,Std. Dev.,Std. Err. of Mean,Avg.,Std. Dev.,Std. Err. of Mean
ILE   1,R ILE   1,0.0,0.0,0.0,-0.011040000000000005,0.006164284224465963,0.0008717614352562281,0.38699999999999873,0.22400285712463647,0.031678787855598356,-0.08199999999999996,0.18365119112055853,0.02597220052286672,0.0,0.0,0.0,0.2939599999999987,0.2242923948777584,0.031719734677326764
VAL   2,R VAL   2,0.0,0.0,0.0,-0.00930000000000002,0.005154609587543943,0.000728971878744303,-0.029400000000000263,0.016329115101560456,0.0023092856038178116,0.03290000000000001,0.02353486774978776,0.0033283329160407014,0.0,0.0,0.0,-0.005800000000000289,0.014017132374347815,0.001982321870938166
GLY   3,R GLY   3,0.0,0.0,0.0,-0.0018800000000000416,0.0010888526071053128,0.00015398701243936363,-0.002739999999999867,0.006464704169564943,0.0009142472313328639,0.02303999999999999,0.013683508322064136,0.0019351403049908214,0.0,0.0,0.0,0.018420000000000963,0.013130255138419878,0.0018568984894172412
GLY   4,R GLY   4,0.0,0.0,0.0,-0.0010800000000000276,0.000716658914686798,0.00010135087567456526,0.0232000000000005,0.012579348154813198,0.001778988476634979,0.015440000000000035,0.01250785353288081,0.0017688776102376272,0.0,0.0,0.0,0.03756000000000048,0.02257180542180852,0.0031921353354768165
TYR   5,R TYR   5,0.0,0.0,0.0,-0.00047999999999998266,0.0004995998398718539,7.065408693062023e-05,-0.01666000000000082,0.009043472784279562,0.001278940186248013,0.00468,0.006223953727334421,0.0008801999772778914,0.0,0.0,0.0,-0.01246000000000115,0.00926544116596817,0.001310331255828217
THR   6,R THR   6,0.0,0.0,0.0,-0.0001399999999999979,0.00034698703145794426,4.907137658554045e-05,0.002120000000000033,0.002294689521482121,0.0003245181042715443,0.010640000000000007,0.0072574375643197665,0.0010263566631536975,0.0,0.0,0.0,0.0126200000000002,0.008228948900072265,0.001163749113855736
CYX   7,R CYX   7,0.0,0.0,0.0,-0.00017999999999998906,0.0003841874542459476,5.43323108288212e-05,0.0032399999999995544,0.0026424231303852027,0.00037369506285191227,0.003040000000000056,0.004019751236084173,0.000568478671543625,0.0,0.0,0.0,0.00609999999999991,0.0051971145840748675,0.0007349829930005684
GLY   8,R GLY   8,0.0,0.0,0.0,-0.00010000000000000231,0.00030000000000000697,4.242640687119384e-05,-0.0008799999999996544,0.0020556264252040535,0.0002907094769696095,0.0056200000000000095,0.0038981534089874044,0.0005512821419200901,0.0,0.0,0.0,0.004640000000000231,0.00339269804138175,0.00047979995831587066
ALA   9,R ALA   9,0.0,0.0,0.0,-7.999999999999118e-05,0.0002712931993249808,3.836665218649753e-05,-0.004499999999999318,0.0015524174696266405,0.00021954498400109172,0.004040000000000009,0.0017315888657530479,0.0002448836458402205,0.0,0.0,0.0,-0.0005399999999991323,0.0012362847568418997,0.00017483706700809385
ASN  10,R ASN  10,0.0,0.0,0.0,-8.000000000000895e-05,0.0002712931993250411,3.836665218650605e-05,0.001020000000000323,0.0021212260605613206,0.0002999866663705072,0.001979999999999984,0.002054166497633531,0.00029050301203257796,0.0,0.0,0.0,0.0029200000000004934,0.0021150886506250332,0.0002991187055335331
THR  11,R THR  11,0.0,0.0,0.0,-8.00000000000023e-05,0.0002712931993250185,3.8366652186502854e-05,-0.002959999999999354,0.0018216476058775038,0.00025761987500964444,0.009000000000000005,0.004878524367060184,0.0006899275324264131,0.0,0.0,0.0,0.005960000000000609,0.0036164070567335765,0.0005114371906694391
VAL  12,R VAL  12,0.0,0.0,0.0,-0.00017999999999999128,0.0003841874542459523,5.433231082882186e-05,-0.00828000000000003,0.005107014783608614,0.0007222409570219199,0.019960000000000006,0.01226859405147956,0.001735041209885227,0.0,0.0,0.0,0.011499999999999915,0.008612200647917147,0.0012179490958162786
PRO  13,R PRO  13,0.0,0.0,0.0,-2.000000000000668e-05,0.00014000000000004674,1.979898987322994e-05,-0.02902000000000001,0.01450584709694651,0.0020514365698212143,0.02729999999999998,0.01368685500763416,0.001935613597803034,0.0,0.0,0.0,-0.0017400000000001104,0.00303848646533128,0.0004297068768358583
TYR  14,R TYR  14,0.0,0.0,0.0,-0.00017999999999999795,0.0003841874542459665,5.433231082882387e-05,-0.010739999999999838,0.006266769502702997,0.0008862550422988674,0.01811999999999999,0.010504551394514658,0.0014855679048767837,0.0,0.0,0.0,0.007199999999999869,0.0064156059729380925,0.0009073036977770886
GLN  15,R GLN  15,0.0,0.0,0.0,-0.0002600000000000069,0.0004386342439892378,6.203224967708493e-05,0.010640000000001919,0.006411739233623003,0.0009067568582589326,0.025440000000000015,0.014412716607218757,0.0020382659296568706,0.0,0.0,0.0,0.03582000000000156,0.020101432784753116,0.002842771886732903
VAL  16,R VAL  16,0.0,0.0,0.0,-0.0007599999999999807,0.0004715930449020637,6.669332800213224e-05,-0.026159999999999854,0.014309940600855263,0.002023731207448291,0.030040000000000035,0.017176681868160702,0.0024291496454520896,0.0,0.0,0.0,0.003119999999999945,0.006263034408337317,0.0008857268201879987
SER  17,R SER  17,0.0,0.0,0.0,-0.000760000000000085,0.00042708313008130047,6.039867548217279e-05,0.003159999999999883,0.0035853033344475705,0.0005070384600797235,0.01227999999999999,0.008129058986131183,0.00114962254675176,0.0,0.0,0.0,0.014679999999999502,0.009491975558332923,0.001342368056830835
LEU  18,R LEU  18,0.0,0.0,0.0,-0.001200000000000072,0.0007745966692414945,0.00010954451150103479,-0.0039199999999991065,0.005764859061590358,0.0008152741870070517,0.00983999999999999,0.00792807668984099,0.0011211993578307124,0.0,0.0,0.0,0.0047199999999996845,0.005173161509175139,0.0007315955166621949
ASN  19,R ASN  19,0.0,0.0,0.0,-0.0005800000000000427,0.0004935585071701591,6.979971346646574e-05,-0.010820000000000505,0.005767807208981971,0.0008156911180095612,0.018459999999999994,0.01004830333937029,0.0014210446861376324,0.0,0.0,0.0,0.007060000000000182,0.004726140074099507,0.0006683771390466507
SER  20,R SER  20,0.0,0.0,0.0,-0.0005000000000000138,0.0005000000000000139,7.071067811865672e-05,0.005020000000001516,0.003957221247288825,0.0005596355957226832,-0.0039400000000000095,0.004356190996730989,0.0006160584387864535,0.0,0.0,0.0,0.0005800000000028227,0.001970685160040132,0.0002786969680496148
GLY  21,R GLY  21,0.0,0.0,0.0,-0.0003000000000000158,0.0004582575694956082,6.480740698408202e-05,0.00595999999999961,0.005145716665343454,0.0007277142296257969,-0.002359999999999989,0.00426970724991771,0.0006038277900196356,0.0,0.0,0.0,0.003299999999999468,0.0020024984394494934,0.00028319604517004315
TYR  22,R TYR  22,0.0,0.0,0.0,-0.0007400000000000428,0.0005219195340280173,7.381056834898681e-05,-0.006859999999999786,0.004947767173179956,0.0006997199439775484,0.01955999999999999,0.011306918236195021,0.0015990397118270674,0.0,0.0,0.0,0.011960000000000082,0.0070596317184408565,0.0009983826921578338
HIE  23,R HIE  23,0.0,0.0,0.0,-0.0019799999999999904,0.001157410903698422,0.00016368261972488088,0.036999999999997896,0.020321417273409376,0.002873882391469842,0.00042000000000002035,0.008156200095632738,0.0011534608792672554,0.0,0.0,0.0,0.035439999999998674,0.02037366928169896,0.0028812719413482783
PHE  24,R PHE  24,0.0,0.0,0.0,-0.01152,0.006416354104941531,0.0009074094996196594,-0.023639999999999047,0.025564631818197993,0.003615384903437036,0.07956,0.05080006299208697,0.007184213805281694,0.0,0.0,0.0,0.04440000000000068,0.026245761562583073,0.0037117111956615455
CYX  25,R CYX  25,0.0,0.0,0.0,-0.006579999999999995,0.0035837968692435662,0.0005068254137274489,0.04165999999999968,0.02278298487907185,0.0032220006207324555,-0.04525999999999998,0.029651853230447493,0.004193405298799532,0.0,0.0,0.0,-0.01017999999999875,0.016055765319660163,0.0022706281069342993
GLY  26,R GLY  26,0.0,0.0,0.0,-0.005259999999999971,0.0029038595007334555,0.00041066774891632173,0.011560000000001765,0.013242597932430118,0.0018727861597096578,0.01653999999999999,0.016261869511221643,0.002299775641231118,0.0,0.0,0.0,0.022840000000001394,0.015693769464344254,0.0022194341621232386
GLY  27,R GLY  27,0.0,0.0,0.0,-0.0016400000000001036,0.0009541488353501926,0.00013493702234747355,0.012559999999999434,0.007925048895747976,0.001120771163083671,0.0014600000000000062,0.006594573526771826,0.0009326135319627289,0.0,0.0,0.0,0.012380000000000098,0.00902416755163603,0.0012762100140650881
SER  28,R SER  28,0.0,0.0,0.0,-0.0004599999999999849,0.0004983974317750682,7.048404074682208e-05,-0.017399999999998528,0.00999599919967934,0.0014136477637657124,0.019720000000000005,0.011464798297397112,0.0016213673242050964,0.0,0.0,0.0,0.0018600000000022598,0.003346699867032575,0.0004732948341149701
LEU  29,R LEU  29,0.0,0.0,0.0,-0.00024000000000002687,0.0004270831300813002,6.0398675482172746e-05,-0.006500000000000625,0.004920365840057434,0.0006958448102846509,0.01407999999999998,0.008724310861036508,0.0012338038742036725,0.0,0.0,0.0,0.007339999999999338,0.004925890782386382,0.0006966261551219437
ILE  30,R ILE  30,0.0,0.0,0.0,-0.00014000000000000235,0.0003469870314579552,4.9071376585542005e-05,-0.0017400000000010608,0.002037743850439654,0.000288180498993413,-0.00010000000000001043,0.002042057785666209,0.00028879058156387234,0.0,0.0,0.0,-0.0019800000000012963,0.0025728583326730227,0.0003638571148130817
ASN  31,R ASN  31,0.0,0.0,0.0,-4.000000000000004e-05,0.00019595917942265444,2.771281292110206e-05,-0.008219999999999743,0.004813688814204927,0.000680758400609227,0.006960000000000035,0.004349528710101846,0.0006151162491757184,0.0,0.0,0.0,-0.0012999999999998967,0.0019104973174556457,0.00027018512172231906
SER  32,R SER  32,0.0,0.0,0.0,-1.9999999999997796e-05,0.0001399999999999846,1.979898987322115e-05,-0.00437999999999974,0.0025681900241221714,0.00036319691628648607,0.0055200000000000075,0.0033599999999999915,0.0004751757569573587,0.0,0.0,0.0,0.001120000000000263,0.001193984924528216,0.00016885496735368193
GLN  33,R GLN  33,0.0,0.0,0.0,-7.999999999999118e-05,0.0002712931993249808,3.836665218649753e-05,-0.0036200000000010846,0.0024239636960990724,0.00034280023337233235,0.006159999999999999,0.003646148653031038,0.0005156432875544887,0.0,0.0,0.0,0.002459999999999383,0.0021467184258774402,0.00030359183124720976
TRP  34,R TRP  34,0.0,0.0,0.0,-9.999999999999786e-05,0.0002999999999999936,4.242640687119194e-05,0.0022600000000008434,0.002095805334471949,0.0002963916328104111,0.009640000000000003,0.005705295785496134,0.0008068506677198693,0.0,0.0,0.0,0.011800000000001188,0.006974238309665859,0.0009863062404751467
VAL  35,R VAL  35,0.0,0.0,0.0,-0.00039999999999996706,0.0004898979485565953,6.928203230274939e-05,0.0013199999999991975,0.002525391058825676,0.0003571442285687022,0.015839999999999996,0.009402893171784948,0.0013297699049083641,0.0,0.0,0.0,0.016759999999999,0.009580313147282818,0.001354860878466863
VAL  36,R VAL  36,0.0,0.0,0.0,-0.0009599999999999964,0.0006311893535223523,8.926365441768167e-05,0.00041999999999859484,0.003795207504208134,0.0005367233924471288,0.0011599999999999744,0.008285795073497764,0.0011717883767984713,0.0,0.0,0.0,0.0006199999999985905,0.008140982741659579,0.001151308820430028
SER  37,R SER  37,0.0,0.0,0.0,-0.003500000000000041,0.0019209372712298885,0.0002716615541441273,0.02337999999999994,0.014321857421437883,0.0020254165003771216,-0.053820000000000034,0.03236336818070705,0.004576871420522979,0.0,0.0,0.0,-0.03393999999999961,0.022008552882914197,0.003112479397522274
ALA  38,R ALA  38,0.0,0.0,0.0,-0.012260000000000009,0.006802381935763404,0.0009620020789998353,0.0387999999999991,0.02563903274306551,0.00362590678313711,-0.06659999999999998,0.04349022878762546,0.006150447138216873,0.0,0.0,0.0,-0.04006000000000046,0.026972141183079834,0.0038144367867353397
ALA  39,R ALA  39,0.0,0.0,0.0,-0.017479999999999975,0.009671070261351606,0.0013676958726266553,0.056980000000001495,0.0335055159637936,0.004738395509030515,-0.07692,0.047431567547362344,0.006707836611009538,0.0,0.0,0.0,-0.03741999999999783,0.026460604679409666,0.003742094600621413
HID  40,R HID  40,0.0,0.0,0.0,-0.06983999999999996,0.04019769147600393,0.005684812046145411,0.10416000000000053,0.060340487237011936,0.008533433541078292,-0.11066,0.07288253837511423,0.01030714742302641,-4.752000000000034e-05,0.00033264000000000237,4.704239993877897e-05,-0.07638751999999978,0.05091973621072288,0.007201138154166468
CYX  41,R CYX  41,0.0,0.0,0.0,-0.020159999999999983,0.011114603006855432,0.0015718422312687734,0.01115999999999957,0.011289570408124467,0.001596586358453558,-0.012040000000000016,0.017543044205610397,0.0024809611040884963,0.0,0.0,0.0,-0.02104000000000064,0.01710083038919423,0.0024184226264240454
TYR  42,R TYR  42,0.0,0.0,0.0,-0.005559999999999978,0.003099419300449671,0.00043832408101768553,-0.0007599999999993657,0.011535267660526996,0.001631333197112104,0.026040000000000018,0.019971940316353885,0.0028244588862293665,0.0,0.0,0.0,0.019720000000001667,0.011271273220006161,0.0015939987452945378
LYS  43,R LYS  43,0.0,0.0,0.0,-0.0012799999999999923,0.0008009993757800411,0.00011327841806805173,0.017240000000001317,0.016916926434787833,0.0023924146797744883,-0.000639999999999965,0.013899294946147438,0.0019656571420265524,0.0,0.0,0.0,0.015320000000000071,0.008654339951722314,0.0012239084933113012
SER  44,R SER  44,0.0,0.0,0.0,-0.00046000000000000706,0.0004983974317750923,7.048404074682548e-05,-0.004599999999999085,0.005827520913733842,0.000824135911121525,0.007459999999999974,0.006603665648713575,0.000933899352178806,0.0,0.0,0.0,0.0024000000000014145,0.0015874507866391184,0.00022449944320648797
GLY  45,R GLY  45,0.0,0.0,0.0,-0.00023999999999999133,0.00042708313008123705,6.0398675482163815e-05,0.006780000000000399,0.004041237434252116,0.0005715172788289191,-0.003320000000000043,0.0027454689945435734,0.0003882679487158346,0.0,0.0,0.0,0.003220000000000347,0.0020908371529122388,0.0002956890258362037
ILE  46,R ILE  46,0.0,0.0,0.0,-0.00032000000000001363,0.0004664761515876439,6.596969000988537e-05,0.0012400000000002366,0.002581162528782697,0.00036503150548937246,0.006520000000000008,0.004085290687331804,0.0005777473496261141,0.0,0.0,0.0,0.007439999999999303,0.004157691667259597,0.0005879863944004128
GLN  47,R GLN  47,0.0,0.0,0.0,-0.00025999999999998024,0.0004386342439891929,6.203224967707859e-05,-0.01106000000000023,0.007075054770106105,0.0010005638410416514,0.01735999999999999,0.010443677513213439,0.0014769590380237364,0.0,0.0,0.0,0.006039999999999934,0.004113198268987075,0.0005816940776731059
VAL  48,R VAL  48,0.0,0.0,0.0,-0.00020000000000000017,0.00040000000000000034,5.6568542494923845e-05,0.007040000000000646,0.004069201395852211,0.0005754719802041726,0.007120000000000011,0.005050306921366241,0.000714221254234285,0.0,0.0,0.0,0.01396000000000135,0.008207216336859622,0.0011606756652916908
ARG  49,R ARG  49,0.0,0.0,0.0,-0.00017999999999998906,0.0003841874542459476,5.43323108288212e-05,0.027700000000001522,0.01503229856010078,0.002125888049733607,-0.013799999999999969,0.009393614852653887,0.001328457752433247,0.0,0.0,0.0,0.013720000000002414,0.007917171211992547,0.0011196570903629695
LEU  50,R LEU  50,0.0,0.0,0.0,-0.0001600000000000179,0.00036660605559650825,5.1845925587268684e-05,0.0045400000000003615,0.0028440112517356692,0.0004022039283746266,0.005699999999999987,0.004021193852576603,0.0005686826883245148,0.0,0.0,0.0,0.010079999999999856,0.006163894872562742,0.000871706372582021
GLY  51,R GLY  51,0.0,0.0,0.0,-0.0001799999999999824,0.0003841874542459333,5.433231082881918e-05,0.014679999999999893,0.008247278338944251,0.0011663412879600811,-0.009560000000000013,0.005636168911592369,0.0007970746514599533,0.0,0.0,0.0,0.0049400000000005126,0.0034606935721048057,0.0004894159784888008
GLU  52,R GLU  52,0.0,0.0,0.0,-0.00021999999999999353,0.00041424630354414745,5.8583274063505524e-05,-0.03421999999999969,0.01786089583419627,0.002525912112485348,0.036519999999999976,0.0193134564488079,0.0027313352046206244,0.0,0.0,0.0,0.0020800000000000905,0.0035147688401940443,0.0004970633762408771
ASP  53,R ASP  53,0.0,0.0,0.0,-0.0001599999999999957,0.00036660605559645735,5.184592558726149e-05,-0.029759999999999138,0.016922836641651222,0.002393250509244752,0.022339999999999992,0.013150832673256849,0.001859808592301906,0.0,0.0,0.0,-0.007579999999999036,0.005415126960652728,0.0007658145989727285
ASN  54,R ASN  54,0.0,0.0,0.0,-0.0001600000000000268,0.0003666060555965285,5.184592558727155e-05,0.00024000000000000909,0.0025811625287835956,0.0003650315054894995,0.018300000000000004,0.01007819428270756,0.0014252719038836015,0.0,0.0,0.0,0.01838000000000011,0.010436263699236462,0.0014759105663962211
ILE  55,R ILE  55,0.0,0.0,0.0,-0.00026000000000002464,0.00043863424398926784,6.203224967708918e-05,0.001039999999998429,0.0026680329833047405,0.00037731684298483134,0.0018599999999999721,0.006177410460702777,0.0008736177653871296,0.0,0.0,0.0,0.0026399999999986833,0.004719152466279511,0.0006673889420718925
ASN  56,R ASN  56,0.0,0.0,0.0,-5.999999999999783e-05,0.00023748684174074977,3.3585711247492113e-05,0.002619999999999152,0.0021623135757796452,0.00030579731849710376,-0.00454,0.003494052088907661,0.0004941335851771257,0.0,0.0,0.0,-0.001980000000000848,0.002121226060560156,0.0002999866663703425
VAL  57,R VAL  57,0.0,0.0,0.0,-5.999999999999783e-05,0.00023748684174074977,3.3585711247492113e-05,-0.005540000000000589,0.002954386569155647,0.0004178133554592834,0.0061799999999999945,0.003427477206342839,0.000484718474993469,0.0,0.0,0.0,0.000579999999999119,0.0009400000000007692,0.0001329360748631797
VAL  58,R VAL  58,0.0,0.0,0.0,-8.000000000000007e-05,0.00027129319932501096,3.836665218650179e-05,0.0019399999999994578,0.0013915459029439088,0.00019679430886079902,-0.0020799999999999573,0.0012781236246936166,0.00018075397644311722,0.0,0.0,0.0,-0.00022000000000043762,0.0006720119046568537,9.503683496418978e-05
GLU  59,R GLU  59,0.0,0.0,0.0,-5.9999999999993395e-05,0.0002374868417407322,3.358571124748963e-05,-0.006319999999999766,0.0032829255245892057,0.00046427578011348623,0.006020000000000021,0.0032649042864990765,0.0004617271921817047,0.0,0.0,0.0,-0.0003600000000000314,0.0006560487786753491,9.277930803809837e-05
GLY  60,R GLY  60,0.0,0.0,0.0,-1.9999999999997796e-05,0.0001399999999999846,1.979898987322115e-05,-4.0000000000759426e-05,0.0011655041827463705,0.00016482718222424872,0.00012000000000000899,0.0010514751542476397,0.0001487010423635354,0.0,0.0,0.0,5.999999999919847e-05,0.000544426303553214,7.699350621976068e-05
ASN  61,R ASN  61,0.0,0.0,0.0,-3.999999999999559e-05,0.00019595917942263265,2.771281292109898e-05,-0.004400000000001114,0.00229782505861394,0.0003249615361852586,0.004680000000000003,0.0024612192100664284,0.00034806895868491383,0.0,0.0,0.0,0.00023999999999899213,0.0006183849933489986,8.745284443621499e-05
GLU  62,R GLU  62,0.0,0.0,0.0,-8.000000000000895e-05,0.0002712931993250411,3.836665218650605e-05,-0.010640000000000783,0.0042509293101634805,0.0006011721883122499,0.0119,0.004721228653645154,0.0006676825593049444,0.0,0.0,0.0,0.001179999999999415,0.0008646386528494282,0.00012227837094116637
GLN  63,R GLN  63,0.0,0.0,0.0,-8.000000000001783e-05,0.00027129319932507124,3.8366652186510314e-05,-0.008399999999998898,0.004626013402486956,0.000654217089351676,0.008399999999999996,0.004698936049788283,0.0006645299090334446,0.0,0.0,0.0,-7.999999999873553e-05,0.001055272476661797,0.00014923806484941587
PHE  64,R PHE  64,0.0,0.0,0.0,-5.999999999999561e-05,0.00023748684174074096,3.358571124749087e-05,0.002420000000000471,0.0020696859665176735,0.0002926977963702561,-4.000000000001336e-05,0.0013410443691392112,0.00018965231345807436,0.0,0.0,0.0,0.002320000000000766,0.0016424372134110773,0.0002322756982552219
ILE  65,R ILE  65,0.0,0.0,0.0,-9.999999999998899e-05,0.00029999999999996696,4.242640687118818e-05,-0.008560000000000798,0.005024579584404194,0.000710582859348738,0.008379999999999992,0.004849288607620705,0.0006857929716758543,0.0,0.0,0.0,-0.000280000000000431,0.0008953211714237276,0.00012661753433072022
SER  66,R SER  66,0.0,0.0,0.0,-0.0001399999999999846,0.00034698703145791124,4.9071376585535784e-05,-0.004320000000000448,0.0021395326592514273,0.0003025756103853542,0.006720000000000006,0.0033168659906604586,0.0004690756868566092,0.0,0.0,0.0,0.002259999999999294,0.0015337535656026408,0.0002169055093813347
ALA  67,R ALA  67,0.0,0.0,0.0,-0.000160000000000009,0.0003666060555964879,5.184592558726581e-05,0.0027200000000010506,0.0025222212432690736,0.0003566959489536653,-0.00024000000000000022,0.002223150917054427,0.0003144010178100554,0.0,0.0,0.0,0.0023200000000019915,0.001528921188289315,0.00021622210802783377
SER  68,R SER  68,0.0,0.0,0.0,-0.00011999999999999567,0.0003249615361854267,4.595650117230257e-05,0.0017599999999998771,0.0014636939570829071,0.00020699758452701902,-0.0004800000000000115,0.0012367699866992555,0.00017490568887260793,0.0,0.0,0.0,0.0011600000000007204,0.0010836973747305391,0.00015325795248520465
LYS  69,R LYS  69,0.0,0.0,0.0,-0.00021999999999998686,0.00041424630354413493,5.858327406350375e-05,0.030059999999999434,0.017364803482906702,0.0024557540593470213,-0.022920000000000017,0.013933901104859463,0.0019705511919257705,0.0,0.0,0.0,0.006919999999999505,0.004293436851753394,0.0006071836624942093
SER  70,R SER  70,0.0,0.0,0.0,-0.0003799999999999981,0.0004853864439804616,6.864400920692173e-05,0.006059999999999661,0.0045449312426033015,0.0006427503403342792,0.006939999999999997,0.005190028901653641,0.0007339809261826917,0.0,0.0,0.0,0.012620000000000018,0.007093348997476949,0.0010031510354877498
ILE  71,R ILE  71,0.0,0.0,0.0,-0.0005399999999999916,0.000498397431775077,7.048404074682333e-05,-0.015839999999999462,0.0088189795328039,0.0012471920461582014,0.016280000000000006,0.009090742543928979,0.0012856251397666454,0.0,0.0,0.0,-0.00010000000000004894,0.0024269322199022884,0.00034322004603460585
VAL  72,R VAL  72,0.0,0.0,0.0,-0.0007200000000000273,0.0004489988864128902,6.349803146555261e-05,0.01978000000000037,0.0108393542243066,0.0015329161751380493,-0.0023200000000000017,0.004518583848950911,0.0006390242561906399,0.0,0.0,0.0,0.016740000000000626,0.009907189308779967,0.0014010881485474358
HID  73,R HID  73,0.0,0.0,0.0,-0.0008600000000000208,0.0006003332407921656,8.489994110716735e-05,-0.007000000000000312,0.006276941930590719,0.0008876936408469754,0.024420000000000025,0.014802824054889011,0.002093435453984673,0.0,0.0,0.0,0.016560000000000644,0.009355554499868331,0.0013230752057234432
PRO  74,R PRO  74,0.0,0.0,0.0,-0.0004600000000000093,0.0004983974317750947,7.048404074682582e-05,-0.03198000000000107,0.017973858795483764,0.002541887487675208,0.02682,0.01535798163822317,0.0021719465923452173,0.0,0.0,0.0,-0.005620000000001413,0.003773009408946455,0.0005335841077093373
SER  75,R SER  75,0.0,0.0,0.0,-0.0011200000000000099,0.000738647412504793,0.00010446051885760723,-0.019800000000000324,0.01077589903442036,0.0015239422561240412,0.025760000000000005,0.014765581600465314,0.0020881685755704676,0.0,0.0,0.0,0.004840000000000988,0.005474888126711436,0.0007742661041270741
TYR  76,R TYR  76,0.0,0.0,0.0,-0.0031999999999999763,0.0018761663039293754,0.0002653299832284325,0.02430000000000078,0.01475703222196005,0.002086959510867267,0.03139999999999996,0.0248282097622845,0.003511239097526682,0.0,0.0,0.0,0.05250000000000152,0.033104229337048936,0.00468164501003639
ASN  77,R ASN  77,0.0,0.0,0.0,-0.027219999999999994,0.017688742182529516,0.0025015659095854303,-0.049499999999999884,0.029792784361318343,0.004213335970463345,0.025219999999999992,0.03809529629757459,0.005387488468665154,0.0,0.0,0.0,-0.05150000000000054,0.044531898679486856,0.006297761507075483
SER  78,R SER  78,0.0,0.0,0.0,-0.22418000000000007,0.16870728377873914,0.023858812879101934,-0.03513999999999953,0.05082676853784842,0.007187990539782336,0.3667,0.2997599206031389,0.042392454517284114,-0.031550831999999994,0.026546342525308,0.0037542197630692207,0.0758291680000002,0.11604109895115143,0.01641068959293967
ASN  79,R ASN  79,0.0,0.0,0.0,-0.37836000000000003,0.24368305316537708,0.03446198787069602,0.029039999999998827,0.033935208854521,0.004799163260402714,0.6600199999999999,0.4217530315243745,0.05964488571537379,-0.10689292799999998,0.06136060528877156,0.008677700019480301,0.20380707199999892,0.24398889105162888,0.0345052398793585
THR  80,R THR  80,0.0,0.0,0.0,-0.36212000000000005,0.25500538347258467,0.03606320717850811,-0.0025,0.02360868484265912,0.003338772229428065,0.26687999999999995,0.24794609414144841,0.035064872907227256,-0.034325136,0.03833162847799587,0.005420910886142852,-0.13206513599999972,0.18055030212241333,0.025533668595207674
LEU  81,R LEU  81,0.0,0.0,0.0,-0.1493,0.10148600888792501,0.014352289016042002,-0.06309999999999888,0.036653649204410756,0.0051836087815343495,0.14751999999999996,0.09094201229354901,0.012861142717503774,0.0,0.0,0.0,-0.06487999999999981,0.0657500235741385,0.009298457506489739
ASN  82,R ASN  82,0.0,0.0,0.0,-0.019759999999999982,0.011925703333556472,0.0016865491395153592,-0.02120000000000033,0.0164474922100603,0.0023260266550493105,0.07265999999999999,0.04378018273145972,0.006191452818200271,0.0,0.0,0.0,0.03170000000000056,0.02166033240742249,0.0030632335856086356
ASN  83,R ASN  83,0.0,0.0,0.0,-0.005840000000000032,0.0032333264604738053,0.000457261413198185,0.018440000000000793,0.013609055808542395,0.0019246111295533,-0.010779999999999991,0.013037315674631797,0.0018437548644003625,0.0,0.0,0.0,0.0018199999999990535,0.007885911488216197,0.0011152362978309144
ASP  84,R ASP  84,0.0,0.0,0.0,-0.01208000000000002,0.00668981315135186,0.0009460824488383695,-0.1652799999999982,0.09004133273114096,0.012733767392252801,0.14656,0.08408927636744193,0.011892019508897575,0.0,0.0,0.0,-0.030799999999997905,0.022610616975217674,0.003197624117997616
ILE  85,R ILE  85,0.0,0.0,0.0,-0.004080000000000004,0.0022435685859808372,0.00031728851224083275,-0.013279999999998893,0.009691315700151358,0.0013705590100393356,0.027840000000000007,0.01851524777041883,0.002618451450762452,0.0,0.0,0.0,0.010480000000000392,0.00989795938564965,0.0013997828403003803
MET  86,R MET  86,0.0,0.0,0.0,-0.0015799999999999814,0.0008738420909981177,0.00012357993364620022,-0.02920000000000158,0.01605988791990871,0.002271211130652673,0.03367999999999999,0.018874787416021416,0.002669298035064651,0.0,0.0,0.0,0.0028999999999985305,0.0034190641994546315,0.00048352869614930486
LEU  87,R LEU  87,0.0,0.0,0.0,-0.0006000000000000005,0.0004898979485566364,6.92820323027552e-05,-0.009459999999999979,0.006753399144135148,0.0009550748661754778,0.017399999999999992,0.009981983770774217,0.0014116656828017024,0.0,0.0,0.0,0.0073399999999996975,0.0047774888801557875,0.0006756389568402964
ILE  88,R ILE  88,0.0,0.0,0.0,-0.0002599999999999936,0.00043863424398921536,6.203224967708176e-05,-0.01137999999999863,0.006276591431660675,0.0008876440728129287,0.015320000000000002,0.008157058293281958,0.0011535822467427276,0.0,0.0,0.0,0.0036800000000004256,0.0026566143867719737,0.0003757020095768408
LYS  89,R LYS  89,0.0,0.0,0.0,-0.00010000000000000009,0.0003000000000000003,4.242640687119289e-05,0.035880000000000224,0.01884955171880772,0.0026657291685390962,-0.026060000000000035,0.013596190642970624,0.0019227917203899227,0.0,0.0,0.0,0.009720000000000279,0.005824225270368353,0.0008236698367671032
LEU  90,R LEU  90,0.0,0.0,0.0,-0.00018000000000000681,0.00038418745424598547,5.433231082882655e-05,-0.002419999999998765,0.001415485782338154,0.00020017991907289083,0.0022399999999999707,0.0014907716122867147,0.00021082694324966772,0.0,0.0,0.0,-0.00035999999999852594,0.0011620671237057294,0.00016434110867325356
LYS  91,R LYS  91,0.0,0.0,0.0,-6.000000000000672e-05,0.00023748684174078493,3.358571124749709e-05,0.02518000000000171,0.013502133164799882,0.0019094899842627552,-0.02447999999999979,0.013095403773843765,0.0018519697621721663,0.0,0.0,0.0,0.0006400000000022033,0.0008187795796182387,0.00011579291860902544
SER  92,R SER  92,0.0,0.0,0.0,-1.9999999999997796e-05,0.0001399999999999846,1.979898987322115e-05,-0.006700000000000159,0.003858756276315134,0.0005457105459857164,0.006500000000000003,0.003910242959203435,0.0005529918625079403,0.0,0.0,0.0,-0.0002200000000001534,0.0006720119046564577,9.503683496413378e-05
ALA  93,R ALA  93,0.0,0.0,0.0,-5.9999999999993395e-05,0.0002374868417407322,3.358571124748963e-05,0.00045999999999949635,0.0010992724866935944,0.00015546060594256788,0.00042000000000002924,0.0008506468127254692,0.00012029962593458047,0.0,0.0,0.0,0.0008199999999992391,0.0007922120928144835,0.00011203570859342156
ALA  94,R ALA  94,0.0,0.0,0.0,-1.9999999999997796e-05,0.0001399999999999846,1.979898987322115e-05,-0.0024199999999999023,0.0013577923257986975,0.00019202083220306261,0.0030200000000000027,0.0015810123339177352,0.00022358890849056014,0.0,0.0,0.0,0.0005800000000003091,0.0006954135460291857,9.83463268252441e-05
SER  95,R SER  95,0.0,0.0,0.0,0.0,0.0,0.0,-0.005199999999998966,0.0029051678092663494,0.0004108527716834204,0.005259999999999978,0.003071221255461701,0.00043433627525224614,0.0,0.0,0.0,6.000000000100036e-05,0.0006452906321970362,9.125787637253572e-05
LEU  96,R LEU  96,0.0,0.0,0.0,0.0,0.0,0.0,0.001320000000001329,0.0017825823964135292,0.0002520952201055546,-0.0008399999999999563,0.0016292329483532765,0.0002304083331826308,0.0,0.0,0.0,0.00048000000000137267,0.0005741080037760434,8.119113252070246e-05
ASN  97,R ASN  97,0.0,0.0,0.0,0.0,0.0,0.0,-0.004639999999999986,0.0031544254627423386,0.00044610312709052413,0.004819999999999984,0.0032353670580013635,0.0004575499972680668,0.0,0.0,0.0,0.00017999999999998906,0.0006225752966513277,8.804544281227607e-05
SER  98,R SER  98,0.0,0.0,0.0,-3.999999999999559e-05,0.00019595917942263265,2.771281292109898e-05,-0.00648000000000053,0.0038845334340181746,0.0005493559865880235,0.007039999999999998,0.0042471637594988145,0.0006006396590302726,0.0,0.0,0.0,0.0005199999999992499,0.0006705221845712509,9.482615672926986e-05
ARG  99,R ARG  99,0.0,0.0,0.0,-6.000000000000227e-05,0.00023748684174076736,3.358571124749461e-05,0.024099999999998546,0.009767804256843126,0.00138137612546332,-0.01949999999999992,0.007658328799418299,0.001083051245324982,0.0,0.0,0.0,0.004539999999998336,0.0025472337937454815,0.0003602332577649931
VAL 100,R VAL 100,0.0,0.0,0.0,-3.999999999999559e-05,0.00019595917942263265,2.771281292109898e-05,0.0034800000000007004,0.0026626302785026034,0.00037655278514436326,0.0016199999999999958,0.0010371113729971315,0.0001466696969383925,0.0,0.0,0.0,0.0050600000000004105,0.0029960640847616375,0.0004237074462408842
ALA 101,R ALA 101,0.0,0.0,0.0,-0.00014000000000001124,0.00034698703145797727,4.907137658554512e-05,-0.00961999999999989,0.005268358378090188,0.0007450583869737066,0.009700000000000007,0.005318834458788857,0.0007521967827636563,0.0,0.0,0.0,-5.999999999998229e-05,0.001579999999998989,0.00022344574285480603
SER 102,R SER 102,0.0,0.0,0.0,-5.9999999999993395e-05,0.0002374868417407322,3.358571124748963e-05,0.0004200000000011528,0.0014154857823376237,0.00020017991907281583,0.004540000000000016,0.0024836263809196206,0.0003512378111764134,0.0,0.0,0.0,0.004900000000001483,0.0030740852297871106,0.0004347413023855744
ILE 103,R ILE 103,0.0,0.0,0.0,-0.00010000000000000231,0.0003000000000000069,4.2426406871193824e-05,-0.00550000000000125,0.003961060464068575,0.0005601785429665644,0.010579999999999985,0.006109304379387225,0.0008639861109994757,0.0,0.0,0.0,0.004979999999999385,0.0032464750114535664,0.00045912089911029824
SER 104,R SER 104,0.0,0.0,0.0,-8.000000000000007e-05,0.00027129319932501096,3.836665218650179e-05,-0.015599999999999455,0.008562709851443214,0.0012109500402576704,0.015580000000000012,0.00851138061656275,0.0012036909902462516,0.0,0.0,0.0,-9.999999999971143e-05,0.0014035668847620143,0.00019849433241281956
LEU 105,R LEU 105,0.0,0.0,0.0,-6.0000000000011155e-05,0.0002374868417408025,3.3585711247499574e-05,0.004460000000000832,0.0029340074982852657,0.0004149313196179378,0.004399999999999997,0.002979932885150257,0.000421426150114108,0.0,0.0,0.0,0.008800000000000417,0.005188448708428761,0.0007337574531137122
PRO 106,R PRO 106,0.0,0.0,0.0,-8.000000000000007e-05,0.00027129319932501096,3.836665218650179e-05,-0.0392999999999995,0.02050682813113658,0.002900103446430746,0.028680000000000073,0.014923055987297063,0.0021104388169288523,0.0,0.0,0.0,-0.010699999999999522,0.006184658438426075,0.0008746427842267362
THR 107,R THR 107,0.0,0.0,0.0,-4.000000000000004e-05,0.00019595917942265444,2.771281292110206e-05,-0.00019999999999953388,0.0015099668870532659,0.00021354156504050118,-0.0003399999999999359,0.0017275416058664893,0.0002443112768580185,0.0,0.0,0.0,-0.0005799999999993944,0.0009184770002559766,0.00012989226304897588
SER 108,R SER 108,0.0,0.0,0.0,-0.00010000000000000231,0.0003000000000000069,4.2426406871193824e-05,-0.0077999999999998695,0.004386342439892319,0.000620322496770841,0.010360000000000006,0.005424979262633193,0.0007672079248808654,0.0,0.0,0.0,0.002459999999999982,0.001791200714604354,0.0002533140343525857
CYX 109,R CYX 109,0.0,0.0,0.0,-0.00020000000000001795,0.00040000000000003585,5.656854249492887e-05,0.0033799999999985174,0.0022968674319603444,0.0003248261073251381,0.006179999999999968,0.003968324583498682,0.00056120584458824,0.0,0.0,0.0,0.009359999999998384,0.005465381962864744,0.0007729217295432607
ALA 110,R ALA 110,0.0,0.0,0.0,-0.0003800000000000203,0.00048538644398048994,6.864400920692574e-05,-0.008799999999999671,0.006183849933496563,0.0008745284443630801,0.014639999999999995,0.009232031195787842,0.001305606372533467,0.0,0.0,0.0,0.005460000000001071,0.003863728768949118,0.0005464137626378945
SER 111,R SER 111,0.0,0.0,0.0,-0.00026000000000000133,0.00043863424398922854,6.203224967708362e-05,-0.014279999999999689,0.007967534122926827,0.0011267794815313541,0.014119999999999988,0.007745037120634079,0.001095313653708378,0.0,0.0,0.0,-0.00041999999999931426,0.0017786511743454938,0.00025153926134902294
ALA 112,R ALA 112,0.0,0.0,0.0,-0.00017999999999999795,0.00038418745424596655,5.433231082882388e-05,0.0005399999999988836,0.0017573844200965939,0.000248531688120378,0.007240000000000033,0.0044567252551621145,0.0006302761299620955,0.0,0.0,0.0,0.007599999999998625,0.00456508488420679,0.0006456004956629652
GLY 113,R GLY 113,0.0,0.0,0.0,-0.00016000000000000015,0.00036660605559646754,5.184592558726293e-05,0.009159999999999115,0.0057038934071375605,0.0008066523414704419,-0.00414000000000001,0.004049740732442089,0.0005727198267914354,0.0,0.0,0.0,0.004859999999999465,0.0033287234790535113,0.0004707525889467229
THR 114,R THR 114,0.0,0.0,0.0,-0.000299999999999998,0.00045825756949558106,6.480740698407818e-05,-0.014800000000000181,0.008518215775619085,0.0012046576277100964,0.01576,0.009860141986807291,0.0013944346524667266,0.0,0.0,0.0,0.0006599999999995276,0.0035699299713021935,0.0005048643382137756
GLN 115,R GLN 115,0.0,0.0,0.0,-0.0002600000000000069,0.0004386342439892378,6.203224967708493e-05,-0.0004400000000009641,0.001856448221739132,0.00026254142530268953,0.022759999999999992,0.0132341376749677,0.001871589698625206,0.0,0.0,0.0,0.02205999999999892,0.012992936542599517,0.0018374787073597227
CYX 116,R CYX 116,0.0,0.0,0.0,-0.0005600000000000405,0.0004963869458396702,7.019971509914205e-05,-0.010440000000000395,0.008010393248773591,0.001132840677235749,0.020159999999999997,0.013214174208023722,0.00186876643805479,0.0,0.0,0.0,0.00916000000000062,0.008762100204859223,0.0012391480944583988
LEU 117,R LEU 117,0.0,0.0,0.0,-0.0009400000000000231,0.0006135144660071215,8.676404785393583e-05,-0.014219999999999686,0.008805203007313708,0.0012452437512391408,0.03904,0.023521870673906875,0.0033264948519425076,0.0,0.0,0.0,0.02388000000000009,0.017798471844515655,0.0025170840272029714
ILE 118,R ILE 118,0.0,0.0,0.0,-0.001900000000000004,0.001100000000000003,0.00015556349186104088,0.017020000000000268,0.009964918464293102,0.001409252284014538,0.0016599999999999681,0.012219017963813522,0.0017280300923305564,0.0,0.0,0.0,0.016779999999999698,0.015410762473024314,0.002179410929586132
SER 119,R SER 119,0.0,0.0,0.0,-0.003100000000000005,0.0017916472867168826,0.00025337718918639723,-0.0390000000000002,0.022763128080296957,0.003219192445319179,0.04640000000000003,0.027820136592044263,0.003934361447554101,0.0,0.0,0.0,0.0042999999999999705,0.010722406446315837,0.0015163772617656558
GLY 120,R GLY 120,0.0,0.0,0.0,-0.0030800000000000606,0.0017645396000090467,0.000249543583367719,0.025640000000000215,0.015393193300937162,0.0021769262734416006,0.01601999999999999,0.015134715061738021,0.002140371930296226,0.0,0.0,0.0,0.0385800000000006,0.02272539548610813,0.003213856250674643
TRP 121,R TRP 121,0.0,0.0,0.0,-0.004040000000000026,0.0022712111306525474,0.0003211977583981564,0.03453999999999894,0.01888725496201041,0.002671061212327366,0.02393999999999998,0.018470960992866624,0.0026121883546176387,0.0,0.0,0.0,0.054439999999998136,0.03239207310438775,0.004580930909760592
GLY 122,R GLY 122,0.0,0.0,0.0,-0.011420000000000008,0.00628677977982369,0.0008890849228279603,0.019560000000000455,0.019232430943589954,0.0027198764677828892,0.030059999999999986,0.04036900296019214,0.0057090391485783345,0.0,0.0,0.0,0.03820000000000106,0.04073917034010507,0.005761388721480432
ASN 123,R ASN 123,0.0,0.0,0.0,-0.015979999999999935,0.008884796002160071,0.0012564999005173028,-0.06606000000000023,0.036926635373399117,0.005222214855786711,0.04151999999999998,0.03280685294263992,0.004639589637026106,0.0,0.0,0.0,-0.040520000000000354,0.028736207126202222,0.004063913384903756
THR 124,R THR 124,0.0,0.0,0.0,-0.0050200000000000045,0.002738539756877744,0.0003872880065274424,-0.01742000000000104,0.010405940611017055,0.001471622234134929,0.07140000000000003,0.04002948912989016,0.005661024642235705,0.0,0.0,0.0,0.04895999999999862,0.029020654713495863,0.004104140348477253
LYS 125,R LYS 125,0.0,0.0,0.0,-0.009619999999999997,0.00557096041989173,0.0007878527781254596,0.0069000000000005455,0.012964952757338777,0.0018335212024954953,0.10065999999999992,0.053771594731791265,0.007604451854012887,0.0,0.0,0.0,0.09794000000000114,0.054957951199076364,0.00777222799459725
SER 126,R SER 126,0.0,0.0,0.0,-0.012239999999999989,0.0072292738224526915,0.0010223737085821383,0.05796000000000163,0.03549645616114396,0.00501995697192718,-0.03521999999999996,0.027615423226885344,0.003905410605813423,0.0,0.0,0.0,0.010500000000001375,0.013303007178830085,0.001881329317264815
SER 127,R SER 127,0.0,0.0,0.0,-0.0041200000000000125,0.0025269744755339538,0.00035736815750707563,-0.017299999999999472,0.02774328747643369,0.0039234933413988165,0.02491999999999999,0.030996025551673547,0.004383499971483972,0.0,0.0,0.0,0.003500000000001482,0.007489325737341796,0.0010591506030778648
GLY 128,R GLY 128,0.0,0.0,0.0,-0.0045400000000000084,0.0027943514453268384,0.0003951809712018075,-0.0018999999999991246,0.01816287422188382,0.002568618305626477,0.014000000000000004,0.019999999999999962,0.002828427124746185,0.0,0.0,0.0,0.007559999999999674,0.010442528429453665,0.001476796533039999
THR 129,R THR 129,0.0,0.0,0.0,-0.002300000000000002,0.0013747727084867532,0.00019442222095223598,0.009200000000000302,0.006864400920691681,0.0009707728879608536,0.045479999999999944,0.027913609583857125,0.003947580524827835,0.0,0.0,0.0,0.05238000000000006,0.03053580848774116,0.004318415450139102
SER 130,R SER 130,0.0,0.0,0.0,-0.002120000000000015,0.0012106196760337323,0.00017120747647226268,-0.007280000000000655,0.006232302945139721,0.0008813807349834377,-0.004399999999999995,0.012526771331831691,0.0017715529910222855,0.0,0.0,0.0,-0.013800000000000891,0.012307721153812045,0.001740574617762723
TYR 131,R TYR 131,0.0,0.0,0.0,-0.001300000000000039,0.0008062257748298581,0.00011401754250991423,0.011419999999999248,0.005709956216994513,0.0008075097522630212,0.03273999999999996,0.020516149736244334,0.002901421720467393,0.0,0.0,0.0,0.0428599999999987,0.02423139286132686,0.0034268364419679045
PRO 132,R PRO 132,0.0,0.0,0.0,-0.000940000000000003,0.000613514466007091,8.676404785393152e-05,-0.008820000000000477,0.014300615371374633,0.0020224124208479163,-0.015559999999999989,0.01537681371416069,0.0021746098500650653,0.0,0.0,0.0,-0.025320000000000686,0.014811401014083904,0.002094648419186407
ASP 133,R ASP 133,0.0,0.0,0.0,-0.0003799999999999848,0.00048538644398044456,6.864400920691933e-05,-0.01919999999999817,0.013619104228986809,0.0019260321908005917,0.010859999999999996,0.010488107550935946,0.0014832423942161281,0.0,0.0,0.0,-0.00871999999999857,0.00614830057820864,0.0008695010063249
VAL 134,R VAL 134,0.0,0.0,0.0,-0.000420000000000007,0.000493558507170131,6.979971346646177e-05,-0.004979999999999336,0.004277803174527702,0.0006049727266579756,0.0278,0.017130090484291094,0.0024225606287562765,0.0,0.0,0.0,0.02240000000000022,0.01420704050814283,0.002009178936779954
LEU 135,R LEU 135,0.0,0.0,0.0,-0.0004599999999999849,0.0004983974317750682,7.048404074682208e-05,0.009339999999999975,0.005479452527396502,0.0007749116078623665,0.034540000000000015,0.020412946872022174,0.0028868266314415205,0.0,0.0,0.0,0.043420000000000895,0.02494320749222126,0.00352750223245855
LYS 136,R LYS 136,0.0,0.0,0.0,-0.0009999999999999343,0.0006633249580710607,9.380831519646586e-05,0.03891999999999896,0.02261489774462658,0.003198229510213163,0.03165999999999988,0.025293169038299704,0.0035769942689358692,0.0,0.0,0.0,0.06957999999999862,0.041813916343723924,0.005913380758922839
CYX 137,R CYX 137,0.0,0.0,0.0,-0.0008800000000000364,0.0005528109984434105,7.81792811427683e-05,0.0016399999999984515,0.0036318590281003696,0.000513622429416671,0.011319999999999992,0.009912497162672932,0.0014018387924436882,0.0,0.0,0.0,0.012079999999997613,0.010588370979522827,0.0014974217842678875
LEU 138,R LEU 138,0.0,0.0,0.0,-0.0012000000000000144,0.0007745966692414752,0.00010954451150103206,-0.018920000000000527,0.010860644548092909,0.0015359270816026405,0.017300000000000017,0.010931148155614754,0.0015458977973980027,0.0,0.0,0.0,-0.002820000000000471,0.00667439884933594,0.0009439025373418266
LYS 139,R LYS 139,0.0,0.0,0.0,-0.000759999999999974,0.0005122499389946249,7.24430811050989e-05,0.06328000000000017,0.0341994385918824,0.0048365309882185915,-0.013459999999999788,0.016027738455565,0.0022666645098028825,0.0,0.0,0.0,0.049060000000000166,0.030093461083762072,0.004255858080340326
ALA 140,R ALA 140,0.0,0.0,0.0,-0.0009399999999999764,0.0006135144660071246,8.676404785393628e-05,-0.010400000000000489,0.006705221845697291,0.0009482615672905465,0.023219999999999984,0.01511858458983511,0.002138090737082969,0.0,0.0,0.0,0.011879999999999882,0.010017265095822288,0.0014166552156398501
PRO 141,R PRO 141,0.0,0.0,0.0,-0.001120000000000032,0.0007386474125047894,0.00010446051885760671,-0.06638000000000005,0.037680175158829515,0.005328781474221049,0.051199999999999975,0.03125507958716477,0.00442013574452189,0.0,0.0,0.0,-0.016300000000000595,0.012742448744257426,0.0018020543831972866
ILE 142,R ILE 142,0.0,0.0,0.0,-0.0008000000000000407,0.00044721359549996647,6.32455532033688e-05,0.005900000000001171,0.004075536774463701,0.0005763679380396863,0.021880000000000007,0.013877521392525407,0.001962577896543219,0.0,0.0,0.0,0.02698000000000132,0.016175895647537738,0.002287617100827979
LEU 143,R LEU 143,0.0,0.0,0.0,-0.0009200000000000097,0.0005946427498927348,8.409518416651377e-05,-0.009579999999999415,0.00556089920786132,0.000786429907874728,0.02756,0.015477932678494243,0.002188910231142428,0.0,0.0,0.0,0.017060000000000443,0.010153639741491591,0.0014359415029867855
SER 144,R SER 144,0.0,0.0,0.0,-0.0006199999999999872,0.00048538644398045416,6.864400920692068e-05,-0.010539999999999168,0.007937783065819597,0.001122572046685756,0.0058400000000000075,0.008144593298624547,0.0011518194302927857,0.0,0.0,0.0,-0.005319999999998766,0.005017728569781088,0.0007096139795691367
ASP 145,R ASP 145,0.0,0.0,0.0,-0.0007200000000000006,0.00044899888641287354,6.349803146555025e-05,-0.024139999999999304,0.01629111414237869,0.002303911456632008,0.01429999999999998,0.012781627439414708,0.0018075950874020374,0.0,0.0,0.0,-0.010559999999998784,0.0067945860801077035,0.0009608995785199758
SER 146,R SER 146,0.0,0.0,0.0,-0.0005600000000000204,0.0004963869458396526,7.019971509913957e-05,0.0028000000000000112,0.003594440151121547,0.0005083306010854489,0.0008199999999999939,0.0036424716882907863,0.0005151232862140855,0.0,0.0,0.0,0.003059999999999716,0.002948965920453308,0.0004170467599681126
SER 147,R SER 147,0.0,0.0,0.0,-0.0012600000000000256,0.0007952358140828401,0.00011246332735607616,0.007839999999999634,0.006789285676711261,0.0009601499882830461,0.010179999999999991,0.00935882471253737,0.001323537683634283,0.0,0.0,0.0,0.016760000000000056,0.010007117467083115,0.0014152201242209634
CYX 148,R CYX 148,0.0,0.0,0.0,-0.002719999999999958,0.0015625619987699405,0.00022097963707092612,0.011020000000000323,0.010350826053991374,0.0014638278587319386,0.009840000000000002,0.010955108397455506,0.001549286287294896,0.0,0.0,0.0,0.01814000000000042,0.01169617031339685,0.0016540882685031398
LYS 149,R LYS 149,0.0,0.0,0.0,-0.0017399999999999905,0.000996192752432982,0.00014088293012285062,0.026340000000000145,0.017960634732659724,0.002540017322775665,-0.0028400000000000604,0.013126096144703496,0.0018563103188852879,0.0,0.0,0.0,0.021759999999999165,0.012983928527221298,0.0018362047816079285
SER 150,R SER 150,0.0,0.0,0.0,-0.0015200000000000235,0.0008997777503361523,0.00012724778976469392,0.014560000000000031,0.008050242232380586,0.0011384761745421286,-0.001959999999999993,0.0042846703490466995,0.0006059438917919705,0.0,0.0,0.0,0.011080000000000255,0.006895911832383401,0.0009752292038285706
ALA 151,R ALA 151,0.0,0.0,0.0,-0.0055000000000000075,0.003138470965295041,0.0004438468204234426,0.03559999999999945,0.020279053232338175,0.0028678912113258596,0.007859999999999992,0.014752640441629416,0.002086338419336613,0.0,0.0,0.0,0.03795999999999905,0.02246771906536213,0.003177415301782368
TYR 152,R TYR 152,0.0,0.0,0.0,-0.007339999999999991,0.004240801810978678,0.0005997399436422429,-0.017820000000000107,0.009969332976683823,0.0014098765903439601,0.02698,0.01774991830967118,0.0025102175204551507,0.0,0.0,0.0,0.0018200000000001637,0.009367368894196891,0.0013247460133925105
PRO 153,R PRO 153,0.0,0.0,0.0,-0.005440000000000009,0.003424383156131914,0.00048428091021637365,0.021419999999999675,0.02105525112650037,0.0029776621702268208,-0.009300000000000001,0.021296243800257374,0.003011743680992792,0.0,0.0,0.0,0.006680000000000557,0.008058386935362481,0.0011396280094839782
GLY 154,R GLY 154,0.0,0.0,0.0,-0.005279999999999996,0.003435345688573418,0.00048583124642204666,-0.0013199999999997658,0.008174203325095528,0.0011560069203945345,0.031239999999999882,0.01870247042505345,0.002644928732499229,0.0,0.0,0.0,0.024640000000000627,0.014480000000000583,0.002047781238316324
GLN 155,R GLN 155,0.0,0.0,0.0,-0.015739999999999997,0.011521822772460957,0.001629431802807346,-0.030540000000000588,0.01902651833625959,0.0026907560275878685,0.07908000000000001,0.04799576647997193,0.006787626389246829,-2.3760000000000447e-05,0.00016632000000000314,2.352119996938976e-05,0.032776240000000144,0.022847814738883747,0.003231168947431729
ILE 156,R ILE 156,0.0,0.0,0.0,-0.005760000000000023,0.0035864188266291584,0.0005071962144969158,0.013620000000000515,0.007947049767052194,0.0011238825561419158,0.01735999999999997,0.0127886824966452,0.0018085928231639055,0.0,0.0,0.0,0.025220000000000263,0.016249664611923856,0.002298049607819685
THR 157,R THR 157,0.0,0.0,0.0,-0.0028400000000000157,0.0017928747864812125,0.00025355078386784976,-0.010580000000000069,0.008097135295892668,0.0011451078551821296,0.0241,0.014422551785311773,0.0020396568338816204,0.0,0.0,0.0,0.01068000000000119,0.010848852473879792,0.0015342594304745705
SER 158,R SER 158,0.0,0.0,0.0,-0.0010400000000000298,0.0006916646586316354,9.781615408510157e-05,-0.010600000000000023,0.006244997998397829,0.0008831760866327042,0.019040000000000012,0.011728529319569447,0.00165866452304256,0.0,0.0,0.0,0.007399999999999836,0.007194442299441949,0.001017447787358148
ASN 159,R ASN 159,0.0,0.0,0.0,-0.0022799999999999843,0.0012812493902437528,0.00018119602644649734,-0.02523999999999944,0.014460373439161345,0.0020450056234641648,0.03174,0.018703807099090815,0.0026451177667544405,0.0,0.0,0.0,0.004220000000000453,0.008400690447815131,0.0011880370364598268
MET 160,R MET 160,0.0,0.0,0.0,-0.003099999999999956,0.0017578395831246876,0.00024859605789312006,0.01732000000000056,0.009974848369775108,0.0014106565847151113,0.034400000000000014,0.022055384830013743,0.0031191024349963253,0.0,0.0,0.0,0.04862000000000199,0.0283738541618874,0.004012668937253745
PHE 161,R PHE 161,0.0,0.0,0.0,-0.006300000000000012,0.003430743359681698,0.0004851803788283295,-0.037639999999999535,0.021721657395327786,0.0030719062485694395,0.024060000000000012,0.0161572398632935,0.002284978774518488,0.0,0.0,0.0,-0.019879999999999967,0.011992731131814722,0.0016960283016506418
CYX 162,R CYX 162,0.0,0.0,0.0,-0.005519999999999952,0.0030082553083140957,0.00042543154560986505,0.0011599999999998545,0.007877461520058231,0.0011140412918738526,-0.022380000000000025,0.031193518557546533,0.004411429700221913,0.0,0.0,0.0,-0.02673999999999867,0.030237599111039997,0.00427624227564334
ALA 163,R ALA 163,0.0,0.0,0.0,-0.014579999999999958,0.008487850140053108,0.001200363278345348,-0.056439999999998915,0.03495663599375582,0.004943614871730897,0.11567999999999998,0.07347664663006881,0.010391167018193868,0.0,0.0,0.0,0.04466000000000139,0.03654838436921651,0.005168722085777082
GLY 164,R GLY 164,0.0,0.0,0.0,-0.0059999999999999784,0.0035608987629529684,0.0005035871324805664,0.03737999999999886,0.021626733456535104,0.003058481976405991,-0.037579999999999995,0.03424330007461311,0.004842733938592948,0.0,0.0,0.0,-0.006200000000001939,0.02408235868846857,0.003405759827116579
TYR 165,R TYR 165,0.0,0.0,0.0,-0.004180000000000001,0.002380672173987839,0.0003366778876017842,-0.025240000000000578,0.015833584559410075,0.0022392070024898954,0.045080000000000016,0.02820414153985189,0.003988667948074893,0.0,0.0,0.0,0.01565999999999935,0.011537088020814436,0.0016315906349327943
LEU 166,R LEU 166,0.0,0.0,0.0,-0.0017999999999999882,0.0010583005244258182,0.0001496662954709551,0.001640000000000157,0.005509119711895088,0.0007791071813298991,0.004740000000000004,0.006566003350593134,0.0009285730988995995,0.0,0.0,0.0,0.004579999999999238,0.005751834489967216,0.000813432234423697
GLU 167,R GLU 167,0.0,0.0,0.0,-0.001119999999999992,0.0007386474125047836,0.0001044605188576059,-0.008960000000001571,0.009622806243503632,0.0013608703097651332,0.015159999999999986,0.012083641835142274,0.0017088850166117118,0.0,0.0,0.0,0.005079999999998748,0.005233889567043061,0.0007401837609675344
GLY 168,R GLY 168,0.0,0.0,0.0,-0.003079999999999998,0.001730202300310568,0.0002446875558748332,0.01773999999999887,0.01346968448034255,0.0019049010472986828,0.0034400000000000186,0.022357244910766575,0.0031617918970102948,0.0,0.0,0.0,0.018099999999999818,0.019865799757372637,0.002809448344426452
GLY 169,R GLY 169,0.0,0.0,0.0,-0.003399999999999985,0.001959591794226525,0.0002771281292110179,0.00919999999999959,0.008625543461140322,0.001219836054558321,0.007100000000000022,0.013780058055030126,0.0019487944991712217,0.0,0.0,0.0,0.012900000000000116,0.013349531826996422,0.001887908896106962
LYS 170,R LYS 170,0.0,0.0,0.0,-0.008819999999999979,0.004819502048967306,0.0006815805161534484,0.0942400000000012,0.05404167280904683,0.007642646661988334,-0.10337999999999986,0.07830041890053965,0.01107335143486378,0.0,0.0,0.0,-0.01795999999999758,0.04859792588166566,0.006872784588505402
ASP 171,R ASP 171,0.0,0.0,0.0,-0.052260000000000015,0.02918411211601272,0.004127256716028215,-0.0077399999999997245,0.025091679895933323,0.0035484994011553235,-0.03081999999999999,0.0606909185957833,0.008582992019103822,0.0,0.0,0.0,-0.09081999999999969,0.0667058288307691,0.009433628782181187
SER 172,R SER 172,0.0,0.0,0.0,0.04846000000000005,0.3695971433872291,0.05226892927925728,-0.4209199999999987,0.3253189106092657,0.04600704154800641,0.6788599999999999,0.40947376033147725,0.05790833452966854,-0.020514815999999998,0.01403046448176767,0.0019842073156509836,0.2858851840000011,0.4305016790610386,0.06088213131525102
CYX 173,R CYX 173,0.0,0.0,0.0,-0.67304,0.3920335679505007,0.05544191887011124,-0.4508400000000006,0.26859436777415896,0.037984979768324253,0.6262400000000001,0.4332330347515062,0.061268403341363444,-0.059495904,0.03357332794729149,0.004747985571705929,-0.5571359039999989,0.3691101448082081,0.05220005727972649
GLN 174,R GLN 174,0.0,0.0,0.0,-0.40284,0.22657090369242042,0.03204196448409493,0.05177999999999855,0.06968537579722377,0.009855000355149968,0.0008200000000000074,0.10423390811055681,0.014740900650910039,-0.027164016000000003,0.018211456050556313,0.00257548881372583,-0.37740401600000256,0.2333079024546779,0.03299471998602246
GLY 175,R GLY 175,0.0,0.0,0.0,-0.06638000000000002,0.03858024883279004,0.005456071113906045,0.07803999999999946,0.05426783946316684,0.007674631456949641,-0.08792,0.06635053579286303,0.009383382758898837,0.0,0.0,0.0,-0.07626000000000002,0.05259840681997871,0.007438538028403139
ASP 176,R ASP 176,0.0,0.0,0.0,-0.053219999999999955,0.030335648995859627,0.004290108623333445,-0.0983200000000005,0.06017555649929653,0.00851010881246536,0.07659999999999999,0.052309081429518546,0.007397621239290373,0.0,0.0,0.0,-0.07493999999999935,0.04411276912641124,0.0062384876372403916
SER 177,R SER 177,0.0,0.0,0.0,-0.09797999999999998,0.05720576544370326,0.008090116933641929,0.16300000000000067,0.08959799104890656,0.012671069410274682,-0.18098,0.1114672131166829,0.01576384445495451,-0.000610992,0.0018966303411935598,0.00026822403513242427,-0.11657099199999993,0.08610019562121475,0.012176406437049847
GLY 178,R GLY 178,0.0,0.0,0.0,-0.024680000000000063,0.014022039794552053,0.001983015884959076,0.10498000000000018,0.058768185270603894,0.008311076464574279,-0.11384000000000002,0.07241722447042548,0.010241342099549248,0.0,0.0,0.0,-0.03353999999999999,0.03596398754309626,0.0050860758940463775
GLY 179,R GLY 179,0.0,0.0,0.0,-0.00924000000000004,0.005093368237227711,0.0007203110439247772,-0.02283999999999878,0.017337081645997607,0.002451833599573948,0.03699999999999999,0.025748786379167467,0.003641428291206625,0.0,0.0,0.0,0.004920000000001419,0.011509717633374434,0.0016277198776202886
PRO 180,R PRO 180,0.0,0.0,0.0,-0.0027399999999999647,0.0015723867208800495,0.0002223690625963924,-0.09586000000000126,0.05227619343448788,0.007392970174429211,0.10139999999999995,0.055652852577383664,0.007870501889968644,0.0,0.0,0.0,0.002799999999998396,0.010656453443804968,0.0015070500987026461
VAL 181,R VAL 181,0.0,0.0,0.0,-0.0015600000000000102,0.0008979977728257366,0.00012699606293109901,-0.008760000000001185,0.005907825319015164,0.0008354926690282402,0.024739999999999995,0.0155368079089625,0.0021972364460840334,0.0,0.0,0.0,0.014419999999998758,0.012806389030481233,0.0018110969051932592
VAL 182,R VAL 182,0.0,0.0,0.0,-0.000540000000000036,0.0004983974317751179,7.04840407468291e-05,-0.009240000000000066,0.005676477781159829,0.0008027751864625763,0.021180000000000008,0.01223877444844866,0.0017308240811821389,0.0,0.0,0.0,0.011400000000000264,0.008558037158133318,0.0012102892216325038
CYX 183,R CYX 183,0.0,0.0,0.0,-0.00016000000000000015,0.0003666060555964675,5.184592558726292e-05,-0.012439999999999713,0.006657807446899277,0.0009415561587073547,0.001800000000000026,0.003789459064299285,0.0005359104402789707,0.0,0.0,0.0,-0.010800000000000434,0.006982836100039044,0.0009875221516503665
SER 184,R SER 184,0.0,0.0,0.0,-6.000000000000227e-05,0.00023748684174076736,3.358571124749461e-05,-0.003499999999998806,0.002184032966784238,0.0003088689042296217,0.0027599999999999647,0.0022321290285286233,0.000315670714511186,0.0,0.0,0.0,-0.0007999999999985663,0.0013266499161418378,0.00018761663039289163
GLY 185,R GLY 185,0.0,0.0,0.0,-8.000000000000007e-05,0.00027129319932501096,3.836665218650179e-05,0.007979999999999165,0.004965843332204202,0.0007022762989023185,-0.0039200000000000745,0.0034049375912048666,0.00048153089205158996,0.0,0.0,0.0,0.003979999999998967,0.0023789913829178463,0.0003364401878491143
LYS 186,R LYS 186,0.0,0.0,0.0,-0.00012000000000000454,0.0003249615361854507,4.5956501172305965e-05,0.045279999999998495,0.023135289062383647,0.003271823956144488,-0.020019999999999812,0.010748934830949568,0.001520128941899343,0.0,0.0,0.0,0.025139999999998677,0.014111002799235543,0.0019955971537363613
LEU 187,R LEU 187,0.0,0.0,0.0,-0.00033999999999999807,0.00047370877129307784,6.699253689777653e-05,0.004739999999999895,0.004971156807023162,0.0007030277377175486,0.03314000000000004,0.019079842766647752,0.0026982972408539445,0.0,0.0,0.0,0.0375400000000006,0.021326237361522452,0.003015985411105286
GLN 188,R GLN 188,0.0,0.0,0.0,-0.0007800000000000385,0.000460000000000009,6.505382386916365e-05,-0.005240000000000009,0.00411125285040982,0.0005814189539394613,0.03444000000000002,0.019537819735067668,0.0027630649648533404,0.0,0.0,0.0,0.028420000000001097,0.016687827899402093,0.0023600152541882555
GLY 189,R GLY 189,0.0,0.0,0.0,-0.00232000000000002,0.0013332666649999382,0.00018855237999028585,0.0388200000000009,0.021890354040079076,0.00309576355686285,-0.0235,0.020470710783946917,0.00289499568220749,0.0,0.0,0.0,0.013000000000000655,0.01605241414865788,0.0022701541797861733
ILE 190,R ILE 190,0.0,0.0,0.0,-0.012940000000000014,0.007026834280100826,0.0009937444339466772,-0.022220000000000937,0.017915680282924847,0.0025336598035252565,-0.04492000000000004,0.03397813414535881,0.004805233813249878,0.0,0.0,0.0,-0.08008000000000251,0.04758144176041916,0.006729032025485033
VAL 191,R VAL 191,0.0,0.0,0.0,-0.08398,0.04740316023220398,0.006703819209972782,-0.03335999999999842,0.0448190852204735,0.006338375817194916,0.15971999999999997,0.11318304466659314,0.01600649967981758,0.0,0.0,0.0,0.042380000000001555,0.052141687736397616,0.00737394819618364
SER 192,R SER 192,0.0,0.0,0.0,-0.35999999999999993,0.40473937293028456,0.057238791042439036,-1.5044399999999996,0.8140634412624126,0.11512595592654173,2.19558,1.1844371843200467,0.16750471298444114,-0.06268636800000002,0.03564999086611627,0.005041670058133859,0.26845363200000016,0.3945212040534644,0.055793723741617264
TRP 193,R TRP 193,0.0,0.0,0.0,-1.0936599999999999,0.5996278048923352,0.08480017740547485,-0.42114000000000007,0.2874857916489085,0.04065663055394522,0.9849200000000002,0.5465003509605455,0.07728682081700597,-0.12111451199999998,0.06548346712990889,0.009260760732632992,-0.6509945119999988,0.41058898293821006,0.058066050823219195
GLY 194,R GLY 194,0.0,0.0,0.0,-0.8284400000000002,0.5230715882171388,0.07397349341487125,-0.19080000000000097,0.21637624638578204,0.030600222221415535,0.7724799999999999,0.49723765907260076,0.07032002411831212,-0.13825367999999996,0.07724808503313471,0.01092452895212092,-0.3850136800000002,0.38165385115793854,0.05397400524394792
SER 195,R SER 195,0.0,0.0,0.0,-0.26402,0.1575285993081891,0.0222779081603278,0.0745200000000007,0.08474319795712183,0.011984497986982966,0.15597999999999998,0.1446248235953981,0.02045303869844284,-0.006511391999999997,0.012149824511585994,0.0017182446604737977,-0.04003139199999934,0.12457761424903817,0.01761793516390735
GLY 196,R GLY 196,0.0,0.0,0.0,-0.11413999999999999,0.3203891390169149,0.045309866563476,-0.8467600000000002,0.5156036291571285,0.07291736451627989,1.0721800000000001,0.6237774183152189,0.08821544848834581,-0.04293100800000001,0.024643847401733657,0.0034851663224584697,0.06834899199999858,0.3087978174586724,0.04367060614812658
CYX 197,R CYX 197,0.0,0.0,0.0,-0.19515999999999994,0.22572783257719903,0.03192273622357582,0.2007000000000008,0.15183481155518952,0.021472684974171215,-0.19652,0.1533498275186509,0.021686940586445096,-0.015596351999999997,0.010146880005247718,0.0014349855319193703,-0.20657635199999916,0.2490468560008776,0.03522054414228203
ALA 198,R ALA 198,0.0,0.0,0.0,-0.11135999999999997,0.06802022052301808,0.00961951183792609,0.20722000000000038,0.11692789059929116,0.01653610087051951,-0.23411999999999997,0.1480227874349083,0.020933583353071706,0.0,0.0,0.0,-0.13826000000000044,0.10450125549485205,0.014778709280583568
GLN 199,R GLN 199,0.0,0.0,0.0,-0.02742000000000002,0.016237105653410053,0.002296273502873735,-0.05145999999999873,0.03711129747125403,0.0052483300201109796,0.10668,0.06710631564912498,0.00949026617118824,0.0,0.0,0.0,0.02780000000000131,0.02435159132377214,0.003443835071544555
LYS 200,R LYS 200,0.0,0.0,0.0,-0.004239999999999973,0.002354230235129931,0.0003329384327469549,0.035080000000000666,0.02219535086453921,0.003138896621426075,0.02093999999999987,0.02135454050079277,0.003019988079446668,0.0,0.0,0.0,0.05178000000000047,0.03101373244225868,0.004386004103965268
ASN 201,R ASN 201,0.0,0.0,0.0,-0.003739999999999997,0.002066978471102199,0.00029231489869659344,0.014820000000000277,0.010544553096266618,0.0014912249997903462,0.009579999999999995,0.01630103064226308,0.002305313861494785,0.0,0.0,0.0,0.020660000000001455,0.018409356316830758,0.0026034761377820865
LYS 202,R LYS 202,0.0,0.0,0.0,-0.05957999999999997,0.036146418909762015,0.005111875585340474,0.01879999999999967,0.048326390305919224,0.0068343836591166635,0.04233999999999996,0.07585027620252946,0.010726848931536238,-0.00028526399999999997,0.0008086364715395912,0.0001143584665080815,0.0012747359999987396,0.046929577673605505,0.00663684452224545
PRO 203,R PRO 203,0.0,0.0,0.0,-0.14018,0.0847310309154799,0.011982777307452567,0.21210000000000037,0.1307905577631661,0.018496578061901116,-0.25888,0.1556281002904038,0.022009137011704927,-0.00024480000000000004,0.0005887962608576926,8.326836575795156e-05,-0.18720479999999923,0.12685119304538156,0.017939467760798623
GLY 204,R GLY 204,0.0,0.0,0.0,-0.31016,0.19433521142603047,0.027483149164533514,-0.07164000000000044,0.09465764839673524,0.013386613014500682,-0.10100000000000002,0.10679400732250849,0.015102953353566312,-0.016148735999999997,0.01134745041104406,0.0016047718269654662,-0.49894873600000145,0.3072797337626271,0.04345591669295011
VAL 205,R VAL 205,0.0,0.0,0.0,-0.13423999999999997,0.07401420404219725,0.01046718911647249,-0.1519799999999995,0.08660657942673824,0.01224801992160359,0.13719999999999996,0.08407782109450754,0.011890399488663125,-0.0007908479999999999,0.00150242892547235,0.00021247553629046332,-0.14981084799999958,0.08599103661868537,0.012160969022866631
TYR 206,R TYR 206,0.0,0.0,0.0,-0.018840000000000013,0.010239843748807905,0.0014481325906145494,0.036380000000000905,0.02122158335280445,0.0030011850992567152,-0.016279999999999992,0.019795999595877918,0.002799577110922286,0.0,0.0,0.0,0.0012600000000007761,0.015496851293086061,0.002191585727276134
THR 207,R THR 207,0.0,0.0,0.0,-0.006740000000000004,0.003681358444922204,0.0005206227040765708,-0.002939999999998122,0.0067746881847057195,0.0009580855911659592,0.010719999999999981,0.012671290384171596,0.0017919910714063255,0.0,0.0,0.0,0.0010400000000020837,0.009350850228725394,0.0013224099213183008
LYS 208,R LYS 208,0.0,0.0,0.0,-0.0016599999999999948,0.0009509994742374944,0.00013449163542763473,0.08476000000000028,0.04668556950493362,0.00660233655609889,-0.006920000000000073,0.013605645886910373,0.0019241288938114365,0.0,0.0,0.0,0.07617999999999997,0.04226473234269904,0.005977135768911378
VAL 209,R VAL 209,0.0,0.0,0.0,-0.0006399999999999961,0.0004799999999999972,6.788225099390816e-05,0.0008399999999996055,0.00470472103317468,0.0006653480292297593,0.018280000000000015,0.012124421635690491,0.0017146521513123278,0.0,0.0,0.0,0.018479999999999164,0.014586624009687138,0.002062860150373657
CYX 210,R CYX 210,0.0,0.0,0.0,-0.00024000000000001798,0.0004270831300812845,6.0398675482170524e-05,-0.00018000000000043315,0.001505855238726177,0.00021296009015771343,0.004019999999999987,0.0035692576258936713,0.0005047692542142424,0.0,0.0,0.0,0.0035999999999992718,0.0035665109000261024,0.0005043808085168388
ASN 211,R ASN 211,0.0,0.0,0.0,-0.000359999999999987,0.0004799999999999827,6.788225099390612e-05,0.0077600000000001045,0.004747883739098774,0.0006714521576404168,0.0013799999999999813,0.003923722722109711,0.0005548981888599032,0.0,0.0,0.0,0.008779999999999797,0.005721153729799857,0.0008090933197104376
TYR 212,R TYR 212,0.0,0.0,0.0,-0.00028000000000000914,0.0004489988864128877,6.349803146555226e-05,-0.0034799999999995633,0.0031447734417602395,0.0004447381251928047,0.006759999999999988,0.005049990099000179,0.0007141764487855901,0.0,0.0,0.0,0.0030000000000010574,0.0034871191548329944,0.0004931531202375826
VAL 213,R VAL 213,0.0,0.0,0.0,-0.00012000000000001787,0.00032496153618548677,4.595650117231107e-05,-0.0023800000000002795,0.0019275891678471962,0.0002726022743852973,0.0029599999999999848,0.002705254147025729,0.0003825807104389845,0.0,0.0,0.0,0.0004599999999996518,0.002325596697624144,0.0003288890390390146
SER 214,R SER 214,0.0,0.0,0.0,-0.000160000000000009,0.00036660605559648787,5.1845925587265804e-05,-0.0012599999999999057,0.0012134249049697116,0.00017160419575294503,0.0014999999999999924,0.0014999999999999714,0.0002121320343559602,0.0,0.0,0.0,8.000000000023987e-05,0.001110675470151742,0.00015707323132837072
TRP 215,R TRP 215,0.0,0.0,0.0,-0.00012000000000001343,0.00032496153618547473,4.595650117230936e-05,0.006500000000000057,0.003758989225842339,0.0005316013544000577,0.002340000000000015,0.0023376056125873827,0.00033058735608005436,0.0,0.0,0.0,0.008720000000000637,0.00494384465775392,0.0006991652165261366
ILE 216,R ILE 216,0.0,0.0,0.0,-0.00014000000000000235,0.00034698703145795526,4.907137658554201e-05,8.000000000066621e-05,0.0012464349160699513,0.00017627251629214954,0.005820000000000003,0.0037666430677726855,0.0005326837711062733,0.0,0.0,0.0,0.005760000000000813,0.003927136361269122,0.0005553809503395319
LYS 217,R LYS 217,0.0,0.0,0.0,-2.000000000000668e-05,0.00014000000000004674,1.979898987322994e-05,0.03831999999999994,0.01986095667383591,0.002808763428984318,-0.03734000000000009,0.019419176089628475,0.0027462862196063914,0.0,0.0,0.0,0.0009599999999997522,0.0013558761005346472,0.00019174983702736442
GLN 218,R GLN 218,0.0,0.0,0.0,0.0,0.0,0.0,0.001120000000000232,0.0011599999999999428,0.00016404877323527092,0.0005199999999999861,0.0009431860898041342,0.00013338665600426546,0.0,0.0,0.0,0.0016400000000001925,0.0012924395537128608,0.00018277855454081578
THR 219,R THR 219,0.0,0.0,0.0,-9.999999999998899e-05,0.00029999999999996696,4.242640687118818e-05,0.005220000000000198,0.0029818786024922066,0.00042170131609946097,-0.000999999999999992,0.0015231546211727743,0.00021540659228537913,0.0,0.0,0.0,0.004120000000000505,0.0025506077707096015,0.0003607104101631724
ILE 220,R ILE 220,0.0,0.0,0.0,0.0,0.0,0.0,0.0005399999999998784,0.0009210863151730576,0.00013026127590339971,-0.0014199999999999636,0.0014709180806557333,0.000208019229880314,0.0,0.0,0.0,-0.0008800000000000985,0.0011771151175649914,0.0001664692163734811
ALA 221,R ALA 221,0.0,0.0,0.0,-1.9999999999997796e-05,0.0001399999999999846,1.979898987322115e-05,0.00016000000000019555,0.0005425863986517322,7.673330437324545e-05,-0.0003200000000000092,0.0006764613810115333,9.566608594481439e-05,0.0,0.0,0.0,-0.00017999999999990913,0.0005546169849551646,7.843468620460685e-05
SER 222,R SER 222,0.0,0.0,0.0,-1.9999999999997796e-05,0.0001399999999999846,1.979898987322115e-05,0.00045999999999892795,0.0012200000000007678,0.00017253405460962616,8.000000000000673e-05,0.0010166612021711094,0.0001437776060448918,0.0,0.0,0.0,0.0005199999999988814,0.0006079473661431489,8.597674104086428e-05
ASN 223,R ASN 223,0.0,0.0,0.0,-4.000000000000004e-05,0.00019595917942265444,2.771281292110206e-05,-0.0914999999999975,0.04727250786662135,0.006685342175236473,0.0906200000000003,0.04692627835232663,0.006636377927755529,0.0,0.0,0.0,-0.0009199999999962927,0.0009130169768392681,0.0001291200991322975
UNK 224,L UNK   1,0.0,0.0,0.0,0.0,0.0,0.0,0.0,0.0,0.0,0.0,0.0,0.0,0.0,0.0,0.0,0.0,0.0,0.0

